mtllib mountain.mtl
o StationaryMountain
usemtl mountain
v -45.56257031 161.54491760 -101.44760765
v -39.46868174 162.00543326 -99.06984918
v -51.59929980 156.34404387 -96.39524419
v -45.46738916 157.65014224 -89.69456039
v -39.39859600 157.80904635 -88.87933371
v -33.36673506 156.95451610 -93.26333509
v -27.41704717 152.80711865 -114.54075152
v -57.75065215 149.06323065 -101.99267627
v -51.52137041 151.90063005 -87.52829758
v -45.41159619 152.93718225 -82.24420418
v -39.34732852 153.16900053 -81.06245039
v -33.31010332 152.69595957 -83.47389929
v -27.29318730 151.28831003 -90.64975758
v -57.64091045 145.00535118 -91.17616057
v -51.45822803 147.19417112 -80.08846250
v -45.35944189 148.16037796 -75.19403989
v -39.30108076 148.41962265 -73.88080859
v -33.26721943 148.05384164 -75.73371085
v -27.24959180 146.94296869 -81.36095486
v -21.25003535 144.36357866 -94.42712694
v -69.88119873 137.60507094 -97.30326258
v -63.60309580 140.72221453 -81.61206865
v -57.45975732 142.19112133 -74.21783070
v -51.36640312 143.05036327 -69.89254648
v -45.30254150 143.49992566 -67.62952251
v -39.25786465 143.60834225 -67.08377102
v -33.22558916 143.38989091 -68.18341955
v -27.20049082 142.81525442 -71.07604621
v -21.17809600 141.78677218 -76.25325856
v -15.15468896 140.00127751 -85.24114838
v -75.82293457 133.44773945 -87.11424688
v -69.58919531 135.83380464 -75.17807937
v -63.45062227 137.19316661 -68.37794157
v -57.35794775 138.04913566 -64.09600075
v -51.29419629 138.55042193 -61.58834215
v -45.25011914 138.75668184 -60.55653764
v -39.21948164 138.68850308 -60.89759837
v -33.19747148 138.33918267 -62.64505559
v -27.17995078 137.67156703 -65.98476824
v -21.16306787 136.59267641 -71.38186268
v -15.14320020 134.84578712 -80.12058585
v -9.13236943 129.78514183 -105.43620173
v -81.99077080 126.29522711 -91.92496685
v -75.65337891 129.76735580 -74.66351840
v -69.48031143 131.49422086 -66.07852779
v -63.36758408 132.60526351 -60.55505584
v -57.29102842 133.32425279 -56.98065020
v -51.23897285 133.73855783 -54.92096121
v -45.20409521 133.88680603 -54.18395554
v -39.18106055 133.78113464 -54.70929356
v -33.16552207 133.41297051 -56.53959613
v -27.15359941 132.74908063 -59.84007893
v -21.14152236 131.71307719 -64.99049863
v -15.12534521 130.11789197 -72.92085198
v -9.10174131 127.20976144 -87.37842248
v -81.83535996 122.28126270 -81.15266624
v -75.57246094 124.94073974 -68.01277670
v -69.41674922 126.52134855 -60.20333713
v -63.31264365 127.59023623 -54.92219884
v -57.24138164 128.31242097 -51.35404331
v -51.19297324 128.75989838 -49.14315612
v -45.16086182 128.96735814 -48.11814324
v -39.14014863 128.94865672 -48.21054281
v -33.12676963 128.70263135 -49.42609989
v -27.11705977 128.21242169 -51.84811771
v -21.10741787 127.43888073 -55.67001301
v -15.09393750 126.30041991 -61.29489686
v -9.07176357 124.60246697 -69.68410783
v -3.03309375 121.56867091 -84.67342510
v -87.88525049 116.51227913 -79.11370399
v -81.60620273 119.19843969 -65.92334769
v -75.43788574 120.84079991 -57.85855929
v -69.32272998 121.99980914 -52.16725965
v -63.24163945 122.83989832 -48.04201269
v -57.18463213 123.43514425 -45.11906535
v -51.14531016 123.82433976 -43.20792587
v -45.11901270 124.02844079 -42.20569045
v -39.10201699 124.05729175 -42.06401820
v -33.09111738 123.91225721 -42.77620842
v -27.08336514 123.58641684 -44.37624329
v -21.07585020 123.06310336 -46.94596726
v -15.06548877 122.31054174 -50.64141126
v -9.04867910 121.26966549 -55.75262048
v -3.02059014 119.81785804 -62.88170197
v -94.07926318 109.17126072 -84.75536712
v -87.68673926 112.89728497 -66.57032997
v -81.48127764 114.85681783 -57.00673735
v -75.34344727 116.22457903 -50.33131429
v -69.24645938 117.23596348 -45.39520475
v -63.17783965 117.98793311 -41.72518146
v -57.13009805 118.53048852 -39.07721421
v -51.09804551 118.89186532 -37.31349767
v -45.07771729 119.08804410 -36.35603788
v -39.06584678 119.12686809 -36.16655558
v -33.05956113 119.00990592 -36.73739493
v -27.05619111 118.73254972 -38.09104498
v -21.05310293 118.28323071 -40.28396763
v -15.04753271 117.64057608 -43.42047384
v -9.03634980 116.76713443 -47.68334704
v -3.01562021 115.59466965 -53.40561672
v 3.02045156 113.97788592 -61.29640602
v 9.08377295 111.47717021 -73.50126703
v -100.12464580 103.50451218 -82.19027350
v -93.70145977 107.35932609 -63.49074798
v -87.48024170 109.40166451 -53.58345799
v -81.33165703 110.84109350 -46.60085397
v -75.22695557 111.91999962 -41.36712987
v -69.15285791 112.73867054 -37.39579476
v -63.10147061 113.34927165 -34.43379680
v -57.06739248 113.78178076 -32.33571492
v -51.04655244 114.05394792 -31.01544451
v -45.03564404 114.17583148 -30.42419298
v -39.03182842 114.15157310 -30.54186926
v -33.03252949 113.98028529 -31.37277857
v -27.03528193 113.65614998 -32.94514409
v -21.03761953 113.16674215 -35.31923902
v -15.03691113 112.49086037 -38.59791053
v -9.03015088 111.59280736 -42.95432451
v -3.01356826 110.40868300 -48.69845749
v 3.01832227 108.80851760 -56.46078643
v 9.07614053 106.43287303 -67.98492931
v -99.86542822 100.25115178 -68.00301116
v -93.56864414 102.91945076 -55.13726922
v -87.38161055 104.67457914 -46.67456361
v -81.25136104 105.97773419 -40.39113859
v -75.15864258 106.98116060 -35.55291567
v -69.09319043 107.75775730 -31.80839799
v -63.04846201 108.34818899 -28.96151244
v -57.01979414 108.77675532 -26.89509342
v -51.00354609 109.05882952 -25.53501574
v -44.99673047 109.20323882 -24.83871717
v -38.99674365 109.21424805 -24.78563397
v -33.00120850 109.09225393 -25.37385322
v -27.00786270 108.83368591 -26.62059111
v -21.01445596 108.43031186 -28.56554046
v -15.01862549 107.86834546 -31.27517484
v -9.01776270 107.12497480 -34.85948647
v -3.00876182 106.16320492 -39.49685403
v 3.01244180 104.91737719 -45.50386382
v 9.05205586 103.25508336 -53.51894894
v 15.12286670 100.81034108 -65.30676713
v -106.17151904 91.88633208 -78.46766967
v -99.74785605 95.56692330 -60.82739003
v -93.51940137 97.57834540 -51.18707786
v -87.36042129 99.05149961 -44.12656753
v -81.24349043 100.21262604 -38.56153907
v -75.15620361 101.15579188 -34.04114869
v -69.09132393 101.93127270 -30.32443639
v -63.04405078 102.56899446 -27.26797359
v -57.01086563 103.08850876 -24.77805365
v -50.98902305 103.50308276 -22.79108988
v -44.97626953 103.82189377 -21.26309753
v -38.97068145 104.05112646 -20.16443469
v -32.97053848 104.19516998 -19.47406519
v -26.97427354 104.25651815 -19.18003662
v -20.98041094 104.23606876 -19.27804614
v -14.98751221 104.13362230 -19.76904994
v -8.99414824 103.94738320 -20.66165373
v -2.99885244 103.67395988 -21.97211275
v 2.99992646 103.30826490 -23.72480986
v 9.00388213 102.84261729 -25.95655838
v 15.01493848 102.26594445 -28.72042690
v 21.03538008 101.56228588 -32.09291064
v -105.92014453 88.43432759 -65.38563097
v -99.62277187 90.97453252 -53.28359715
v -93.42884443 92.69980519 -45.06406020
v -87.28828096 94.03291116 -38.71288227
v -81.18317549 95.11380247 -33.56330437
v -75.10417236 96.01009752 -29.29317917
v -69.04546318 96.76012012 -25.71992463
v -63.00299004 97.38824899 -22.72739566
v -56.97370986 97.91083696 -20.23768420
v -50.95520566 98.33932098 -18.19630243
v -44.94547705 98.68172696 -16.56501327
v -38.94278730 98.94407435 -15.31513893
v -32.94560479 99.13037611 -14.42756085
v -26.95252324 99.24344131 -13.88889608
v -20.96222461 99.28497547 -13.69101922
v -14.97344971 99.25537987 -13.83201843
v -8.98495576 99.15425323 -14.31380556
v -2.99549326 98.98029133 -15.14259413
v 2.99622158 98.73088574 -16.33081120
v 8.99154492 98.40212383 -17.89709733
v 14.99194775 97.98848778 -19.86774051
v 20.99907305 97.48235295 -22.27906597
v 27.01482891 96.87278403 -25.18317171
v 33.04152070 96.14443143 -28.65318615
v 39.08208662 95.27472224 -32.79665104
v 45.14055908 94.22814176 -37.78276545
v 51.22305527 92.94389360 -43.90117520
v 57.34050264 91.30008406 -51.73260585
v 63.51977461 88.96122949 -62.87536708
v -112.20857754 80.34160238 -74.42075703
v -105.77900977 83.92559348 -57.44722246
v -99.54370723 85.91665481 -48.01769339
v -93.37699512 87.40263591 -40.98018939
v -87.25181572 88.60036009 -35.30785030
v -81.15605156 89.60033014 -30.57206118
v -75.08274902 90.45087473 -26.54394068
v -69.02736416 91.18105162 -23.08587329
v -62.98662480 91.81013175 -20.10659318
v -56.95802373 92.35163505 -17.54207091
v -50.93956201 92.81514654 -15.34691248
v -44.92956885 93.20782976 -13.48719184
v -38.92660459 93.53513304 -11.93710608
v -32.92939805 93.80119308 -10.67706412
v -26.93680313 94.00903671 -9.69273099
v -20.94776045 94.16088364 -8.97359442
v -14.96126953 94.25844908 -8.51153125
v -8.97637764 94.30254018 -8.30271883
v -2.99215137 94.29376232 -8.34429018
v 2.99233096 94.23191370 -8.63720096
v 8.97799922 94.11638896 -9.18431816
v 14.96580469 93.94607825 -9.99089792
v 20.95674082 93.71906457 -11.06601905
v 26.95185615 93.43302733 -12.42067168
v 32.95229180 93.08443522 -14.07157990
v 38.95930898 92.66874794 -16.04024615
v 44.97432715 92.18021450 -18.35390682
v 50.99901387 91.61076329 -21.05078845
v 57.03536895 90.94969945 -24.18154118
v 63.08591133 90.18188874 -27.81783976
v 69.15395625 89.28553783 -32.06289582
v 81.36415986 86.94588439 -43.14333310
v 87.52740352 85.32762998 -50.80727435
v 93.76883936 83.04952246 -61.59623436
v -118.24817520 74.66022903 -71.98057502
v -111.79237090 78.32761213 -54.71459322
v -105.54314941 80.36991755 -45.09945152
v -99.36651270 81.89799384 -37.90529244
v -93.23370791 83.13354397 -32.08834190
v -87.13193584 84.16890191 -27.21389307
v -81.05390771 85.05307567 -23.05121696
v -74.99482910 85.81620062 -19.45843672
v -68.95130918 86.47775822 -16.34383398
v -62.92075166 87.05154782 -13.64244158
v -56.90109053 87.54751309 -11.30744492
v -50.89061396 87.97306103 -9.30397194
v -44.88785156 88.33397520 -7.60479372
v -38.89152744 88.63441569 -6.19032460
v -32.90048760 88.87773090 -5.04480046
v -26.91367910 89.06635598 -4.15675652
v -20.93011348 89.20232028 -3.51663878
v -14.94886377 89.28663843 -3.11967024
v -8.96902646 89.32032510 -2.96107391
v -2.98972412 89.30348177 -3.04037208
v 2.98991865 89.23610842 -3.35756475
v 8.97078340 89.11749479 -3.91599582
v 14.95377393 88.94652477 -4.72091999
v 20.93982803 88.72167636 -5.77950277
v 26.92993975 88.44061584 -7.10273123
v 32.92517959 88.10029925 -8.70493638
v 38.92671885 87.69687088 -10.60427081
v 44.93587939 87.22505449 -12.82557491
v 50.95417471 86.67815335 -15.40037686
v 56.98339541 86.04723845 -18.37071426
v 63.02575371 85.31982949 -21.79534417
v 69.08406680 84.47867727 -25.75547557
v 75.16217285 83.49790798 -30.37292189
v 81.26569424 82.33642795 -35.84115158
v 87.40390430 80.92087733 -42.50554157
v 93.59544521 79.09215760 -51.11512518
v 99.89890840 76.31047025 -64.21126537
v -117.89700381 71.88774153 -55.93841736
v -111.59368740 74.30989131 -44.60190820
v -105.38812061 76.03615005 -36.52241279
v -99.23604346 77.40711662 -30.10580915
v -93.12036416 78.54605148 -24.77519515
v -87.03191982 79.51499302 -20.24020943
v -80.96498965 80.34996023 -16.33227049
v -74.91559570 81.07421750 -12.94249284
v -68.88077285 81.70378461 -9.99589828
v -62.85820078 82.25008969 -7.43899921
v -56.84597197 82.72180586 -5.23120235
v -50.84250264 83.12505533 -3.34385362
v -44.84639355 83.46493994 -1.75307462
v -38.85640840 83.74533709 -0.44071776
v -32.87143857 83.96889974 0.60563373
v -26.89044434 84.13797474 1.39696390
v -20.91245830 84.25399059 1.93995872
v -14.93654883 84.31817174 2.24034899
v -8.96181855 84.33102838 2.30052256
v -2.98738330 84.29256050 2.12047942
v 2.98764170 84.20256404 1.69926445
v 8.96415205 84.06012065 1.03257952
v 14.94306885 83.86400590 0.11469383
v 20.92535361 83.61238313 -1.06298886
v 26.91202852 83.30270142 -2.51240774
v 32.90420010 82.93159354 -4.24932255
v 38.90308271 82.49487600 -6.29331358
v 44.91005713 81.98673269 -8.67160222
v 50.92670244 81.40002103 -11.41761821
v 56.95491768 80.72474143 -14.57816323
v 62.99703457 79.94752705 -18.21579868
v 69.05607598 79.04919499 -22.42030734
v 75.13620117 78.00086881 -27.32684097
v 81.24359326 76.75612177 -33.15269299
v 87.38872178 75.22985518 -40.29615512
v 93.59363789 73.22881131 -49.66174115
v 99.93915615 69.98638763 -64.83741945
v -124.25470811 63.33402936 -66.96783242
v -117.76151689 67.21342238 -48.91692488
v -111.49362480 69.37957415 -38.83776943
v -105.30445898 71.00549623 -31.27231554
v -99.16276025 72.32472380 -25.13391842
v -93.05465566 73.43463161 -19.96949113
v -86.97226025 74.38713916 -15.53745096
v -80.91045703 75.21364442 -11.69170244
v -74.86558594 75.93518197 -8.33437114
v -68.83490537 76.56611690 -5.39861599
v -62.81621719 77.11722301 -2.83430621
v -56.80773633 77.59619589 -0.60563407
v -50.80792822 78.00919200 1.31604661
v -44.81545605 78.36103390 2.95317531
v -38.82914268 78.65521026 4.32198487
v -32.84790996 78.89459409 5.43584351
v -26.87076387 79.08134016 6.30477737
v -20.89677187 79.21698758 6.93594802
v -14.92503955 79.30287025 7.33556211
v -8.95470908 79.33960382 7.50648427
v -2.98493789 79.32739350 7.44966936
v 2.98511279 79.26613668 7.16463996
v 8.95628672 79.15542294 6.64948631
v 14.92944287 78.99443142 5.90038892
v 20.90547539 78.78152038 4.90970882
v 26.88531328 78.51515071 3.67028447
v 32.86995938 78.19255201 2.16922508
v 38.86049121 77.81064604 0.39220758
v 44.85810498 77.36522589 -1.68034293
v 50.86414277 76.85105856 -4.07277569
v 56.88015527 76.26126933 -6.81707892
v 62.90799785 75.58652091 -9.95669932
v 68.94992783 74.81460296 -13.54845179
v 75.00884033 73.92827739 -17.67254561
v 81.08867285 72.90189228 -22.44833984
v 87.19510430 71.69584103 -28.06012484
v 93.33739746 70.24024778 -34.83303466
v 99.53343018 68.39074347 -43.43882201
v 105.83362207 65.71032176 -55.91088765
v -123.93965273 60.13444517 -53.08514120
v -117.58759365 62.89973615 -40.29290639
v -111.35684766 64.80926341 -31.45943414
v -105.18806689 66.31350493 -24.50081352
v -99.06039580 67.56134751 -18.72829429
v -92.96316328 68.62439714 -13.81062722
v -86.88983115 69.54382208 -9.55736785
v -80.83594336 70.34582972 -5.84728087
v -74.79822510 71.04837314 -2.59731531
v -68.77416650 71.66393696 0.25028264
v -62.76170742 72.20221997 2.74037962
v -56.75915830 72.67013515 4.90495500
v -50.76504141 73.07346049 6.77073784
v -44.77808057 73.41632314 8.35682031
v -38.79712002 73.70212800 9.67895346
v -32.82110713 73.93345453 10.74906989
v -26.84906104 74.11236630 11.57671569
v -20.88006006 74.24030783 12.16857313
v -14.91322119 74.31831089 12.52941524
v -8.94768838 74.34699455 12.66210586
v -2.98262109 74.32646200 12.56712229
v 2.98281914 74.25671324 12.24446452
v 8.94947520 74.13723236 11.69174605
v 14.91821045 73.96688441 10.90371651
v 20.88991611 73.74443124 9.87464825
v 26.86553262 73.46780928 8.59499520
v 32.84605371 73.13474860 7.05425665
v 38.83257041 72.74174113 5.23620424
v 44.82627100 72.28486607 3.12270043
v 50.82849756 71.75886132 0.68940268
v 56.84080635 71.15671072 -2.09614571
v 62.86502988 70.46943774 -5.27547022
v 68.90340000 69.68507365 -8.90393815
v 74.95876465 68.78680033 -13.05935012
v 81.03495498 67.74995808 -17.85578188
v 87.13744131 66.53678353 -23.46792683
v 93.27492217 65.08258365 -30.19505483
v 99.46366611 63.25755970 -38.63761478
v 105.74545898 60.70481674 -50.44660256
v -130.12699893 53.07814395 -57.08520341
v -123.66850020 56.58560563 -40.95343009
v -117.39658887 58.75853660 -30.95952764
v -111.20234736 60.42299094 -23.30424798
v -105.05658105 61.78719402 -17.02990576
v -98.94568535 62.94254923 -11.71611194
v -92.86171699 63.93937509 -7.13143782
v -86.79945820 64.80858898 -3.13368596
v -80.75517275 65.57083706 0.37210096
v -74.72601563 66.24074803 3.45320429
v -68.70972832 66.82900808 6.15877281
v -62.70444756 67.34370970 8.52602596
v -56.70859863 67.79097409 10.58311694
v -50.72079990 68.17578124 12.35295003
v -44.73983496 68.50186614 13.85270344
v -38.76460225 68.77213376 15.09573801
v -32.79407871 68.98907411 16.09350587
v -26.82732129 69.15424343 16.85316461
v -20.86342617 69.26899045 17.38091748
v -14.90152441 69.33435268 17.68153620
v -8.94077666 69.35064136 17.75645230
v -2.98035088 69.31806400 17.60662011
v 2.98058174 69.23630934 17.23060812
v 8.94285879 69.10485863 16.62603046
v 14.90733838 68.92257064 15.78763824
v 20.87490850 68.68809661 14.70922822
v 26.84650342 68.39946531 13.38173411
v 32.82311807 68.05418675 11.79370377
v 38.80583027 67.64904468 9.93034486
v 44.79583008 67.17988913 7.77257046
v 50.79445605 66.64142886 5.29604479
v 56.80324424 66.02692017 2.46975161
v 62.82399990 65.32764807 -0.74639156
v 68.85894082 64.53157763 -4.40773675
v 74.91084961 63.62252390 -8.58872287
v 80.98342822 62.57703949 -13.39719093
v 87.08195332 61.35891580 -18.99967416
v 93.21460840 59.90808183 -25.67245548
v 99.39621270 58.10781931 -33.95235404
v 105.66215625 55.65995197 -45.21076383
v -129.77882490 50.06405816 -42.53925268
v -123.45465557 52.56482893 -31.10363134
v -117.23073223 54.40681580 -22.68052246
v -111.06437783 55.89390437 -15.88030629
v -104.93795361 57.14470704 -10.16058745
v -98.84176436 58.22087720 -5.23943487
v -92.76967969 59.15903136 -0.94940722
v -86.71742842 59.98305890 2.81873782
v -80.68182187 60.70965111 6.14132678
v -74.66036865 61.35090916 9.07369639
v -68.65105137 61.91580460 11.65687216
v -62.65216494 62.41143125 13.92329286
v -56.66226387 62.84300511 15.89681053
v -50.68005967 63.21490765 17.59746087
v -44.70440625 63.53047713 19.04050920
v -38.73425918 63.79232156 20.23788154
v -32.76864873 64.00252735 21.19911869
v -26.80665996 64.16286794 21.93233035
v -20.84743418 64.27428222 22.44180989
v -14.89013379 64.33770908 22.73185068
v -8.93394668 64.35356579 22.80436088
v -2.97807129 64.32185236 22.65934048
v 2.97829424 64.24246447 22.29631246
v 8.93595762 64.11488051 21.71289160
v 14.89574561 63.93805728 20.90430749
v 20.85851045 63.71084726 19.86531269
v 26.82514863 63.43137267 18.58732047
v 32.79661172 63.09733846 17.05983593
v 38.77392187 62.70592799 15.26997896
v 44.75819531 62.25359435 13.20153018
v 50.75068770 61.73553880 10.83254571
v 56.75281260 61.14602372 8.13678832
v 62.76622324 60.47743370 5.07943403
v 68.79288545 59.71996263 1.61564100
v 74.83525635 58.85994452 -2.31708311
v 80.89645605 57.87901896 -6.80269747
v 86.98077334 56.74954102 -11.96761789
v 93.09444404 55.42863499 -18.00790812
v 99.24766436 53.84108579 -25.26751456
v 105.46020557 51.83145589 -34.45722795
v -147.74035459 45.25767873 -36.29308076
v -141.41870391 47.47770540 -26.19930257
v -135.18600732 49.18733048 -18.42616338
v -129.00846563 50.59675634 -12.01793765
v -122.87044160 51.79860211 -6.55351475
v -116.76294932 52.84342543 -1.80302458
v -110.68010537 53.76269374 2.37660557
v -104.61775488 54.57738531 6.08075749
v -98.57279180 55.30218495 9.37619842
v -92.54275605 55.94810625 12.31300381
v -86.52566309 56.52333073 14.92837257
v -80.51983770 57.03436168 17.25187303
v -74.52384521 57.48633876 19.30687375
v -68.53645342 57.88303807 21.11054345
v -62.55652676 58.22802591 22.67909703
v -56.58307061 58.52371480 24.02350339
v -50.61515420 58.77230744 25.15377764
v -44.65192236 58.97537720 26.07707339
v -38.69256270 59.13428769 26.79959047
v -32.73630293 59.25008780 27.32609796
v -26.78240215 59.32351179 27.65993424
v -20.83014404 59.35487432 27.80253002
v -14.87882080 59.34438518 27.75483912
v -8.92773018 59.29214926 27.51733846
v -2.97617432 59.19753721 27.08716657
v 2.97655752 59.06033924 26.46336965
v 8.93118867 58.87940156 25.64070169
v 14.88846533 58.65378014 24.61487051
v 20.84916709 58.38190161 23.37872248
v 26.81411660 58.06187792 21.92367323
v 32.78419160 57.69140147 20.23923077
v 38.76034805 57.26743039 18.31156475
v 44.74362305 56.78660817 16.12541406
v 50.73519844 56.24410980 13.65884091
v 56.73639727 55.63448093 10.88704601
v 62.74878135 54.95027427 7.77616885
v 68.77420693 54.18204959 4.28328761
v 74.81495361 53.31732482 0.35165012
v 80.87397539 52.33837330 -4.09934123
v 86.95524258 51.21981131 -9.18509841
v 93.06450059 49.92230458 -15.08446228
v 99.21093574 48.37872261 -22.10265458
v 105.41181738 46.45459460 -30.85107259
v 111.71185254 43.77902454 -43.01606641
v -160.17043564 36.87137808 -46.28673371
v -153.66714873 40.11202453 -31.63632527
v -147.34791914 42.26503797 -21.90291964
v -141.11352979 43.95148608 -14.27877615
v -134.93339648 45.35381867 -7.93907031
v -128.79273076 46.55619468 -2.50333396
v -122.68280654 47.60596670 2.24250585
v -116.59786963 48.53276965 6.43242349
v -110.53380000 49.35674682 10.15748340
v -104.48749951 50.09213564 13.48205051
v -98.45650547 50.74969327 16.45475607
v -92.43883945 51.33732936 19.11135838
v -86.43282627 51.86137168 21.48046407
v -80.43701836 52.32698786 23.58543521
v -74.45017090 52.73808002 25.44391256
v -68.47117295 53.09781202 27.07019944
v -62.49901465 53.40882043 28.47621527
v -56.53276699 53.67331995 29.67197238
v -50.57157012 53.89310344 30.66557597
v -44.61463037 54.06933100 31.46227060
v -38.66118369 54.20305723 32.06682403
v -32.71049268 54.29523130 32.48352727
v -26.76185420 54.34627507 32.71428741
v -20.81457656 54.35650492 32.76053479
v -14.86797949 54.32592084 32.62226942
v -8.92138447 54.25431192 32.29853773
v -2.97410830 54.14146723 31.78838617
v 2.97453867 53.98654307 31.08800053
v 8.92526484 53.78869574 30.19356659
v 14.87880176 53.54676516 29.09983979
v 20.83591289 53.25927485 27.80014527
v 26.79741035 52.92411556 26.28494747
v 32.76415635 52.53907260 24.54423407
v 38.73708516 52.10129847 22.56513210
v 44.71723389 51.60699654 20.33047757
v 50.70575391 51.05173738 17.82024585
v 56.70395068 50.43003695 15.00964452
v 62.71335000 49.73472381 11.86625273
v 68.73576504 48.95662275 8.34859088
v 74.77343994 48.08328920 4.40039925
v 80.82921973 47.09795466 -0.05412971
v 86.90691680 45.97646826 -5.12417798
v 93.01199736 44.68170724 -10.97757112
v 99.15304395 43.15155431 -17.89513087
v 105.34562842 41.26620426 -26.41847608
v 111.62722588 38.71865624 -37.93550505
v 118.35360088 32.32700633 -66.83106134
v -166.47733008 29.25325020 -52.69879428
v -159.79790361 33.52607203 -33.49141668
v -153.42828047 35.93546554 -22.66060444
v -147.16405430 37.76305462 -14.44514521
v -140.96249180 39.26363716 -7.69966025
v -134.80498828 40.54324641 -1.94750418
v -128.68116592 41.65839809 3.06537495
v -122.58440654 42.64344697 7.49341023
v -116.51009678 43.52119021 11.43908042
v -110.45483174 44.30753278 14.97388233
v -104.41594775 45.01435042 18.15120022
v -98.39134336 45.65023181 21.00964237
v -92.37923408 46.22228119 23.58114402
v -86.37811992 46.73601228 25.89049074
v -80.38672559 47.19556038 27.95627168
v -74.40389648 47.60463666 29.79516943
v -68.42861396 47.96610400 31.42005342
v -62.45995342 48.28229515 32.84140985
v -56.49705850 48.55522473 34.06829498
v -50.53913232 48.78658928 35.10833513
v -44.58544189 48.97744913 35.96629675
v -38.63527002 49.12907668 36.64789960
v -32.68794697 49.24210812 37.15600354
v -26.74281973 49.31707363 37.49299180
v -20.79924697 49.35450336 37.66124761
v -14.85660498 49.35450336 37.66124761
v -8.91427324 49.31707363 37.49299180
v -2.97163154 49.24210812 37.15600354
v 2.97194385 49.12907668 36.64789960
v 8.91708838 48.97744913 35.96629675
v 14.86445068 48.78658928 35.10833513
v 20.81470576 48.55522473 34.06829498
v 26.76855146 48.28229515 32.84140985
v 32.72672842 47.96610400 31.42005342
v 38.69002617 47.60463666 29.79516943
v 44.65929199 47.19556038 27.95627168
v 50.63544961 46.73601228 25.89049074
v 56.61953057 46.22228119 23.58114402
v 62.61267305 45.65023181 21.00964237
v 68.61619424 45.01435042 18.15120022
v 74.63164307 44.30753278 14.97388233
v 80.66083623 43.52119021 11.43908042
v 86.70604365 42.64344697 7.49341023
v 92.77014287 41.65839809 3.06537495
v 98.85699141 40.54324641 -1.94750418
v 104.97206836 39.26363716 -7.69966025
v 111.12387773 37.76305462 -14.44514521
v 117.32750859 35.93546554 -22.66060444
v 123.61724619 33.52607203 -33.49141668
v 130.15500352 29.25325020 -52.69879428
v -166.04252930 26.23129247 -38.47876195
v -159.56580088 29.24403289 -25.01201277
v -153.24979043 31.34637371 -15.61468923
v -147.01438418 33.02176483 -8.12580242
v -140.83194287 34.42968608 -1.83248808
v -134.68855078 35.64699909 3.60882004
v -128.57586211 36.71773136 8.39492205
v -122.48827676 37.67013301 12.65209403
v -116.42179834 38.52328617 16.46563189
v -110.37339199 39.29094279 19.89700590
v -104.34063281 39.98365668 22.99339089
v -98.32158896 40.60910334 25.78909584
v -92.31461543 41.17357241 28.31223504
v -86.31830742 41.68207430 30.58520463
v -80.33144150 42.13865995 32.62611212
v -74.35294189 42.54652750 34.44925293
v -68.38183008 42.90844866 36.06701640
v -62.41721924 43.22666210 37.48940932
v -56.45829404 43.50298011 38.72453242
v -50.50429395 43.73889513 39.77905689
v -44.55450000 43.93568643 40.65870088
v -38.60823281 44.09431343 41.36775303
v -32.66483730 44.21562898 41.91002544
v -26.72368506 44.30016608 42.28790068
v -20.78416143 44.34835117 42.50328480
v -14.84566406 44.36039744 42.55713083
v -8.90759707 44.33630490 42.44943877
v -2.96936455 44.27607354 42.18020862
v 2.96963057 44.17927695 41.74753433
v 8.90999385 44.04559533 41.14998634
v 14.85234375 43.87428243 40.38422908
v 20.79731514 43.66459203 39.44692695
v 26.74556982 43.41535148 38.33283829
v 32.69779863 43.12528154 37.03624495
v 38.65473193 42.79278313 35.54999921
v 44.61715283 42.41583079 33.86504733
v 50.58590391 41.99207922 31.97090600
v 56.56191270 41.51854350 29.85423286
v 62.54619082 40.99191891 27.50025596
v 68.53990342 40.40762146 24.88848524
v 74.54435303 39.76053415 21.99604805
v 80.56108125 39.04383433 18.79244751
v 86.59191562 38.24899364 15.23956255
v 92.63912549 37.36449885 11.28592970
v 98.70557168 36.37510556 6.86340753
v 104.79505518 35.25927973 1.87574030
v 110.91297773 33.98440047 -3.82288514
v 117.06754922 32.49833836 -10.46548390
v 123.27302637 30.70546944 -18.47948863
v 129.56014219 28.38853444 -28.83603393
v 136.04445703 24.68297353 -45.39964462
v -172.88363848 15.19322614 -60.03353632
v -165.82564453 21.79071026 -30.70842956
v -159.41285654 24.43268338 -18.96514344
v -153.12343096 26.39698840 -10.23401902
v -146.90397627 27.99925598 -3.11211210
v -140.73269209 29.36295181 2.94936908
v -134.59783447 30.55173790 8.23339527
v -128.49207510 31.60355422 12.90860560
v -122.41035674 32.54347975 17.08647341
v -116.34900469 33.38876968 20.84369614
v -110.30517686 34.15217783 24.23696323
v -104.27662793 34.84313563 27.30819627
v -98.26150254 35.46903815 30.09026559
v -92.25822510 36.03588720 32.60984858
v -86.26546172 36.54829130 34.88742965
v -80.28203467 37.01010875 36.94015854
v -74.30689453 37.42455482 38.78232671
v -68.33910938 37.79409453 40.42489092
v -62.37781348 38.12097855 41.87785521
v -56.42221260 38.40702886 43.14931806
v -50.47156729 38.65374592 44.24594881
v -44.52518848 38.86220146 45.17251128
v -38.58240293 39.03368161 45.93472206
v -32.64258809 39.16872222 46.53496304
v -26.70512783 39.26807353 46.97656891
v -20.76942861 39.33216423 47.26144518
v -14.83490918 39.36120868 47.39054463
v -8.90099297 39.35542122 47.36482002
v -2.96710898 39.31469469 47.18379496
v 2.96731611 39.23892190 46.84699308
v 8.90286064 39.12767416 46.35250884
v 14.84011084 38.98062994 45.69891310
v 20.77967021 38.79693184 44.88239481
v 26.72216104 38.57572245 43.89914291
v 32.66822432 38.31614439 42.74534635
v 38.61854268 38.01669719 41.41433578
v 44.57383594 37.67577323 39.89896549
v 50.53486904 37.29155054 38.19113697
v 56.50247461 36.86167126 36.28036984
v 62.47756143 36.38334883 34.15427816
v 68.46113291 35.85326085 31.79809411
v 74.45432373 35.26722746 29.19323879
v 80.45841533 34.62031862 26.31779864
v 86.47490742 33.90621101 23.14366715
v 92.50560146 33.11665213 19.63416292
v 98.55265342 32.24146035 15.74402968
v 104.61882129 31.26648857 11.41038505
v 110.70771445 30.17223091 6.54652755
v 116.82431719 28.93028598 1.02621602
v 122.97604863 27.49606894 -5.34872434
v 129.17522080 25.79166350 -12.92462306
v 135.44615918 23.65534246 -22.42034015
v 141.85886074 20.59742282 -36.01246378
v -171.73080791 16.72085284 -25.79104873
v -165.32669678 19.25159110 -14.60489045
v -159.03726563 21.17755100 -6.09192302
v -152.81578740 22.76454197 0.92276215
v -146.64198896 24.12321914 6.92827372
v -140.50461357 25.31251958 12.18512041
v -134.39652100 26.36821498 16.85141719
v -128.31274746 27.31411719 21.03241529
v -122.24963994 28.16692685 24.80193346
v -116.20438857 28.93881926 28.21378793
v -110.17473018 29.63916831 31.30941246
v -104.15881055 30.27519300 34.12071577
v -98.15506787 30.85260387 36.67293913
v -92.16214629 31.37614172 38.98703752
v -86.17887803 31.84946994 41.07920345
v -80.20421455 32.27571315 42.96324816
v -74.23721191 32.65745726 44.65060165
v -68.27699590 32.99707268 46.15174142
v -62.32279307 33.29606785 47.47333496
v -56.37385166 33.55616672 48.62300228
v -50.42948232 33.77855448 49.60598213
v -44.48902588 33.96430860 50.42703701
v -38.55185801 34.11418330 51.08950065
v -32.61737402 34.22882505 51.59623058
v -26.68498594 34.30877259 51.94960802
v -20.75412158 34.35434915 52.15106174
v -14.82421729 34.36577023 52.20154423
v -8.89471670 34.34292808 52.10057925
v -2.96506055 34.28593044 51.84864304
v 2.96530928 34.19445408 51.44430685
v 8.89695791 34.06817575 50.88614193
v 14.83046191 33.90644899 50.17129079
v 20.76641191 33.70862732 49.29689593
v 26.70542051 33.47374102 48.25867109
v 32.64812139 33.20082038 47.05233003
v 38.59518457 32.88846470 45.67168149
v 44.54731934 32.53505779 44.10958173
v 50.50528506 32.13866023 42.35745825
v 56.46990000 31.69700934 40.40530980
v 62.44205625 31.20741147 38.24123014
v 68.42275166 30.66641876 35.84997926
v 74.41309570 30.07004460 33.21393591
v 80.41436367 29.41322493 30.31071636
v 86.42801748 28.68992598 27.11365060
v 92.45581377 27.89217453 23.58749615
v 98.49987598 27.00984246 19.68748550
v 104.56286572 26.02946153 15.35408742
v 110.64825791 24.93239167 10.50491067
v 116.76084697 23.69137314 5.01946402
v 122.90761787 22.26481598 -1.28608501
v 129.09994980 20.58128459 -8.72749011
v 135.35951660 18.49790776 -17.93625869
v 141.74329307 15.61990412 -30.65737048
v -184.15513389 8.58863971 -34.37406374
v -177.56767910 12.03257646 -19.23588814
v -171.19336025 14.33571932 -9.11218857
v -164.91630762 16.15251916 -1.12625936
v -158.70108311 17.67513023 5.56653304
v -152.53070537 18.99204745 11.35517714
v -146.39523281 20.15309661 16.45868726
v -140.28817031 21.18947299 21.01418542
v -134.20492383 22.12229838 25.11451466
v -128.14204922 22.96673715 28.82633152
v -122.09687490 23.73394596 32.19867616
v -116.06723350 24.43259015 35.26963803
v -110.05134023 25.06938538 38.06873645
v -104.04767871 25.64974748 40.61977733
v -98.05494639 26.17800914 42.94180540
v -92.07198896 26.65785314 45.05100867
v -86.09778281 27.09231234 46.96071845
v -80.13141738 27.48376972 48.68140933
v -74.17205566 27.83428330 50.22212756
v -68.21891191 28.14580279 51.59144327
v -62.27127334 28.41973630 52.79554600
v -56.32846875 28.65727532 53.83967303
v -50.38985771 28.85950303 54.72858556
v -44.45483203 29.02728595 55.46609253
v -38.52281367 29.16116568 56.05457452
v -32.59323311 29.26179210 56.49688826
v -26.66554014 29.32959850 56.79493820
v -20.73919805 29.36480150 56.94967659
v -14.81367627 29.36750943 56.96157954
v -8.88844746 29.33772227 56.83064706
v -2.96298428 29.27544004 56.55687914
v 2.96324180 29.18022946 56.13837131
v 8.89076689 29.05187390 55.57417134
v 14.82013623 28.88983177 54.86189863
v 20.75190879 28.69345318 53.99869648
v 26.68666289 28.46187158 52.98075595
v 32.62499883 28.19411214 51.80379196
v 38.56754941 27.88887503 50.46209110
v 44.51497119 27.54496878 48.95041607
v 50.46798135 27.16044369 47.26019674
v 56.42733926 26.73335004 45.38286300
v 62.39387109 26.26130486 43.30794024
v 68.36849502 25.74127528 41.02209715
v 74.35221680 25.16990349 38.51057407
v 80.34618604 24.54285678 35.75432627
v 86.35171406 23.85493597 32.73050010
v 92.37032461 23.09975034 29.41100457
v 98.40386338 22.26885118 25.75870248
v 104.45455371 21.35173175 21.72741036
v 110.52524736 20.33387757 17.25332840
v 116.61968145 19.19535833 12.24885085
v 122.74303330 17.90714509 6.58637805
v 128.90304844 16.42352812 0.06498818
v 135.11258789 14.66489446 -7.66526561
v 141.39716836 12.46562754 -17.33236790
v 147.83043516 9.32400334 -31.14169783
v -183.87691670 4.40068280 -25.60568289
v -177.37657441 7.37146998 -12.61934834
v -171.03346523 9.52548940 -3.20338711
v -164.77423682 11.26932830 4.41953367
v -158.57133662 12.74976749 10.89104357
v -152.41041211 14.04041516 16.53290933
v -146.28272900 15.18428201 21.53314553
v -140.18242031 16.20902555 26.01265272
v -134.10520313 17.13413672 30.05663242
v -128.04789434 17.97322648 33.72458294
v -122.00792813 18.73696585 37.06315093
v -115.98324258 19.43341253 40.10755939
v -109.97211182 20.06899090 42.88589149
v -103.97308154 20.64870981 45.42004261
v -97.98486328 21.17692477 47.72905221
v -92.00634404 21.65701129 49.82767586
v -86.03652598 22.09180047 51.72828921
v -80.07448799 22.48390561 53.44231591
v -74.11941650 22.83517781 54.97784776
v -68.17053779 23.14746816 56.34297650
v -62.22714873 23.42208332 57.54341398
v -56.28857432 23.66032993 58.58487203
v -50.35418262 23.86318799 59.47163453
v -44.42337158 24.03141972 60.20703338
v -38.49555557 24.16578733 60.79440049
v -32.57017178 24.26683525 61.23611579
v -26.64667441 24.33489015 61.53360723
v -20.72452676 24.37016982 61.68782680
v -14.80319678 24.37289201 61.69972645
v -8.88215889 24.34305674 61.56930621
v -2.96088809 24.28044623 61.29561408
v 2.96114502 24.18495159 60.87817408
v 8.88447480 24.05613726 60.31508227
v 14.80964502 23.89356770 59.60443471
v 20.73721494 23.69648070 58.74289948
v 26.66775762 23.46422292 57.72762068
v 32.60186982 23.19581437 56.55431442
v 38.54018086 22.88994840 55.21726887
v 44.48335254 22.54520947 53.71029621
v 50.43208213 22.16007315 52.02673262
v 56.38712754 21.73247057 50.15753438
v 62.34930352 21.26011508 48.09270575
v 68.31950771 20.74017560 45.81987112
v 74.29872803 20.16938550 43.32475087
v 80.28810176 19.54338926 40.58830556
v 86.28888545 18.85750470 37.59006778
v 92.30256357 18.10552522 34.30290631
v 98.33089922 17.27961088 30.69255013
v 104.37602930 16.36974402 26.71520851
v 110.44062070 15.36274919 22.31328710
v 116.52816094 14.24033325 17.40682020
v 122.64336006 12.97668976 11.88299904
v 128.79313389 11.53174801 5.56666069
v 134.98843799 9.83919529 -1.83207055
v 141.24960029 7.76989061 -10.87771442
v 147.62622861 4.99368602 -23.01346143
v 154.60061309 -1.92101904 -53.24002020
v -190.45133174 -4.70959110 -38.31767149
v -183.63390557 0.01486827 -17.77883935
v -177.19041328 2.69168246 -6.14181744
v -170.87256826 4.73276012 2.73144151
v -164.62897559 6.41787787 10.05722161
v -158.43733564 7.86393766 16.34373547
v -152.28535254 9.13289317 21.86031674
v -146.16525820 10.26228874 26.77018352
v -140.07163066 11.27740936 31.18325820
v -134.00052539 12.19576843 35.17567749
v -127.94891455 13.03017263 38.80311638
v -121.91436885 13.79047323 42.10840177
v -115.89488701 14.48444183 45.12531933
v -109.88881846 15.11798918 47.87956521
v -103.89472119 15.69615040 50.39302870
v -97.91135771 16.22286599 52.68284058
v -91.93761123 16.70163865 54.76422818
v -85.97251641 17.13498591 56.64813616
v -80.01515391 17.52553480 58.34598504
v -74.06471924 17.87503665 59.86538847
v -68.12043867 18.18535225 61.21443599
v -62.18161523 18.45768567 62.39836200
v -56.24757217 18.69335040 63.42287675
v -50.31767578 18.89333157 64.29226293
v -44.39132666 19.05828594 65.00937567
v -38.46793564 19.18897970 65.57754594
v -32.54693643 19.28596017 65.99915304
v -26.62778232 19.34944626 66.27514865
v -20.70992930 19.37976634 66.40696035
v -14.79284326 19.37702987 66.39506398
v -8.87599424 19.34112739 66.23898371
v -2.95884961 19.27205891 65.93871951
v 2.95912383 19.16960550 65.49331970
v 8.87846660 19.03321988 64.90040498
v 14.79972949 18.86246420 64.15807196
v 20.72347881 18.65657225 63.26298963
v 26.65029463 18.41488729 62.21230289
v 32.58078398 18.13631473 61.00125317
v 38.51558115 17.81965051 59.62460609
v 44.45535938 17.46336222 58.07569968
v 50.40082969 17.06580797 56.34739612
v 56.35275498 16.62501751 54.43113003
v 62.31196494 16.13858274 52.31643261
v 68.27938125 15.60343882 49.98997993
v 74.25599854 15.01641144 47.43797222
v 80.24296641 14.37312226 44.64137530
v 86.24157070 13.66864562 41.57877571
v 92.25332988 12.89652347 38.22209803
v 98.28002637 12.04887476 34.53708075
v 104.32383691 11.11541038 30.47899353
v 110.38748379 10.08255744 25.98883043
v 116.47449404 8.93181741 20.98617202
v 122.58969170 7.63648234 15.35490981
v 128.74008516 6.15583357 8.91802592
v 134.93685059 4.42178776 1.37953886
v 141.20069092 2.30211871 -7.83538362
v 147.58211426 -0.54107281 -20.19570438
v 154.57237383 -7.62152272 -50.97682887
v -189.80110898 -6.72446874 -20.19836585
v -183.27198018 -3.62328196 -6.79012162
v -176.90959863 -1.37328486 2.93793182
v -170.63604053 0.44935693 10.81827830
v -164.42201660 1.99802480 17.51407527
v -158.25235840 3.34918938 23.35594999
v -152.11781455 4.54774278 28.53799733
v -146.01217148 5.62262281 33.18533237
v -139.93094736 6.59385487 37.38453662
v -133.87073291 7.47607291 41.19888120
v -127.82885889 8.28016988 44.67546268
v -121.80316436 9.01450802 47.85043596
v -115.79184932 9.68568912 50.75234441
v -109.79335195 10.29932469 53.40544990
v -103.80635303 10.85970590 55.82830560
v -97.82969238 11.37035368 58.03613463
v -91.86231211 11.83445891 60.04273297
v -85.90328174 12.25444223 61.85856651
v -79.95173818 12.63250424 63.49314970
v -74.00689453 12.97040541 64.95409410
v -68.06801484 13.26968617 66.24805984
v -62.13440830 13.53166686 67.38075558
v -56.20542334 13.75744778 68.35693856
v -50.28044678 13.94779914 69.17993882
v -44.35887744 14.10360118 69.85356216
v -38.44014434 14.22540404 70.38018719
v -32.52368818 14.31375788 70.76219251
v -26.60897197 14.36877273 71.00005386
v -20.69545898 14.39066864 71.09472268
v -14.78261719 14.37966567 71.04715041
v -8.86992100 14.33576382 70.85733705
v -2.95684570 14.25863301 70.52385544
v 2.95714014 14.14805317 70.04575413
v 8.87257441 14.00358419 69.42113023
v 14.79000439 13.82478595 68.64808085
v 20.70999287 13.61088823 67.72327592
v 26.63311904 13.36112084 66.64338540
v 32.55998818 13.07438347 65.40365205
v 38.49123281 12.74946580 63.99884292
v 44.42751562 12.38504747 62.42324935
v 50.36955234 11.97925798 60.66878404
v 56.31810410 11.53011679 58.72688399
v 62.27399268 11.03531328 56.58755902
v 68.23812949 10.49187665 54.23796462
v 74.21151855 9.89639597 51.66335338
v 80.19527607 9.24491019 48.84659929
v 86.19069609 8.53224789 45.76534338
v 92.19925547 7.75235746 42.39342090
v 98.22273398 6.89720672 38.69610409
v 104.26324658 5.95700303 34.63105364
v 110.32345283 4.91854283 30.14118282
v 116.40677344 3.76400131 25.14942456
v 122.51786162 2.46774154 19.54493546
v 128.66337803 0.99136318 13.16168831
v 134.85376758 -0.72829082 5.72661827
v 141.10777412 -2.80994250 -3.27357944
v 147.46840459 -5.53889884 -15.07245379
v 154.14126943 -10.35313784 -35.88722469
v -195.90198926 -13.03366895 -20.72722967
v -189.30754951 -9.63789846 -6.12516257
v -182.91300352 -7.25655676 4.11478489
v -176.61768691 -5.34869626 12.31872774
v -170.38713867 -3.73591818 19.25379410
v -164.20416504 -2.33239646 25.28904250
v -158.05853057 -1.08891382 30.63611088
v -151.94346328 0.02582972 35.42959146
v -145.85411777 1.03340126 39.76222447
v -139.78687676 1.94917430 43.70011704
v -133.73889697 2.78476190 47.29320622
v -127.70787100 3.54923331 50.58049045
v -121.69193584 4.24933516 53.59098078
v -115.68947432 4.89081869 56.34940795
v -109.69909951 5.47832912 58.87574676
v -103.71959473 6.01573748 61.18664289
v -97.74990264 6.50602998 63.29493731
v -91.78904736 6.95197163 65.21251978
v -85.83614561 7.35588505 66.94937771
v -79.89040283 7.71953986 68.51312056
v -73.95106934 8.04459504 69.91088218
v -68.01744404 8.33248843 71.14884527
v -62.08887480 8.58432601 72.23176573
v -56.16473848 8.80110321 73.16392387
v -50.24444297 8.98359421 73.94864884
v -44.32741260 9.13257323 74.58926977
v -38.41309951 9.24848267 75.08768902
v -32.50096523 9.33176493 75.44580896
v -26.59048330 9.38275181 75.66505636
v -20.68114043 9.40144331 75.74543122
v -14.77242041 9.38806064 75.68788472
v -8.86381436 9.34249319 75.49194128
v -2.95481104 9.26463036 75.15712529
v 2.95510342 9.15425095 74.68248558
v 8.86645020 9.01080196 74.06564420
v 14.77976074 8.83384099 73.30469877
v 20.69557793 8.62281503 72.39727136
v 26.61446162 8.37694987 71.34003281
v 32.53699775 8.09513952 70.12822722
v 38.46379189 7.77638857 68.75757427
v 44.39548828 7.41925920 67.22189129
v 50.33276660 7.02220302 65.51451999
v 56.27635605 6.58333980 63.62737534
v 62.22703799 6.10056815 61.55142110
v 68.18566523 5.57134423 59.27571870
v 74.15319580 4.99235005 56.78600039
v 80.13066592 4.36015697 54.06752286
v 86.11927793 3.67011977 51.10031129
v 92.12038711 2.91692963 47.86153733
v 98.13559658 2.09372930 44.32171434
v 104.16680859 1.19200254 40.44422181
v 110.21635518 0.20068928 36.18150066
v 116.28717979 -0.89492035 31.47029730
v 122.38313818 -2.11506626 26.22357860
v 128.50954805 -3.48905762 20.31531297
v 134.67427295 -5.06235128 13.55003256
v 140.89011914 -6.91236766 5.59482374
v 147.18162539 -9.19427942 -4.21756751
v 153.61359873 -12.33699571 -17.73148265
v -202.95433242 -24.70986298 -44.18929337
v -195.61868701 -17.25303270 -12.29787538
v -189.10175361 -14.25406954 0.52810884
v -182.73859951 -12.01507496 10.10385477
v -176.46191309 -10.18041122 17.95035601
v -170.24442715 -8.61111393 24.66193643
v -164.07156885 -7.23558860 30.54479166
v -157.93429629 -6.01103421 35.78197346
v -151.82645713 -4.90943554 40.49329751
v -145.74359502 -3.91133755 44.76196916
v -139.68228340 -3.00228797 48.64979808
v -133.63983545 -2.17150313 52.20290381
v -127.61409404 -1.41086753 55.45599485
v -121.60319326 -0.71337736 58.43902514
v -115.60560908 -0.07391873 61.17386578
v -109.61997949 0.51206640 63.68001061
v -103.64512061 1.04824668 65.97314977
v -97.67999355 1.53751258 68.06564519
v -91.72363857 1.98253220 69.96890790
v -85.77518613 2.38552900 71.69244707
v -79.83384521 2.74828169 73.24387006
v -73.89886963 3.07245787 74.63030875
v -67.96956855 3.35939159 75.85746864
v -62.04529775 3.61008338 76.92962887
v -56.12543408 3.82553381 77.85106857
v -50.20938047 4.00663223 78.62559142
v -44.29657178 4.15393450 79.25557471
v -38.38645459 4.26799649 79.74339572
v -32.47849365 4.34915170 80.09048086
v -26.57216074 4.39773366 80.29825647
v -20.66693672 4.41396471 80.36767350
v -14.76231152 4.39773366 80.29825647
v -8.85777100 4.34915170 80.09048086
v -2.95280420 4.26799649 79.74339572
v 2.95310479 4.15393450 79.25557471
v 8.86047891 4.00663223 78.62559142
v 14.76985107 3.82553381 77.85106857
v 20.68176592 3.61008338 76.92962887
v 26.59678770 3.35939159 75.85746864
v 32.51550264 3.07245787 74.63030875
v 38.43851807 2.74828169 73.24387006
v 44.36647559 2.38552900 71.69244707
v 50.30005986 1.98253220 69.96890790
v 56.23999629 1.53751258 68.06564519
v 62.18707236 1.04824668 65.97314977
v 68.14214941 0.51206640 63.68001061
v 74.10615967 -0.07391873 61.17386578
v 80.08015166 -0.71337736 58.43902514
v 86.06531924 -1.41086753 55.45599485
v 92.06299775 -2.17150313 52.20290381
v 98.07479473 -3.00228797 48.64979808
v 104.10256787 -3.91133755 44.76196916
v 110.14860615 -4.90943554 40.49329751
v 116.21580293 -6.01103421 35.78197346
v 122.30789678 -7.23558860 30.54479166
v 128.43000645 -8.61111393 24.66193643
v 134.58959473 -10.18041122 17.95035601
v 140.79859307 -12.01507496 10.10385477
v 147.07914170 -14.25406954 0.52810884
v 153.48543135 -17.25303270 -12.29787538
v -202.14253975 -25.99159400 -23.16835365
v -195.36935742 -21.65475783 -4.72042675
v -188.90769639 -18.92857731 6.87613279
v -182.57127246 -16.80669996 15.90212243
v -176.31154951 -15.03681131 23.43083115
v -170.10639141 -13.50783939 29.93473426
v -163.94327490 -12.15921978 35.67145915
v -157.81411465 -10.95318353 40.80166644
v -151.71333574 -9.86481208 45.43135410
v -145.63677598 -8.87611490 49.63704984
v -139.58125635 -7.97401811 53.47436694
v -133.54421484 -7.14835316 56.98656018
v -127.52356729 -6.39129807 60.20690247
v -121.51754971 -5.69648352 63.16248747
v -115.52465742 -5.05876937 65.87518023
v -109.54359111 -4.47402114 68.36256786
v -103.57319971 -3.93877481 70.63938551
v -97.61243379 -3.44990160 72.71894235
v -91.66037314 -3.00505491 74.61122023
v -85.71615527 -2.60199990 76.32572571
v -79.77901201 -2.23917217 77.86911338
v -73.84819336 -1.91478384 79.24898846
v -67.92302051 -1.62760575 80.47057956
v -62.00285273 -1.37663221 81.53816462
v -56.08707041 -1.16085754 82.45602159
v -50.17508496 -0.97949954 83.22747776
v -44.26633301 -0.83199951 83.85490976
v -38.36026289 -0.71779873 84.34069424
v -32.45633789 -0.63645023 84.68673249
v -26.55403594 -0.58773052 84.89397518
v -20.65284170 -0.57152786 84.96289764
v -14.75224219 -0.58773052 84.89397518
v -8.85172852 -0.63645023 84.68673249
v -2.95078945 -0.71779873 84.34069424
v 2.95108887 -0.83199951 83.85490976
v 8.85442676 -0.97949954 83.22747776
v 14.75975537 -1.16085754 82.45602159
v 20.66761758 -1.37663221 81.53816462
v 26.57857324 -1.62760575 80.47057956
v 32.49320508 -1.91478384 79.24898846
v 38.41211689 -2.23917217 77.86911338
v 44.33594238 -2.60199990 76.32572571
v 50.26536592 -3.00505491 74.61122023
v 56.20109824 -3.44990160 72.71894235
v 62.14391982 -3.93877481 70.63938551
v 68.09466475 -4.47402114 68.36256786
v 74.05426758 -5.05876937 65.87518023
v 80.02375225 -5.69648352 63.16248747
v 86.00426631 -6.39129807 60.20690247
v 91.99712578 -7.14835316 56.98656018
v 98.00386084 -7.97401811 53.47436694
v 104.02626855 -8.87611490 49.63704984
v 110.06653770 -9.86481208 45.43135410
v 116.12736738 -10.95318353 40.80166644
v 122.21225947 -12.15921978 35.67145915
v 128.32587422 -13.50783939 29.93473426
v 134.47491064 -15.03681131 23.43083115
v 140.66966895 -16.80669996 15.90212243
v 146.92820830 -18.92857731 6.87613279
v 153.28980352 -21.65475783 -4.72042675
v 159.90380010 -25.99159400 -23.16835365
v -208.13025234 -31.61328674 -20.72040162
v -201.32768496 -27.20858106 -2.08418574
v -194.84820850 -24.43837182 9.63651049
v -188.49837480 -22.28116896 18.76358985
v -182.22784365 -20.48089797 26.38049802
v -176.01367441 -18.92479625 32.96433123
v -169.84289443 -17.55131607 38.77549661
v -163.70718311 -16.32238319 43.97508543
v -157.60073789 -15.21239017 48.67144224
v -151.51929170 -14.20325455 52.94107353
v -145.45955771 -13.28161105 56.84052754
v -139.41889980 -12.43712683 60.41352227
v -133.39520068 -11.66205228 63.69284620
v -127.38661816 -10.94964858 66.70701105
v -121.39164287 -10.29497396 69.47692544
v -115.40892568 -9.69364818 72.02112198
v -109.43728477 -9.14207723 74.35480692
v -103.47566455 -8.63722864 76.49081055
v -97.52312109 -8.17663151 78.43958717
v -91.57878926 -7.75815190 80.21016548
v -85.64186543 -7.37988048 81.81062382
v -79.71160957 -7.04024485 83.24761492
v -73.78733643 -6.73800958 84.52636592
v -67.86837979 -6.47182689 85.65257918
v -61.95413232 -6.24091061 86.62958107
v -56.04400313 -6.04447453 87.46069794
v -50.13741270 -5.88162014 88.14973137
v -44.23382227 -5.75201051 88.69810694
v -38.33269629 -5.65519639 89.10772543
v -32.43351182 -5.59084083 89.38001244
v -26.53575557 -5.55871921 89.51591834
v -20.63892100 -5.55871921 89.51591834
v -14.74250537 -5.59084083 89.38001244
v -8.84600684 -5.65519639 89.10772543
v -2.94892148 -5.75201051 88.69810694
v 2.94925957 -5.88162014 88.14973137
v 8.84905312 -6.04447453 87.46069794
v 14.75098389 -6.24091061 86.62958107
v 20.65559385 -6.47182689 85.65257918
v 26.56344111 -6.73800958 84.52636592
v 32.47510020 -7.04024485 83.24761492
v 38.39118105 -7.37988048 81.81062382
v 44.31231738 -7.75815190 80.21016548
v 50.23918359 -8.17663151 78.43958717
v 56.17250361 -8.63722864 76.49081055
v 62.11305352 -9.14207723 74.35480692
v 68.06167412 -9.69364818 72.02112198
v 74.01929443 -10.29497396 69.47692544
v 79.98694629 -10.94964858 66.70701105
v 85.96579600 -11.66205228 63.69284620
v 91.95714668 -12.43712683 60.41352227
v 97.96255928 -13.28161105 56.84052754
v 103.98382764 -14.20325455 52.94107353
v 110.02315664 -15.21239017 48.67144224
v 116.08327529 -16.32238319 43.97508543
v 122.16769600 -17.55131607 38.77549661
v 128.28115254 -18.92479625 32.96433123
v 134.43037646 -20.48089797 26.38049802
v 140.62577168 -22.28116896 18.76358985
v 146.88557256 -24.43837182 9.63651049
v 153.24943184 -27.20858106 -2.08418574
v 159.86816484 -31.61328674 -20.72040162
v -207.61119580 -34.59289853 -7.16511606
v -201.00480908 -31.20749872 7.08204314
v -194.58947168 -28.74628258 17.43985615
v -188.27541387 -26.74823068 25.84848295
v -182.02900986 -25.04650003 33.01006764
v -175.83290625 -23.55789492 39.27473214
v -169.67657021 -22.23364933 44.84770395
v -163.55294678 -21.04226855 49.86152583
v -157.45697021 -19.96196591 54.40788507
v -151.38483398 -18.97705049 58.55281551
v -145.33351670 -18.07544368 62.34714897
v -139.30060576 -17.24800184 65.82936561
v -133.28411572 -16.48761328 69.02939443
v -127.28232217 -15.78818223 71.97288887
v -121.29378340 -15.14508044 74.67932655
v -115.31719951 -14.55413118 77.16628482
v -109.35145488 -14.01217372 79.44706545
v -103.39552002 -13.51627304 81.53402012
v -97.44847471 -13.06405858 83.43712514
v -91.50948428 -12.65361130 85.16445662
v -85.57775391 -12.28301219 86.72409062
v -79.65256816 -11.95090661 88.12172791
v -73.73324707 -11.65605285 89.36259419
v -67.81913643 -11.39720917 90.45191516
v -61.90963242 -11.17358540 91.39301628
v -56.00414209 -10.98427845 92.18969804
v -50.10211113 -10.82883678 92.84386070
v -44.20299023 -10.70669598 93.35787958
v -38.30624561 -10.61740451 93.73365494
v -32.41135928 -10.56073660 93.97213689
v -26.51781797 -10.53646647 94.07427558
v -20.62511719 -10.54459414 94.04007100
v -14.73275098 -10.58500672 93.86999821
v -8.84021836 -10.65792997 93.56310708
v -2.94701396 -10.76370255 93.11797243
v 2.94737402 -10.90243734 92.53411919
v 8.84346328 -11.07469876 91.80917204
v 14.74178320 -11.28105124 90.94075567
v 20.64287695 -11.52217208 89.92601969
v 26.54730703 -11.79896436 88.76116359
v 32.45565469 -12.11233114 87.44238687
v 38.36852754 -12.46340128 85.96493889
v 44.28657422 -12.85375515 84.32216874
v 50.21047119 -13.28486025 82.50790062
v 56.14094766 -13.75863560 80.51405844
v 62.07878496 -14.27722603 78.33161598
v 68.02483594 -14.84322785 75.94964678
v 73.98004395 -15.45980183 73.35484906
v 79.94544961 -16.13056027 70.53202079
v 85.92221953 -16.85979278 67.46310954
v 91.91170020 -17.65291779 64.12531225
v 97.91543760 -18.51636971 60.49155031
v 103.93527539 -19.45838910 56.52714406
v 109.97343428 -20.48936130 52.18838764
v 116.03268193 -21.62294533 47.41779836
v 122.11656211 -22.87742843 42.13841589
v 128.22989268 -24.27911264 36.23955041
v 134.37947461 -25.86660438 29.55873014
v 140.57587090 -27.70278022 21.83134463
v 146.83753916 -29.90233058 12.57472919
v 153.20469727 -32.72635682 0.69006158
v 159.83021602 -37.21553921 -18.20227010
v -220.35294521 -44.20335240 -21.49652394
v -213.34441934 -38.90465380 0.68421843
v -206.79811436 -35.89298530 13.29128449
v -200.40538154 -33.58916383 22.93525072
v -194.10269531 -31.68005304 30.92692902
v -187.86278848 -30.03563325 37.81059131
v -181.67064082 -28.58658333 43.87642095
v -175.51679531 -27.29069794 49.30109258
v -169.39475420 -26.11995364 54.20191438
v -163.29982324 -25.05494960 58.66009970
v -157.22837666 -24.08116355 62.73643980
v -151.17753691 -23.18747687 66.47747801
v -145.14500068 -22.36549389 69.91835929
v -139.12881709 -21.60829382 73.08805449
v -133.12734961 -20.91043084 76.00936032
v -127.13916240 -20.26725326 78.70174900
v -121.16299980 -19.67490362 81.18136821
v -115.19776582 -19.13031862 83.46104111
v -109.24244941 -18.63066188 85.55264099
v -103.29615967 -18.17377776 87.46519157
v -97.35805986 -17.75762405 89.20724161
v -91.42738271 -17.38049894 90.78591509
v -85.50342158 -17.04104095 92.20691120
v -79.58549795 -16.73788864 93.47592911
v -73.67297607 -16.46990744 94.59771815
v -67.76527061 -16.23641662 95.57512790
v -61.86179795 -16.03650854 96.41195783
v -55.96200439 -15.86950247 97.11105752
v -50.06536523 -15.73505805 97.67385177
v -44.17134961 -15.63249454 98.10319016
v -38.27946357 -15.56181195 98.39907271
v -32.38920029 -15.52255645 98.56339913
v -26.50007285 -15.51472804 98.59616943
v -20.61159229 -15.53821326 98.49785853
v -14.72327637 -15.59323904 98.26751658
v -8.83463643 -15.67980536 97.90514358
v -2.94518467 -15.79825260 97.40931472
v 2.94557373 -15.94892112 96.77860522
v 8.83814150 -16.13226474 96.01111535
v 14.73303369 -16.34896418 95.10399551
v 20.63077734 -16.59958674 94.05487104
v 26.53191650 -16.88492659 92.86041743
v 32.43702129 -17.20611828 91.51588535
v 38.34668525 -17.56429638 90.01652549
v 44.26152979 -17.96070887 88.35711359
v 50.18222197 -18.39705761 86.53052568
v 56.10946406 -18.87504440 84.52963778
v 62.04401807 -19.39682490 82.34542618
v 67.98671074 -19.96489513 79.96744239
v 73.93844971 -20.58220492 77.38333817
v 79.90024307 -21.25227138 74.57839064
v 85.87321406 -21.97917890 71.53550226
v 91.85865205 -22.76803296 68.23330108
v 97.85802920 -23.62484670 64.64661572
v 103.87310596 -24.55744851 60.74267588
v 109.90595625 -25.57525519 56.48206221
v 115.95919131 -26.69108716 51.81110743
v 122.03608359 -27.92150890 46.66047148
v 128.14099102 -29.28977871 40.93279332
v 134.28001758 -30.83004662 34.48511847
v 140.46228604 -32.59552312 27.09470389
v 146.70304277 -34.67912802 18.37258039
v 153.03272168 -37.27452937 7.50803931
v 159.53949756 -40.96806368 -7.95336720
v -238.15625449 -48.56880017 -13.82221434
v -231.23469961 -44.05861069 4.95802671
v -224.68069336 -41.21525515 16.79764067
v -218.27289434 -38.99562254 26.04009838
v -211.95397031 -37.13813691 33.77459114
v -205.69796191 -35.52785992 40.47971739
v -199.49024268 -34.10196319 46.41709198
v -193.32149561 -32.82167782 51.74814690
v -187.18526777 -31.66100586 56.58113658
v -181.07678437 -30.60124702 60.99392821
v -174.99245010 -29.62894622 65.04254821
v -168.92938037 -28.73361306 68.77067817
v -162.88522852 -27.90703766 72.21250371
v -156.85804951 -27.14272052 75.39508842
v -150.84616641 -26.43518839 78.34122271
v -144.84815830 -25.78010829 81.06894898
v -138.86277598 -25.17383136 83.59346083
v -132.88891113 -24.61327891 85.92757786
v -126.92554395 -24.09560029 88.08317007
v -120.97179727 -23.61874302 90.06878387
v -115.02684756 -23.18076866 91.89249084
v -109.08992197 -22.77985280 93.56188781
v -103.16032617 -22.41462711 95.08267236
v -97.23739395 -22.08372328 96.46054209
v -91.32052354 -21.78622911 97.69929541
v -85.40913193 -21.52123239 98.80273072
v -79.50264697 -21.28770688 99.77512122
v -73.60053955 -21.08496842 100.61931570
v -67.70231484 -20.91267494 101.33673857
v -61.80746660 -20.77014228 101.93023863
v -55.91552490 -20.65714239 102.40076548
v -50.02601455 -20.57321916 102.75021831
v -44.13847852 -20.51814454 102.97954673
v -38.25246826 -20.49180450 103.08922554
v -32.36754082 -20.49419905 103.07925474
v -26.48325322 -20.52532819 102.94963433
v -20.59916250 -20.58519190 102.70036431
v -14.71482715 -20.67390423 102.33096987
v -8.82980596 -20.79192127 101.83955182
v -2.94364746 -20.93935706 101.22563536
v 2.94410303 -21.11666769 100.48732129
v 8.83391045 -21.32442329 99.62223560
v 14.72625146 -21.56319401 98.62800431
v 20.62161445 -21.83354996 97.50225340
v 26.52051006 -22.13651738 96.24070967
v 32.42346680 -22.47300848 94.83957473
v 38.33103955 -22.84416353 93.29410058
v 44.24380664 -23.25112278 91.59953922
v 50.16238975 -23.69548261 89.74924343
v 56.08745449 -24.17906742 87.73561644
v 62.01969785 -24.70358761 85.55153622
v 67.95990586 -25.27166578 83.18608239
v 73.90891113 -25.88581051 80.62880934
v 79.86765322 -26.54932855 77.86594787
v 85.83717363 -27.26598276 74.88182957
v 91.81865479 -28.04033420 71.65746246
v 97.81345020 -28.87785611 68.17005611
v 103.82314893 -29.78539007 64.39112254
v 109.84964326 -30.77148803 60.28505174
v 115.89522979 -31.84698247 55.80673770
v 121.96280010 -33.02624069 50.89635562
v 128.05609541 -34.32864713 45.47318949
v 134.18024414 -35.78213819 39.42091329
v 140.34260127 -37.42833340 32.56622502
v 146.55480820 -39.33610456 24.62234544
v 152.83782598 -41.63464325 15.05132610
v 159.24002168 -44.63489874 2.55838727
v 165.99393164 -49.90587055 -19.38971969
v -244.41438340 -55.54871651 -17.04362369
v -237.30215186 -50.21456771 5.05075885
v -230.69649668 -47.17671455 17.63373921
v -224.25793945 -44.84833172 27.27804850
v -217.91686963 -42.91473573 35.28712570
v -211.64349785 -41.24517133 42.20256728
v -205.42154414 -39.77030732 48.31154752
v -199.24073965 -38.44762819 53.79016834
v -193.09412256 -37.24928685 58.75377412
v -186.97659258 -36.15545802 63.28448246
v -180.88429482 -35.15170248 67.44210157
v -174.81417100 -34.22690430 71.27267426
v -168.76377422 -33.37258330 74.81132599
v -162.73105664 -32.58186367 78.08653684
v -156.71426631 -31.84901554 81.12204023
v -150.71193281 -31.16956965 83.93634822
v -144.72273457 -30.53951507 86.54607420
v -138.74555596 -29.95587231 88.96355955
v -132.77934229 -29.41566182 91.20114563
v -126.82317539 -28.91659168 93.26832581
v -120.87620801 -28.45659912 95.17364412
v -114.93768076 -28.03407981 96.92374592
v -109.00685625 -27.64731477 98.52575123
v -103.08308350 -27.29515804 99.98440673
v -97.16572529 -26.97634905 101.30493377
v -91.25419746 -26.68997103 102.49112970
v -85.34793457 -26.43510719 103.54679186
v -79.44639785 -26.21095536 104.47524294
v -73.54908691 -26.01705716 105.27838160
v -67.65549727 -25.85272499 105.95905586
v -61.76515693 -25.71761507 106.51868971
v -55.87760098 -25.61138361 106.95870717
v -49.99237148 -25.53368681 107.28053223
v -44.10902197 -25.48429548 107.48511425
v -38.22711445 -25.46309503 107.57292787
v -32.34621973 -25.47020004 107.54349844
v -26.46589834 -25.50538134 107.39777529
v -20.58572578 -25.56898270 107.13433442
v -14.70526465 -25.66088953 106.75365049
v -8.82408428 -25.78156022 106.25382483
v -2.94174404 -25.93122397 105.63390811
v 2.94220166 -26.11022456 104.89247632
v 8.82820811 -26.31924957 104.02668145
v 14.71674023 -26.55864281 103.03509950
v 20.60827822 -26.82920644 101.91440779
v 26.50331602 -27.13162805 100.66175830
v 32.40237451 -27.46705361 99.27240437
v 38.30598662 -27.83628530 97.74302330
v 44.21472803 -28.24081288 96.06744442
v 50.12918994 -28.68178232 94.24092103
v 56.05002598 -29.16114178 92.25538379
v 61.97791113 -29.68049560 90.10418732
v 67.91359365 -30.24213573 87.77783828
v 73.85788330 -30.84858331 85.26589396
v 79.81167305 -31.50281786 82.55601298
v 85.77596777 -32.20850649 79.63300596
v 91.75187461 -32.96966008 76.48025952
v 97.74067939 -33.79143551 73.07641357
v 103.74386572 -34.68002103 69.39583605
v 109.76317383 -35.64298002 65.40719883
v 115.80073857 -36.69028245 61.06920579
v 121.85915098 -37.83430478 56.33059276
v 127.94174648 -39.09189279 51.12158350
v 134.05296973 -40.48653887 45.34487102
v 140.19899883 -42.05216374 38.85995354
v 146.38917480 -43.84239883 31.44468630
v 152.63912021 -45.95064073 22.71221470
v 158.98001631 -48.57101684 11.85845074
v 165.50258936 -52.29289977 -3.55782434
v -249.89319023 -58.79507344 -4.83341318
v -243.02463223 -54.68426798 12.10469023
v -236.46806924 -51.91781821 23.50352986
v -230.05123066 -49.72098922 32.55531231
v -223.72204834 -47.86643942 40.19677247
v -217.45590029 -46.24971148 46.85831491
v -211.23854824 -44.81206974 52.78195319
v -205.06079004 -43.51666043 58.11953898
v -198.91623457 -42.33872245 62.97309760
v -192.80009912 -41.26017443 67.41713129
v -186.70874414 -40.26777204 71.50621173
v -180.63930000 -39.35149569 75.28162358
v -174.58937754 -38.50316843 78.77705894
v -168.55700449 -37.71634087 82.01909184
v -162.54050098 -36.98571528 85.02955097
v -156.53841914 -36.30691528 87.82646870
v -150.54950479 -35.67637065 90.42455567
v -144.57263379 -35.09097187 92.83662435
v -138.60678662 -34.54795490 95.07406363
v -132.65106592 -34.04513155 97.14588969
v -126.70464404 -33.58054396 99.06016966
v -120.76675723 -33.15246463 100.82402158
v -114.83669971 -32.75939635 102.44361442
v -108.91381787 -32.40007229 103.92416809
v -102.99750439 -32.07345593 105.26995341
v -97.08717305 -31.77851076 106.48524121
v -91.18227686 -31.51443061 107.57335325
v -85.28227676 -31.28029413 108.53808582
v -79.38668408 -31.07564065 109.38133706
v -73.49501221 -30.89989433 110.10547965
v -67.60679971 -30.75270967 110.71193721
v -61.72157988 -30.63351082 111.20308242
v -55.83891445 -30.54206746 111.57986435
v -49.95837480 -30.47826440 111.84275753
v -44.07953027 -30.44187132 111.99271104
v -38.20195869 -30.43277306 112.03019942
v -32.32524346 -30.45096959 111.95522266
v -26.44896797 -30.49646094 111.76778077
v -20.57271973 -30.56947743 111.46692467
v -14.69608008 -30.67013424 111.05217983
v -8.81862891 -30.79866169 110.52259718
v -2.93994141 -30.95529013 109.87722763
v 2.94041279 -31.14059539 109.11369851
v 8.82287490 -31.35503815 108.23011167
v 14.70789551 -31.59907907 107.22456897
v 20.59593867 -31.87340917 106.09422319
v 26.48748516 -32.17883462 104.83575257
v 32.38303213 -32.51616160 103.44583536
v 38.28310459 -32.88654179 101.91972620
v 44.18825098 -33.29112686 100.25267971
v 50.09904814 -33.73118367 98.43947600
v 56.01611543 -34.20832456 96.47347157
v 61.94011729 -34.72439223 94.34707381
v 67.87175566 -35.28122935 92.05269016
v 73.81181396 -35.88136964 89.57988082
v 79.76115088 -36.52769227 86.91678236
v 85.72070068 -37.22330680 84.05058231
v 91.69152451 -37.97212893 80.96514643
v 97.67482119 -38.77876538 77.64149326
v 103.67199609 -39.64908972 74.05542144
v 109.68463916 -40.58966652 70.17988240
v 115.71471387 -41.60947887 65.97786229
v 121.76457070 -42.71946775 61.40428016
v 127.83719854 -43.93437465 56.39839534
v 133.93645313 -45.27389329 50.87906210
v 140.06762373 -46.76635499 44.72954447
v 146.23835625 -48.45437190 37.77426399
v 152.46070488 -50.40785098 29.72517702
v 158.75648467 -52.75854438 20.03941391
v 165.17610205 -55.82339435 7.41105038
v 171.96232588 -61.20150814 -14.74885193
v -256.11470361 -65.59176387 -7.28880885
v -249.13643936 -61.06035492 11.28508102
v -242.54575137 -58.19547022 23.02801870
v -236.10840322 -55.95233482 32.22245473
v -229.76394697 -54.06926311 39.94101798
v -223.48505127 -52.43109489 46.65574104
v -217.25644775 -50.97533115 52.62280241
v -211.06835625 -49.66296790 58.00207645
v -204.91405049 -48.46796388 62.90030420
v -198.78862705 -47.37191660 67.39291600
v -192.68833594 -46.36116889 71.53589159
v -186.61022051 -45.42530424 75.37192739
v -180.55185674 -44.55598945 78.93518052
v -174.51128320 -43.74685889 82.25174326
v -168.48678428 -42.99235707 85.34438701
v -162.47693408 -42.28820168 88.23066474
v -156.48044004 -41.63045758 90.92670623
v -150.49622373 -41.01623130 93.44437157
v -144.52327969 -40.44274510 95.79504649
v -138.56070000 -39.90756848 97.98869347
v -132.60767871 -39.40873388 100.03337741
v -126.66348750 -38.94462093 101.93573995
v -120.72743086 -38.51360931 103.70242277
v -114.79888037 -38.11442589 105.33864433
v -108.87724424 -37.74591327 106.84914865
v -102.96195410 -37.40691406 108.23867980
v -97.05249404 -37.09661811 109.51055860
v -91.14835547 -36.81409948 110.66858029
v -85.24907402 -36.55877949 111.71511689
v -79.35419707 -36.33007945 112.65254043
v -73.46328369 -36.12742066 113.48322292
v -67.57590469 -35.95022442 114.20953641
v -61.69166104 -35.79825926 114.83242968
v -55.81015283 -35.67117796 115.35332596
v -49.93098721 -35.56863330 115.77364845
v -44.05378271 -35.49039381 116.09434598
v -38.17816641 -35.43634375 116.31589294
v -32.30376445 -35.40625164 116.43923814
v -26.43021826 -35.40034896 116.46343278
v -20.55715430 -35.41828849 116.38990006
v -14.68421338 -35.46030170 116.21769118
v -8.81102988 -35.52638861 115.94680614
v -2.93723877 -35.61678068 115.57629613
v 2.93752969 -35.73170940 115.10521234
v 8.81364814 -35.87117476 114.53355476
v 14.69149512 -36.03563972 113.85942579
v 20.57145850 -36.22556723 113.08092780
v 26.45393027 -36.44118878 112.19711199
v 32.33931680 -36.68308306 111.20560632
v 38.22803994 -36.95194450 110.10356438
v 44.12052686 -37.24823605 108.88908854
v 50.01722900 -37.57276789 107.55885797
v 55.91861982 -37.92646593 106.10907744
v 61.82518535 -38.31014035 104.53642610
v 67.73745498 -38.72506426 102.83568552
v 73.65598389 -39.17251081 101.00163724
v 79.58135303 -39.65375310 99.02906281
v 85.51419463 -40.17041150 96.91132057
v 91.45521006 -40.72456930 94.63987123
v 97.40512354 -41.31807832 92.20712431
v 103.36477881 -41.95371629 89.60169411
v 109.33507588 -42.63426095 86.81219492
v 115.31702812 -43.36306873 83.82486899
v 121.31180098 -44.14430623 80.62263777
v 127.32070723 -44.98271873 77.18605067
v 133.34531396 -45.88444041 73.48996424
v 139.38743643 -46.85664707 69.50496539
v 145.44927920 -47.90848209 65.19357616
v 151.53360557 -49.05198231 60.50645847
v 157.64393496 -50.30300395 55.37861888
v 163.78492969 -51.68330593 49.72086932
v 169.96307871 -53.22425349 43.40464615
v 195.41728857 -62.94713028 3.55133682
v -262.38340195 -72.56999556 -10.44495975
v -255.20494629 -67.21439413 11.39340641
v -248.56069980 -64.15591141 23.86488442
v -242.09164512 -61.80505757 33.45088661
v -235.72441230 -59.84686564 41.43574376
v -229.42771113 -58.15060339 48.35253854
v -223.18448730 -56.64695019 54.48393752
v -216.98400234 -55.29333664 60.00352457
v -210.81903809 -54.06208101 65.02417662
v -204.68428857 -52.93329433 69.62699432
v -198.57575156 -51.89243785 73.87126176
v -192.49032715 -50.92869478 77.80108633
v -186.42544717 -50.03322557 81.45251275
v -180.37904326 -49.19928424 84.85304885
v -174.34933857 -48.42117163 88.02593400
v -168.33483809 -47.69435163 90.98966484
v -162.33421875 -47.01486973 93.76036664
v -156.34633037 -46.37946925 96.35131904
v -150.37014814 -45.78535875 98.77390459
v -144.40474658 -45.23009573 101.03808303
v -138.44930449 -44.71170291 103.15191697
v -132.50305371 -44.22831935 105.12299480
v -126.56530137 -43.77843301 106.95748206
v -120.63537305 -43.36041556 108.66201857
v -114.71269570 -42.97333652 110.24039851
v -108.79668252 -42.61591648 111.69783887
v -102.88681348 -42.28734127 113.03765958
v -96.98257529 -41.98668042 114.26365482
v -91.08349160 -41.71323606 115.37867021
v -85.18910010 -41.46631033 116.38555140
v -79.29896836 -41.24543801 117.28619548
v -73.41266602 -41.05003753 118.08297382
v -67.52978789 -40.87975997 118.77730922
v -61.64992969 -40.73414009 119.37109879
v -55.77270762 -40.61294527 119.86529107
v -49.89773760 -40.51582658 120.26130887
v -44.02465137 -40.44266771 120.55962647
v -38.15308301 -40.39335235 120.76071815
v -32.28266895 -40.36776419 120.86505817
v -26.41304795 -40.36578693 120.87312080
v -20.54386523 -40.38753686 120.78443179
v -14.67476074 -40.43289769 120.59946539
v -8.80537852 -40.50198571 120.31774733
v -2.93536055 -40.59503356 119.93832908
v 2.93565586 -40.71227385 119.46026208
v 8.80803721 -40.85382288 118.88307206
v 14.68215381 -41.01991329 118.20581048
v 20.55838682 -41.21112661 117.42610596
v 26.43712383 -41.42781179 116.54253571
v 32.31875947 -41.67031774 115.55367688
v 38.20370303 -41.93922601 114.45715813
v 44.09238428 -42.23535079 113.24965953
v 49.98523447 -42.55915729 111.92928401
v 55.88272207 -42.91169232 110.49176310
v 61.78532432 -43.29377004 108.93377689
v 67.69355508 -43.70655355 107.25058266
v 73.60794434 -44.15108964 105.43791195
v 79.52906689 -44.62877402 103.49007349
v 85.45754268 -45.14123503 101.40042746
v 91.39402441 -45.69010102 99.16233403
v 97.33924600 -46.27758186 96.76678203
v 103.29398584 -46.90588744 94.20476027
v 109.25912109 -47.57780921 91.46488620
v 115.23563086 -48.29660382 88.53388019
v 121.22458389 -49.06576058 85.39751405
v 127.22725781 -49.89004819 82.03634259
v 133.24509229 -50.77481690 78.42854926
v 139.27978623 -51.72669637 74.54710053
v 145.33338750 -52.75406091 70.35784873
v 151.40836670 -53.86726209 65.81858359
v 157.50788438 -55.08025708 60.87239238
v 163.63604297 -56.41177176 55.44291716
v 169.79839102 -57.88797585 49.42344656
v 176.00297490 -59.54829836 42.65320209
v 182.26231699 -61.45612814 34.87370506
v 188.59859648 -63.72765870 25.61115693
v 195.06065186 -66.62761114 13.78611277
v 201.83634844 -71.21289271 -4.91114452
v -261.44262949 -74.13313552 8.41244524
v -254.68578223 -70.62858377 22.62908929
v -248.15996543 -68.06562316 33.02605336
v -241.75509961 -65.97182179 41.51981542
v -235.43031475 -64.17641693 48.80309548
v -229.16472305 -62.59443627 55.22059406
v -222.94575439 -61.17608864 60.97429522
v -216.76502373 -59.88899806 66.19553603
v -210.61664648 -58.71119096 70.97345499
v -204.49614902 -57.62630404 75.37443184
v -198.40011211 -56.62229859 79.44730312
v -192.32575781 -55.68959038 83.23094839
v -186.27086953 -54.82093280 86.75476437
v -180.23355469 -54.01024807 90.04340642
v -174.21216357 -53.25227655 93.11821087
v -168.20535234 -52.54316117 95.99482438
v -162.21190283 -51.87939552 98.68747118
v -156.23071377 -51.25782380 101.20895307
v -150.26083682 -50.67599154 103.56922702
v -144.30138721 -50.13156111 105.77777585
v -138.35160967 -49.62289618 107.84123753
v -132.41074219 -49.14800978 109.76767245
v -126.47815078 -48.70573311 111.56182204
v -120.55317686 -48.29442982 113.23032425
v -114.63527461 -47.91328177 114.77649809
v -108.72388213 -47.56112013 116.20508495
v -102.81848145 -47.23700987 117.51987797
v -96.91858301 -46.94013283 118.72419614
v -91.02374092 -46.67002146 119.81993601
v -85.13349316 -46.42585762 120.81041658
v -79.24741787 -46.20717378 121.69753441
v -73.36509521 -46.01338553 122.48366021
v -67.48613730 -45.84425912 123.16974225
v -61.61015479 -45.69944390 123.75720296
v -55.73675977 -45.57847234 124.24793891
v -49.86558867 -45.48122758 124.64242423
v -43.99627588 -45.40747584 124.94160721
v -38.12846426 -45.35710024 125.14596198
v -32.26180225 -45.33010079 125.25548856
v -26.39593301 -45.32624373 125.27113521
v -20.53050850 -45.34552905 125.19290194
v -14.66518213 -45.38807364 125.02031461
v -8.79960498 -45.45399437 124.75289908
v -2.93342578 -45.54340812 124.39018121
v 2.93370908 -45.65643179 123.93168685
v 8.80215645 -45.79329912 123.37646773
v 14.67227930 -45.95436076 122.72310142
v 20.54444561 -46.13985048 121.97063964
v 26.41903066 -46.35011891 121.11765996
v 32.29642324 -46.58575046 120.16179168
v 38.17702002 -46.84721265 119.10113824
v 44.06123145 -47.13508988 117.93332893
v 49.94947969 -47.44996656 116.65599305
v 55.84220977 -47.79266086 115.26581161
v 61.73988926 -48.16410781 113.75899148
v 67.64300449 -48.56524247 112.13173953
v 73.55206787 -48.99711676 110.37978850
v 79.46762080 -49.46089949 108.49839697
v 85.39025361 -49.95811011 106.48140111
v 91.32059619 -50.49038494 104.32216295
v 97.25933057 -51.05959409 102.01309623
v 103.20717627 -51.66760764 99.54661469
v 109.16496621 -52.31711384 96.91181310
v 115.13357578 -53.01068409 94.09826034
v 121.11404004 -53.75194166 91.09125806
v 127.10746670 -54.54450988 87.87610786
v 133.11518115 -55.39329773 84.43289585
v 139.13867607 -56.30379860 80.73933738
v 145.17975527 -57.28314222 76.76650985
v 151.24054482 -58.33986089 72.47980098
v 157.32369902 -59.48517514 67.83369322
v 163.43256445 -60.73369508 62.76891894
v 169.57154883 -62.10540731 57.20440005
v 175.74665332 -63.62836319 51.02634268
v 181.96671123 -65.34545797 44.06073710
v 188.24571650 -67.32682008 36.02309869
v 194.60916211 -69.70452473 26.37764812
v 201.11637979 -72.79637063 13.83519597
v 208.05588193 -78.20841587 -8.11942937
v -267.39812725 -79.74297440 10.75843783
v -260.62211074 -76.20826705 25.02374479
v -254.08242334 -73.62186430 35.46190145
v -247.66634238 -71.50785209 43.99359310
v -241.33203281 -69.69416374 51.31324321
v -235.05812754 -68.09517700 57.76640450
v -228.83175820 -66.66062257 63.55595291
v -222.64437744 -65.35796634 68.81318898
v -216.48996914 -64.16500995 73.62770046
v -210.36400020 -63.06542762 78.06537462
v -204.26297080 -62.04700438 82.17550842
v -198.18405674 -61.10010919 85.99697061
v -192.12496875 -60.21722515 89.56009779
v -186.08382598 -59.39247968 92.88859042
v -180.05895410 -58.62058745 96.00377890
v -174.04895713 -57.89743765 98.92225356
v -168.05260459 -57.21950674 101.65823468
v -162.06881689 -56.58385842 104.22357249
v -156.09660410 -55.98779130 106.62916920
v -150.13511982 -55.42930872 108.88308296
v -144.18352881 -54.90617908 110.99431995
v -138.24112295 -54.41687551 112.96904229
v -132.30721143 -53.95975370 114.81388610
v -126.38119922 -53.53375657 116.53311748
v -120.46247637 -53.13747471 118.13242454
v -114.55050674 -52.76996850 119.61559933
v -108.64478379 -52.43041579 120.98595994
v -102.74479688 -52.11775950 122.24777244
v -96.85011445 -51.83164728 123.40245886
v -90.96026660 -51.57113953 124.45381127
v -85.07483613 -51.33576643 125.40372571
v -79.19341523 -51.12505817 126.25409822
v -73.31560547 -50.93854495 127.00682484
v -67.44103125 -50.77599187 127.66285357
v -61.56930938 -50.63692912 128.22408047
v -55.70007715 -50.52112179 128.69145354
v -49.83297656 -50.42833499 129.06592081
v -43.96765869 -50.35845126 129.34795629
v -38.10377314 -50.31123570 129.53850799
v -32.24098389 -50.28680576 129.63710190
v -26.37894463 -50.28492653 129.64468605
v -20.51731787 -50.30559802 129.56126043
v -14.65576758 -50.34893768 129.38635104
v -8.79395537 -50.41506296 129.11948385
v -2.93154023 -50.50397385 128.76065889
v 2.93181973 -50.61602273 128.30845411
v 8.79647080 -50.75120957 127.76286951
v 14.66276367 -50.90988675 127.12248308
v 20.53105400 -51.09228916 126.38634679
v 26.40170742 -51.29888661 125.55256460
v 32.27509893 -51.53014890 124.61924048
v 38.15160908 -51.78642840 123.58495240
v 44.03163428 -52.06831235 122.44733031
v 49.91558262 -52.37638803 121.20400417
v 55.80388506 -52.71147758 119.85165592
v 61.69698281 -53.07428572 118.38744149
v 67.59533789 -53.46563461 116.80804282
v 73.49945068 -53.88669877 115.10871983
v 79.40982920 -54.33841781 113.28568043
v 85.32704268 -54.82231860 111.33276252
v 91.25167266 -55.33969311 109.24475198
v 97.18435547 -55.89218566 107.01501269
v 103.12579102 -56.48179294 104.63548649
v 109.07674072 -57.11074651 102.09716720
v 115.03802197 -57.78139542 99.39057466
v 121.01055908 -58.49667596 96.50385861
v 126.99541055 -59.26022912 93.42232478
v 132.99373389 -60.07593082 90.13033086
v 139.00688789 -60.94871402 86.60796848
v 145.03644463 -61.88445130 82.83153715
v 151.08425771 -62.89030721 78.77212234
v 157.15261875 -63.97567789 74.39180329
v 163.24429688 -65.15207360 69.64412712
v 169.36285869 -66.43499795 64.46652459
v 175.51302715 -67.84570970 58.77320005
v 181.70132549 -69.41451136 52.44185913
v 187.93739180 -71.18767890 45.28574219
v 194.23692920 -73.24320019 36.99010712
v 200.62930811 -75.73153081 26.94774815
v 207.18761396 -79.03967393 13.59680493
v 214.63845674 -87.20115405 -19.34114657
v -279.99467314 -88.10447546 2.04594858
v -272.91004863 -83.39761743 20.94465301
v -266.25344297 -80.41660340 32.91384827
v -259.76522021 -78.07822226 42.30278111
v -253.37858350 -76.11125814 50.20042179
v -247.06349004 -74.39674429 57.08443872
v -240.80308066 -72.86953226 63.21641222
v -234.58671973 -71.48961240 68.75698674
v -228.40704756 -70.22995753 73.81468018
v -222.25869141 -69.07132998 78.46673458
v -216.13762295 -67.99980308 82.76906745
v -210.04063125 -67.00451876 86.76527553
v -203.96510508 -66.07686138 90.48995186
v -197.90891836 -65.21010364 93.97010746
v -191.87026904 -64.39869848 97.22801455
v -185.84761289 -63.63804303 100.28215437
v -179.83960430 -62.92424254 103.14816486
v -173.84506143 -62.25399238 105.83931459
v -167.86293486 -61.62446000 108.36697662
v -161.89231201 -61.03340298 110.74015462
v -155.93232480 -60.47857888 112.96785226
v -149.98219453 -59.95809936 115.05765157
v -144.04122305 -59.47043011 117.01571297
v -138.10875645 -59.01415486 118.84772298
v -132.18419531 -58.58809339 120.55842038
v -126.26696367 -58.19106547 122.15254394
v -120.35652100 -57.82200890 123.63435856
v -114.45238213 -57.48021554 125.00670750
v -108.55405430 -57.16474122 126.27338178
v -102.66108398 -56.87487779 127.43722466
v -96.77306074 -56.61027119 128.49965778
v -90.88954482 -56.37009527 129.46399828
v -85.01013838 -56.15387792 130.33214167
v -79.13446875 -55.96138311 131.10503571
v -73.26215332 -55.79213875 131.78457589
v -67.39283232 -55.64590879 132.37170998
v -61.52613838 -55.52222114 132.86833349
v -55.66173574 -55.42107580 133.27444642
v -49.79927373 -55.34211870 133.59147040
v -43.93842188 -55.28534984 133.81940543
v -38.07884590 -55.25065121 133.95872538
v -32.22021064 -55.23778675 134.01037802
v -26.36219619 -55.24699251 133.97341558
v -20.50446973 -55.27803244 133.84878583
v -14.64670898 -55.33114260 133.63554100
v -8.78858613 -55.40644100 133.33320722
v -2.92977041 -55.50380962 132.94225837
v 2.93006807 -55.62372054 132.46079893
v 8.79126504 -55.76617378 131.88882892
v 14.65416211 -55.93164142 131.22445281
v 20.51910410 -56.12024149 130.46719673
v 26.38644346 -56.33232804 129.61563905
v 32.25654609 -56.56849120 128.66741038
v 38.12978203 -56.82908503 127.62108909
v 44.00653711 -57.11469965 126.47430579
v 49.88720391 -57.42580714 125.22516498
v 55.77220107 -57.76323366 123.87034950
v 61.66195137 -58.12756933 122.40748998
v 67.55692295 -58.51999437 120.83184764
v 73.45757080 -58.94109889 119.14105309
v 79.36441699 -59.39229917 117.32941981
v 85.27797773 -59.87453938 115.39315677
v 91.19884248 -60.38947184 113.32562969
v 97.12760449 -60.93839481 111.12162592
v 103.06495459 -61.52343268 108.77261567
v 109.01159326 -62.14635579 106.27149078
v 114.96831328 -62.80952460 103.60877369
v 120.93601436 -63.51588967 100.77261748
v 126.91566738 -64.26851959 97.75070132
v 132.90838330 -65.07119108 94.52786115
v 138.91543066 -65.92838899 91.08608963
v 144.93826758 -66.84542434 87.40406226
v 150.97862197 -67.82890640 83.45524192
v 157.03857041 -68.88709675 79.20645719
v 163.12062744 -70.03026334 74.61648074
v 169.22796240 -71.27186076 69.63129053
v 175.36472051 -72.63018249 64.17743558
v 181.53646465 -74.13048538 58.15350613
v 187.75116035 -75.81018257 51.40928303
v 194.02109619 -77.72887546 43.70545821
v 200.36751738 -79.99290238 34.61506812
v 206.83514795 -82.83335153 23.21026084
v 213.57168867 -87.03955783 6.32174433
v -279.93102627 -93.69450404 4.50713649
v -272.83593340 -88.91222163 23.61092735
v -266.17355156 -85.88310676 35.71133717
v -259.68138926 -83.50673045 45.20425128
v -253.29189844 -81.50748143 53.19065441
v -246.97473516 -79.76463153 60.15281958
v -240.71285742 -78.21200558 66.35509683
v -234.49548398 -76.80880743 71.96045463
v -228.31518896 -75.52764198 77.07832822
v -222.16658203 -74.34917849 81.78593814
v -216.04553174 -73.25894855 86.14108133
v -209.94883740 -72.24616016 90.18686866
v -203.87383506 -71.30191881 93.95883103
v -197.81840947 -70.41958326 97.48349821
v -191.78069092 -69.59322384 100.78455747
v -185.75914834 -68.81833399 103.88001115
v -179.75242910 -68.09100012 106.78549285
v -173.75932705 -67.40778304 109.51474118
v -167.77880420 -66.76595508 112.07865231
v -161.80989258 -66.16290720 114.48764862
v -155.85175342 -65.59662329 116.74978381
v -149.90360273 -65.06520587 118.87263779
v -143.96473711 -64.56711322 120.86236926
v -138.03446982 -64.10068503 122.72561066
v -132.11221289 -63.66485396 124.46662570
v -126.19737422 -63.25831549 126.09062558
v -120.28943555 -62.88023945 127.60092652
v -114.38787217 -62.52955850 129.00179222
v -108.49222383 -62.20567969 130.29559142
v -102.60201123 -61.90765425 131.48611409
v -96.71681250 -61.63500782 132.57525520
v -90.83621514 -61.38726602 133.56490973
v -84.95979902 -61.16371730 134.45792016
v -79.08718184 -60.96400587 135.25570774
v -73.21799561 -60.78789454 135.95921993
v -67.35186357 -60.63490894 136.57035174
v -61.48842451 -60.50469329 137.09052440
v -55.62734092 -60.39724759 137.51973790
v -49.76826035 -60.31221606 137.85941349
v -43.91084619 -60.24948010 138.11002491
v -38.05476416 -60.20892113 138.27204590
v -32.19968555 -60.19053914 138.34547646
v -26.34527900 -60.19421553 138.33079035
v -20.49121758 -60.21995032 138.22798756
v -14.63717725 -60.26798068 138.03612060
v -8.78282578 -60.33806944 137.75613695
v -2.92783711 -60.43057236 137.38661539
v 2.92812129 -60.54560804 136.92708217
v 8.78538428 -60.68329508 136.37706354
v 14.64429199 -60.84398926 135.73513827
v 20.50519160 -61.02804635 134.99988512
v 26.36843203 -61.23558495 134.17083034
v 32.23437422 -61.46707944 133.24607895
v 38.10339229 -61.72312278 132.22326222
v 43.97586768 -62.00418935 131.10048518
v 49.85219121 -62.31075352 129.87585283
v 55.73276865 -62.64340825 128.54699646
v 61.61803594 -63.00310230 127.11012609
v 67.50844102 -63.39066582 125.56192550
v 73.40444092 -63.80681037 123.89955223
v 79.30653838 -64.25272188 122.11826882
v 85.21525107 -64.72946771 120.21381155
v 91.13115410 -65.23858955 118.18002174
v 97.05483369 -65.78139194 116.01168818
v 102.98695312 -66.35977239 113.70123095
v 108.92819150 -66.97539118 111.24201760
v 114.87934072 -67.63073880 108.62409947
v 120.84125391 -68.32842429 105.83705418
v 126.81484834 -69.07117530 102.86998556
v 132.80121387 -69.86278684 99.70773375
v 138.80152910 -70.70717247 96.33466516
v 144.81720791 -71.60955032 92.72993498
v 150.84984199 -72.57573147 88.87032967
v 156.90137080 -73.61330590 84.72552951
v 162.97410938 -74.73152389 80.25858236
v 169.07095635 -75.94248200 75.42116615
v 175.19556797 -77.26183456 70.15074648
v 181.35282129 -78.71128417 64.36062790
v 187.54948037 -80.32190233 57.92668906
v 193.79555127 -82.14112643 50.65943173
v 200.10725771 -84.24829553 42.24192011
v 206.51514697 -86.79758115 32.05828494
v 213.09516357 -90.18461117 18.52811093
v 220.60374727 -98.53513444 -14.82973720
v -279.61491709 -98.17768787 11.35621390
v -272.62961045 -93.83271523 28.62511959
v -265.99559502 -90.89793419 40.28927980
v -259.51772900 -88.55826020 49.58821278
v -253.13735449 -86.57500696 57.47056694
v -246.82681846 -84.83842404 64.37254058
v -240.57021357 -83.28690345 70.53899201
v -234.35731113 -81.88183591 76.12337210
v -228.18098789 -80.59700527 81.22987589
v -222.03604248 -79.41382186 85.93238713
v -215.91845186 -78.31822429 90.28679223
v -209.82507275 -77.29960693 94.33524284
v -203.75331416 -76.34938994 98.11183913
v -197.70106787 -75.46090012 101.64310348
v -191.66652832 -74.62853673 104.95129574
v -185.64814775 -73.84765236 108.05488685
v -179.64459492 -73.11443376 110.96903245
v -173.65468271 -72.42554432 113.70699372
v -167.67735645 -71.77812409 116.28013739
v -161.71168213 -71.16978978 118.69793575
v -155.75680371 -70.59839645 120.96891383
v -149.81195215 -70.06215661 123.10017584
v -143.87639355 -69.55928281 125.09882600
v -137.94948428 -69.08846423 126.97007405
v -132.03060645 -68.64839007 128.71912974
v -126.11918057 -68.23786869 130.35072922
v -120.21468662 -67.85606593 131.86818778
v -114.31659814 -67.50190930 133.27576793
v -108.42444229 -67.17468384 134.57631138
v -102.53777051 -66.87379371 135.77218618
v -96.65612666 -66.59840476 136.86670762
v -90.77909824 -66.34804034 137.86177018
v -84.90627363 -66.12210462 138.75974191
v -79.03728457 -65.92047845 139.56109643
v -73.17172852 -65.74244682 140.26867542
v -67.30924395 -65.58777142 140.88342610
v -61.44948018 -65.45633308 141.40582210
v -55.59207217 -65.34765514 141.83775787
v -49.73668418 -65.26173760 142.17923341
v -43.88297168 -65.19834213 142.43119594
v -38.03060244 -65.15746874 142.59364547
v -32.17923457 -65.13875993 142.66800283
v -26.32854902 -65.14257319 142.65284719
v -20.47820742 -65.16855103 142.54959939
v -14.62788721 -65.21705095 142.35683858
v -8.77725527 -65.28795377 142.07503838
v -2.92598145 -65.38137866 141.70372517
v 2.92626709 -65.49756396 141.24195174
v 8.77982783 -65.63674799 140.68877084
v 14.63504297 -65.79916908 140.04323526
v 20.49225937 -65.98506556 139.30439776
v 26.35182861 -66.19467575 138.47131112
v 32.21411982 -66.42871465 137.54113365
v 38.07949717 -66.68730141 136.51339174
v 43.94834912 -66.97115103 135.38524372
v 49.82107324 -67.28085933 134.15432150
v 55.69807324 -67.61690296 132.81873064
v 61.57978682 -67.98023524 131.37468222
v 67.46665020 -68.37145199 129.81980817
v 73.35914795 -68.79174486 128.14937237
v 79.25776436 -69.24194799 126.36005950
v 85.16302559 -69.72325303 124.44713344
v 91.07549941 -70.23708996 122.40491081
v 96.99578174 -70.78488875 120.22770826
v 102.92452734 -71.36843685 117.90842157
v 108.86242617 -71.98952175 115.43994654
v 114.81024902 -72.65040755 112.81328451
v 120.76884727 -73.35371589 110.01801598
v 126.73916162 -74.10242586 107.04230059
v 132.72224414 -74.89999325 103.87240355
v 138.71929746 -75.75058879 100.49174838
v 144.73167803 -76.65897907 96.88139052
v 150.76098545 -77.63112231 93.01764930
v 156.80912285 -78.67440671 88.87116064
v 162.87836426 -79.79788875 84.40592991
v 168.97152920 -81.01324654 79.57554296
v 175.09218545 -82.33573314 74.31937721
v 181.24504072 -83.78620232 68.55455026
v 187.43657871 -85.39432600 62.16313229
v 193.67624707 -87.20467169 54.96799172
v 199.97913984 -89.29076382 46.67690886
v 206.37279404 -91.79095226 36.74001812
v 212.92145625 -95.03830154 23.83356896
v 219.93817119 -100.71565144 1.26918758
v -279.34471758 -102.84937811 17.40441572
v -272.44474893 -98.84075906 33.25611873
v -265.83946260 -96.00518702 44.46911883
v -259.37749248 -93.71249496 53.53535167
v -253.00771289 -91.75518156 61.27536150
v -246.70499326 -90.03374675 68.08261184
v -240.45455127 -88.49107678 74.18295360
v -234.24672656 -87.09077212 79.72032528
v -228.07475947 -85.80804755 84.79273767
v -221.93360596 -84.62482304 89.47168654
v -215.81943135 -83.52780797 93.80972839
v -209.72913955 -82.50646562 97.84852963
v -203.66028545 -81.55289347 101.61934007
v -197.61073564 -80.66014686 105.14962167
v -191.57875928 -79.82295745 108.46020763
v -185.56283936 -79.03677529 111.56909027
v -179.56167305 -78.29788858 114.49094753
v -173.57406475 -77.60282500 117.23951039
v -167.59900371 -76.94895037 119.82519545
v -161.63556299 -76.33386999 122.25747235
v -155.68289355 -75.75542862 124.54486377
v -149.74023340 -75.21183023 126.69447193
v -143.80687002 -74.70139853 128.71292559
v -137.88216504 -74.22281642 130.60543304
v -131.96549268 -73.77464709 132.37767606
v -126.05630566 -73.35593265 134.03344253
v -120.15406348 -72.96559548 135.57699376
v -114.25826953 -72.60279744 137.01164414
v -108.36844365 -72.26670037 138.34070805
v -102.48413232 -71.95658587 139.56702636
v -96.60489609 -71.67173553 140.69343998
v -90.73033682 -71.41179013 141.72136934
v -84.86004639 -71.17615100 142.65318187
v -78.99362842 -70.96421947 143.49124496
v -73.13072754 -70.77587580 144.23603210
v -67.27097051 -70.61064105 144.88943723
v -61.41400576 -70.46827575 145.45240730
v -55.55948643 -70.34854042 145.92588927
v -49.70706533 -70.25107586 146.31130360
v -43.85641553 -70.17588207 146.60865028
v -38.00720244 -70.12271959 146.81887627
v -32.15910586 -70.09170814 146.94150810
v -26.31179268 -70.08248852 146.97796622
v -20.46494707 -70.09530020 146.92730365
v -14.61824561 -70.13014318 146.78952039
v -8.77136396 -70.18689772 146.56508994
v -2.92398105 -70.26580331 146.25306531
v 2.92422832 -70.36685992 145.85344653
v 8.77359199 -70.49042678 145.36481313
v 14.62444189 -70.63662362 144.78669164
v 20.47711436 -70.80568990 144.11813509
v 26.33195303 -70.99798484 143.35772304
v 32.18930537 -71.21374790 142.50450853
v 38.04953115 -71.45345802 141.55659761
v 43.91299512 -71.71747442 140.51256986
v 49.78007900 -72.00639577 139.37005786
v 55.65117627 -72.32082074 138.12669419
v 61.52669209 -72.66134801 136.78011146
v 67.40705010 -73.02869600 135.32746876
v 73.29269531 -73.42370285 133.76545173
v 79.18409707 -73.84732644 132.09027251
v 85.08173496 -74.30040492 130.29861672
v 90.98614131 -74.78425538 128.38527606
v 96.89786455 -75.30007517 126.34551572
v 102.81750732 -75.84942085 124.17318042
v 108.74570273 -76.43384899 121.86211490
v 114.68313721 -77.05515561 119.40521694
v 120.63059238 -77.71573541 116.79301689
v 126.58888418 -78.41786338 114.01651859
v 132.55895215 -79.16453288 111.06388500
v 138.54180820 -79.95885705 107.92280559
v 144.53864004 -80.80490687 104.57718196
v 150.55078975 -81.70735204 101.00854832
v 156.57981504 -82.67182011 97.19465102
v 162.62754492 -83.70513599 93.10850158
v 168.69615908 -84.81568115 88.71695627
v 174.78838154 -86.01447126 83.97645475
v 180.90758086 -87.31539560 78.83207310
v 187.05819111 -88.73749209 73.20852770
v 193.24618066 -90.30710250 67.00165250
v 199.48009453 -92.06314082 60.05756587
v 205.77314092 -94.06762995 52.13100414
v 212.14827041 -96.43168426 42.78257604
v 218.65372764 -99.39585204 31.06105629
v 225.44927490 -103.78271499 13.71362373
v -279.09522510 -107.60117746 23.09025714
v -272.26044727 -103.84341181 37.87534960
v -265.68001875 -101.09032363 48.70749482
v -259.23223477 -98.83674699 57.57429015
v -252.87209473 -96.90053824 65.19238773
v -246.57657832 -95.19074584 71.91964030
v -240.33188848 -93.65419445 77.96526863
v -234.12889775 -92.25659676 83.46417752
v -227.96110928 -90.97413216 88.51009030
v -221.82369873 -89.78959684 93.17069604
v -215.71294688 -88.69011804 97.49664321
v -209.62584287 -87.66546973 101.52816658
v -203.55995918 -86.70771169 105.29650726
v -197.51325850 -85.81034739 108.82722616
v -191.48403955 -84.96820365 112.14067732
v -185.47079414 -84.17670885 115.25484807
v -179.47221035 -83.43201317 118.18488560
v -173.48717227 -82.73110897 120.94262367
v -167.51465596 -82.07122920 123.53894934
v -161.55373975 -81.44996774 125.98332960
v -155.60357988 -80.86515907 128.28428476
v -149.66341963 -80.31499859 130.44891507
v -143.73256611 -79.79792234 132.48337409
v -137.81038447 -79.31260694 134.39286866
v -131.89626563 -78.85772901 136.18260564
v -125.98963887 -78.43208551 137.85731853
v -120.08998096 -78.03471397 139.42079414
v -114.19681025 -77.66489256 140.87587255
v -108.30962666 -77.32153853 142.22681392
v -102.42800244 -77.00417065 143.47551166
v -96.55149023 -76.71194677 144.62527922
v -90.67970449 -76.44462629 145.67706329
v -84.81222188 -76.20136706 146.63417733
v -78.94866709 -75.98180816 147.49804138
v -73.08867920 -75.78570897 148.26960215
v -67.23188848 -75.61258828 148.95075304
v -61.37794687 -75.46220547 149.54244075
v -55.52650547 -75.33419962 150.04608533
v -49.67723232 -75.22845043 150.46216013
v -43.82979785 -75.14483759 150.79113849
v -37.98387100 -75.08312048 151.03396713
v -32.13913184 -75.04329912 151.19064603
v -26.29525518 -75.02513287 151.26212191
v -20.45192666 -75.02874206 151.24792140
v -14.60882813 -75.05412668 151.14804452
v -8.76564141 -75.10128673 150.96249125
v -2.92204834 -75.17022221 150.69126161
v 2.92227012 -75.26129404 150.33293553
v 8.76763652 -75.37438191 149.88798637
v 14.61437549 -75.50972644 149.35546744
v 20.46281836 -75.66768854 148.73395867
v 26.31330088 -75.84850883 148.02251337
v 32.16616348 -76.05242792 147.22018483
v 38.02175127 -76.27968643 146.32602637
v 43.88043164 -76.53100618 145.33719787
v 49.74256611 -76.80662779 144.25275264
v 55.60853760 -77.10715280 143.07032392
v 61.47873457 -77.43306242 141.78801832
v 67.35357510 -77.78519881 140.40252238
v 73.23347900 -78.16416349 138.91146936
v 79.11889365 -78.57079861 137.31154579
v 85.01029131 -79.00606662 135.59896489
v 90.90816299 -79.47092996 133.76993984
v 96.81304746 -79.96671201 131.81926381
v 102.72549902 -80.49461582 129.74220328
v 108.64611709 -81.05608508 127.53307805
v 114.57556348 -81.65292438 125.18478787
v 120.51452314 -82.28681800 122.69070584
v 126.46377686 -82.96005176 120.04183831
v 132.42418945 -83.67527241 117.22777157
v 138.39667734 -84.43512667 114.23809191
v 144.38230898 -85.24310343 111.05907219
v 150.38228057 -86.10317279 107.67509185
v 156.39794326 -87.01990640 104.06816358
v 162.43091455 -87.99919926 100.21509322
v 168.48304365 -89.04778852 96.08937317
v 174.55660488 -90.17445653 91.65644886
v 180.65434746 -91.39003086 86.87371877
v 186.77974834 -92.70870764 81.68532759
v 192.93732275 -94.14949527 76.01648599
v 199.13325176 -95.73934234 69.76116354
v 205.37628311 -97.51734837 62.76552143
v 211.68004482 -99.54643355 54.78199751
v 218.06811650 -101.93860299 45.36990280
v 224.59027588 -104.93735652 33.57117654
v 231.41128828 -109.37413064 16.11449574
v -286.87660254 -121.17719144 -5.81289881
v -278.85281660 -112.37394905 28.65064788
v -272.06782764 -108.80045734 42.64040224
v -265.50766816 -106.10864369 53.17850189
v -259.07165859 -103.88184450 61.89613051
v -252.71956787 -101.95760087 69.42929358
v -246.43021787 -100.25250753 76.10451176
v -240.19059727 -98.71652136 82.11769745
v -233.99197471 -97.31688464 87.59709284
v -227.82812637 -96.03087245 92.63166296
v -221.69436768 -94.84180375 97.28671197
v -215.58706465 -93.73710731 101.61145455
v -209.50330547 -92.70699208 105.64422141
v -203.44069160 -91.74360106 109.41577174
v -197.39721240 -90.84052773 112.95118610
v -191.37117187 -89.99257440 116.27081290
v -185.36110400 -89.19538948 119.39168798
v -179.36569863 -88.44510490 122.32895434
v -173.38385889 -87.73881961 125.09396921
v -167.41454414 -87.07363255 127.69808984
v -161.45683447 -86.44712619 130.15078060
v -155.50991895 -85.85736649 132.45961298
v -149.57303906 -85.30254029 134.63168525
v -143.64548584 -84.78095531 136.67362247
v -137.72662441 -84.29128190 138.59063004
v -131.81585889 -83.83231129 140.38744015
v -125.91260420 -83.40271384 142.06925820
v -120.01636113 -83.00176427 143.63892350
v -114.12661025 -82.62837470 145.10069501
v -108.24288574 -82.28181986 146.45741205
v -102.36474609 -81.96149537 147.71144070
v -96.49174219 -81.66655508 148.86609350
v -90.62346855 -81.39651548 149.92326332
v -84.75952910 -81.15089308 150.88484302
v -78.89954502 -80.92932523 151.75225228
v -73.04312988 -80.73120755 152.52785717
v -67.18993594 -80.55641917 153.21213092
v -61.33959932 -80.40447657 153.80696639
v -55.49178223 -80.27525887 154.31283682
v -49.64614424 -80.16852433 154.73068863
v -43.80234961 -80.08403119 155.06146826
v -37.96007109 -80.02165858 155.30564894
v -32.11898701 -79.98140648 155.46323065
v -26.27877305 -79.96315403 155.53468662
v -20.43910723 -79.96678034 155.52049007
v -14.59967285 -79.99240630 155.42016778
v -8.76015000 -80.04003191 155.23371975
v -2.92021904 -80.10977803 154.96067275
v 2.92044170 -80.20164468 154.60102680
v 8.76215566 -80.31587360 154.15383545
v 14.60524951 -80.45258568 153.61862549
v 20.45005635 -80.61214354 152.99397725
v 26.29691104 -80.79466806 152.27941753
v 32.14615723 -81.00052188 151.47352666
v 37.99814561 -81.23006762 150.57488500
v 43.85323828 -81.48378880 149.58159966
v 49.71180176 -81.76204804 148.49225100
v 55.57421514 -82.06532885 147.30494613
v 61.44088535 -82.39447738 146.01637254
v 67.31220879 -82.74985626 144.62511056
v 73.18861816 -83.13231161 143.12784767
v 79.07056260 -83.54268960 141.52127134
v 84.95851611 -83.98195723 139.80159582
v 90.85297148 -84.45108152 137.96503537
v 96.75445957 -84.95127124 136.00685780
v 102.66353467 -85.48373516 133.92233093
v 108.58080703 -86.05004469 131.70530291
v 114.50691738 -86.65177123 129.34962192
v 120.44258496 -87.29096970 126.84724323
v 126.38855625 -87.96957412 124.19059536
v 132.34569434 -88.69024379 121.36926750
v 138.31492764 -89.45575890 118.37237563
v 144.29729590 -90.26938312 115.18714285
v 150.29400674 -91.13522627 111.79747974
v 156.30639404 -92.05776081 108.18587722
v 162.33603955 -93.04266798 104.33009403
v 168.38478545 -94.09671688 100.20362994
v 174.45482988 -95.22824805 95.77383287
v 180.54889014 -96.44801955 90.99858641
v 186.67035352 -97.76981138 85.82394364
v 192.82359814 -99.21199687 80.17797540
v 199.01451650 -100.80008111 73.96083259
v 205.25149687 -102.57153600 67.02581753
v 211.54725264 -104.58474523 59.14436575
v 217.92341396 -106.94209176 49.91566130
v 224.42370117 -109.85656116 38.50589344
v 231.17701729 -113.97545065 22.38097784
v -285.37520361 -120.51038958 21.06634882
v -278.34320566 -115.94552030 38.84825306
v -271.67986904 -112.85940294 50.86985544
v -265.18020205 -110.39692151 60.46215837
v -258.78259600 -108.30752860 68.60113942
v -252.45806836 -106.47621289 75.73481154
v -246.18989883 -104.83812108 82.11580296
v -239.96743594 -103.35305386 87.90070532
v -233.78321104 -101.99344252 93.19690927
v -227.63177637 -100.73973391 98.08058175
v -221.50894043 -99.57723281 102.60896623
v -215.41139414 -98.49464455 106.82605976
v -209.33650400 -97.48334633 110.76545148
v -203.28200508 -96.53592979 114.45599967
v -197.24606982 -95.64680834 117.91946632
v -191.22705469 -94.81088115 121.17572106
v -185.22361758 -94.02438334 124.23942957
v -179.23448906 -93.28355000 127.12525754
v -173.25861064 -92.58558784 129.84408596
v -167.29501113 -91.92794644 132.40584964
v -161.34280078 -91.30831830 134.81953723
v -155.40116543 -90.72463879 137.09319120
v -149.46939053 -90.17532909 139.23296167
v -143.54680635 -89.65893182 141.24452569
v -137.63277129 -89.17398960 143.13356030
v -131.72669824 -88.71928796 144.90479635
v -125.82803613 -88.29373386 146.56249163
v -119.93627900 -87.89647717 148.10995774
v -114.05092588 -87.52654629 149.55097938
v -108.17151621 -87.18321255 150.88839506
v -102.29761377 -86.86586869 152.12457022
v -96.42878438 -86.57378604 153.26234338
v -90.56463516 -86.30660025 154.30313380
v -84.70475479 -86.06358263 155.24977999
v -78.84876973 -85.84436883 156.10370121
v -72.99632080 -85.64871596 156.86584365
v -67.14704678 -85.47625967 157.53762655
v -61.30058730 -85.32651418 158.12094227
v -55.45661367 -85.19947948 158.61579081
v -49.61477725 -85.09466978 159.02406450
v -43.77476074 -85.01220653 159.34529027
v -37.93623311 -84.95184683 159.58041429
v -32.09887119 -84.91346923 159.72990964
v -26.26235684 -84.89707374 159.79377632
v -20.42636982 -84.90253891 159.77248743
v -14.59059521 -84.92998617 159.66556987
v -8.75471396 -84.97929410 159.47349673
v -2.91841025 -85.05070557 159.19532183
v 2.91863613 -85.14434205 158.83057210
v 8.75674687 -85.26020352 158.37924753
v 14.59624658 -85.39853290 157.84040195
v 20.43746455 -85.55957306 157.21308918
v 26.28073740 -85.74368836 156.49588997
v 32.12640234 -85.95100025 155.68833122
v 37.97481035 -86.18199451 154.78852060
v 43.82632178 -86.43715694 153.79456575
v 49.68129639 -86.71673044 152.70552051
v 55.54011533 -87.02132225 151.51901944
v 61.40317148 -87.35153960 150.23269710
v 67.27087617 -87.70811118 148.84371498
v 73.14364746 -88.09164424 147.34970765
v 79.02192305 -88.50286747 145.74783658
v 84.90618018 -88.94287389 144.03384401
v 90.79690811 -89.41263510 142.20394522
v 96.69461484 -89.91312267 140.25435554
v 102.59986816 -90.44579398 138.17939792
v 108.51326396 -91.01210641 135.97339533
v 114.43542627 -91.61351734 133.63067072
v 120.36704326 -92.25184849 131.14412780
v 126.30888867 -92.92940738 128.50477793
v 132.26178076 -93.64850150 125.70363245
v 138.22660986 -94.41168129 122.73075656
v 144.20443037 -95.22246872 119.57243073
v 150.19636465 -96.08438580 116.21493547
v 156.20374277 -97.00204755 112.64029348
v 162.22804834 -97.98055480 108.82863513
v 168.27108047 -99.02658718 104.75394066
v 174.33490547 -100.14779593 100.38640561
v 180.42211260 -101.35438268 95.68629071
v 186.53585713 -102.65897804 90.60439496
v 192.68020459 -104.07846329 85.07495934
v 198.86054736 -105.63591357 79.00809740
v 205.08438076 -107.36436275 72.27512958
v 211.36285371 -109.31445470 64.67877881
v 217.71408076 -111.57083873 55.88930376
v 224.17222412 -114.29783409 45.26661831
v 230.82248643 -117.91747290 31.16674671
v -284.88664014 -124.22238487 30.72007963
v -278.01317373 -120.29996185 45.92368287
v -271.40625586 -117.42507201 57.06696961
v -264.93823330 -115.07095929 66.19168551
v -258.56189297 -113.04751808 74.03469405
v -252.25314697 -111.26006164 80.96300811
v -245.99748311 -109.65282726 87.19276801
v -239.78539951 -108.19030744 92.86160358
v -233.61006680 -106.84748826 98.06647055
v -227.46646699 -105.60655495 102.87642031
v -221.35069336 -104.45396340 107.34395083
v -215.25963398 -103.37921998 111.50973622
v -209.19075293 -102.37402739 115.40593741
v -203.14189600 -101.43143056 119.05951282
v -197.11131738 -100.54618265 122.49079949
v -191.09742920 -99.71340293 125.71871563
v -185.09888496 -98.92918676 128.75839577
v -179.11452041 -98.19036167 131.62213675
v -173.14326680 -97.49399919 134.32128948
v -167.18416172 -96.83753693 136.86578601
v -161.23635645 -96.21890056 139.26366657
v -155.29905762 -95.63613778 141.52249843
v -149.37153926 -95.08754032 143.64890296
v -143.45315127 -94.57176597 145.64808267
v -137.54324180 -94.08722849 147.52618596
v -131.64125537 -93.63295173 149.28699648
v -125.74665527 -93.20795952 150.93429786
v -119.85889951 -92.81103169 152.47281964
v -113.97753809 -92.44168016 153.90445366
v -108.10207617 -92.09880674 155.23345649
v -102.23210156 -91.78204540 156.46124701
v -96.36717041 -91.49054199 157.59113589
v -90.50689160 -91.22393046 158.62454201
v -84.65086406 -90.98160071 159.56383013
v -78.79872217 -90.76330870 160.40994617
v -72.95009033 -90.56856637 161.16478195
v -67.10460908 -90.39700764 161.82975632
v -61.26193213 -90.24838849 162.40581520
v -55.42171787 -90.12246487 162.89390449
v -49.58362939 -90.01899276 163.29497012
v -43.74734326 -89.93797213 163.60901207
v -37.91252461 -89.87903695 163.83744921
v -32.07885850 -89.84230923 163.97980859
v -26.24602236 -89.82766695 164.03656316
v -20.41369600 -89.83498809 164.00818587
v -14.58156445 -89.86439467 163.89420378
v -8.74930957 -89.91588669 163.69461688
v -2.91661318 -89.98946416 163.40942517
v 2.91684375 -90.08549311 163.03720978
v 8.75138379 -90.20385155 162.57844368
v 14.58733301 -90.34490553 162.03170799
v 20.42502041 -90.50877705 161.39652977
v 26.26478262 -90.69583219 160.67149015
v 32.10695684 -90.90619296 159.85611617
v 37.95189785 -91.14046946 158.94804306
v 43.79995898 -91.39890571 157.94632491
v 49.65151318 -91.68211183 156.84859694
v 55.50692842 -91.99033185 155.65391326
v 61.36660811 -92.32441989 154.35896317
v 67.23095859 -92.68498606 152.96138189
v 73.10039063 -93.07251843 151.45927762
v 78.97536387 -93.48811517 149.84839376
v 84.85633359 -93.93250839 148.12589258
v 90.74379639 -94.40679628 146.28751749
v 96.63826992 -94.91207699 144.32901189
v 102.54030322 -95.44957072 142.24564624
v 108.45049043 -96.02074169 140.03174507
v 114.36947666 -96.62729818 137.68068704
v 120.29793984 -97.27094845 135.18585076
v 126.23661592 -97.95364480 132.53966896
v 132.18635742 -98.67807164 129.73173664
v 138.14805469 -99.44679139 126.75212174
v 144.12270469 -100.26285452 123.58900041
v 150.11148252 -101.13028764 120.22676513
v 156.11564062 -102.05311740 116.64980839
v 162.13670215 -103.03683464 112.83684724
v 168.17637920 -104.08754032 108.76423393
v 174.23676035 -105.21316567 104.40122640
v 180.32031885 -106.42322817 99.71093420
v 186.43017217 -107.73029578 94.64464297
v 192.57025049 -109.15059703 89.13944974
v 198.74575752 -110.70633938 83.10927674
v 204.96381943 -112.42875969 76.43304756
v 211.23499131 -114.36568942 68.92536393
v 217.57600811 -116.59497670 60.28448074
v 224.01764648 -119.26414249 49.93859570
v 230.63170840 -122.72728597 36.51519412
v 237.76943994 -128.77589021 13.07035446
v -291.52408418 -132.82639213 21.42364066
v -284.32145508 -127.57684624 41.67086450
v -277.59584531 -124.24779416 54.51084420
v -271.05732773 -121.63270582 64.59710311
v -264.63152227 -119.43001000 73.09278566
v -258.28491182 -117.50694181 80.50995908
v -251.99881934 -115.79129577 87.12711609
v -245.76137080 -114.23820397 93.11730989
v -239.56449258 -112.81799966 98.59496363
v -233.40222891 -111.50922959 103.64282131
v -227.27009443 -110.29620225 108.32140428
v -221.16456299 -109.16690384 112.67704918
v -215.08278721 -108.11189492 116.74616338
v -209.02241221 -107.12357492 120.55806191
v -202.98147100 -106.19581435 124.13638590
v -196.95825117 -105.32334183 127.50146675
v -190.95131250 -104.50198932 130.66938043
v -184.95934980 -103.72795651 133.65478446
v -178.98125566 -102.99830126 136.46902659
v -173.01597891 -102.31008141 139.12345456
v -167.06264150 -101.66121292 141.62610637
v -161.12037305 -101.04936659 143.98596565
v -155.18844082 -100.47294875 146.20917911
v -149.26612764 -99.93024314 148.30236625
v -143.35279219 -99.41990127 150.27072814
v -137.44781895 -98.94057465 152.11946583
v -131.55065771 -98.49128257 153.85236189
v -125.66075186 -98.07079912 155.47414457
v -119.77761621 -97.67838876 156.98765079
v -113.90076826 -97.31319336 158.39619033
v -108.02975273 -96.97447739 159.70260010
v -102.16413867 -96.66162790 160.90924424
v -96.30350684 -96.37403193 162.01848685
v -90.44745879 -96.11119912 163.03221923
v -84.59560547 -95.87263912 163.95233267
v -78.74757510 -95.65798416 164.78024563
v -72.90299561 -95.46674387 165.51784941
v -67.06152451 -95.29879567 166.16561684
v -61.22280937 -95.15377178 166.72496637
v -55.38651035 -95.03142704 167.19684367
v -49.55229229 -94.93151625 167.58219436
v -43.71983350 -94.85403941 167.88101846
v -37.88880469 -94.79875135 168.09426160
v -32.05888770 -94.76565207 168.22192380
v -26.22976172 -94.75461898 168.26447786
v -20.40111035 -94.76565207 168.22192380
v -14.57261719 -94.79875135 168.09426160
v -8.74396670 -94.85403941 167.88101846
v -2.91484072 -94.93151625 167.58219436
v 2.91507949 -95.03142704 167.19684367
v 8.74611562 -95.15377178 166.72496637
v 14.57859229 -95.29879567 166.16561684
v 20.41283877 -95.46674387 165.51784941
v 26.24919170 -95.65798416 164.78024563
v 32.08798828 -95.87263912 163.95233267
v 37.92957949 -96.11119912 163.03221923
v 43.77432129 -96.37403193 162.01848685
v 49.62258164 -96.66162790 160.90924424
v 55.47473789 -96.97447739 159.70260010
v 61.33118291 -97.31319336 158.39619033
v 67.19232129 -97.67838876 156.98765079
v 73.05857666 -98.07079912 155.47414457
v 78.93039463 -98.49128257 153.85236189
v 84.80822871 -98.94057465 152.11946583
v 90.69258281 -99.41990127 150.27072814
v 96.58396494 -99.93024314 148.30236625
v 102.48293262 -100.47294875 146.20917911
v 108.39006914 -101.04936659 143.98596565
v 114.30601787 -101.66121292 141.62610637
v 120.23144297 -102.31008141 139.12345456
v 126.16711465 -102.99830126 136.46902659
v 132.11382129 -103.72795651 133.65478446
v 138.07248750 -104.50198932 130.66938043
v 144.04409414 -105.32334183 127.50146675
v 150.02978291 -106.19581435 124.13638590
v 156.03081475 -107.12357492 120.55806191
v 162.04867529 -108.11189492 116.74616338
v 168.08506787 -109.16690384 112.67704918
v 174.14202041 -110.29620225 108.32140428
v 180.22197422 -111.50922959 103.64282131
v 186.32793867 -112.81799966 98.59496363
v 192.46372412 -114.23820397 93.11730989
v 198.63436348 -115.79129577 87.12711609
v 204.84665420 -117.50694181 80.50995908
v 211.11054023 -119.43001000 73.09278566
v 217.44159258 -121.63270582 64.59710311
v 223.86761719 -124.24779416 54.51084420
v 230.45002148 -127.57684624 41.67086450
v 237.42683145 -132.82639213 21.42364066
v -290.95913496 -136.23470377 32.17287745
v -283.98351855 -131.91372859 48.75677308
v -277.32801621 -128.85392049 60.50031152
v -270.82778379 -126.37690952 70.00707554
v -264.42728291 -124.25965138 78.13310876
v -258.09922969 -122.39511931 85.28917979
v -251.82759082 -120.72185603 91.71116149
v -245.60192813 -119.20081956 97.54889695
v -239.41489570 -117.80516084 102.90543284
v -233.26111670 -116.51578992 107.85403628
v -227.13638965 -115.31805068 112.45095753
v -221.03747314 -114.20110495 116.73779339
v -214.96163145 -113.15583884 120.74952302
v -208.90665586 -112.17523217 124.51308980
v -202.87065322 -111.25337322 128.05118291
v -196.85203916 -110.38558189 131.38176461
v -190.84937549 -109.56754754 134.52137910
v -184.86145371 -108.79594483 137.48278904
v -178.88716436 -108.06769473 140.27781169
v -172.92550840 -107.38008772 142.91684627
v -166.97562188 -106.73103005 145.40792853
v -161.03668066 -106.11842800 147.75909421
v -155.10794707 -105.54055730 149.97696100
v -149.18874609 -104.99594003 152.06720118
v -143.27841650 -104.48297510 154.03595973
v -137.37639639 -104.00067722 155.88701820
v -131.48211621 -103.54781478 157.62510349
v -125.59506768 -103.12352566 159.25352443
v -119.71473486 -102.72670141 160.77653526
v -113.84068008 -102.35684938 162.19602672
v -107.97243164 -102.01298430 163.51578036
v -102.10957764 -101.69461351 164.73768693
v -96.25169619 -101.40099805 165.86458258
v -90.39841582 -101.13189159 166.89741270
v -84.54934424 -100.88667835 167.83854075
v -78.70411670 -100.66498882 168.68938478
v -72.86236816 -100.46633037 169.45183557
v -67.02376318 -100.29057984 170.12636582
v -61.18796250 -100.13749091 170.71392089
v -55.35462041 -100.00657093 171.21639156
v -49.52342051 -99.89781990 171.63377783
v -43.69403760 -99.81099150 171.96702508
v -37.86615498 -99.74596257 172.21660600
v -32.03945830 -99.70260996 172.38299327
v -26.21364082 -99.68105681 172.46571422
v -20.38838730 -99.68105681 172.46571422
v -14.56339014 -99.70260996 172.38299327
v -8.73834346 -99.74596257 172.21660600
v -2.91293584 -99.81099150 171.96702508
v 2.91314238 -99.89781990 171.63377783
v 8.74020322 -100.00657093 171.21639156
v 14.56856250 -100.13749091 170.71392089
v 20.39853662 -100.29057984 170.12636582
v 26.23045254 -100.46633037 169.45183557
v 32.06464014 -100.66498882 168.68938478
v 37.90143018 -100.88667835 167.83854075
v 43.74116895 -101.13189159 166.89741270
v 49.58420713 -101.40099805 165.86458258
v 55.43091357 -101.69461351 164.73768693
v 61.28165039 -102.01298430 163.51578036
v 67.13681133 -102.35684938 162.19602672
v 72.99678955 -102.72670141 160.77653526
v 78.86201924 -103.12352566 159.25352443
v 84.73291934 -103.54781478 157.62510349
v 90.60996357 -104.00067722 155.88701820
v 96.49362744 -104.48297510 154.03595973
v 102.38443359 -104.99594003 152.06720118
v 108.28290645 -105.54055730 149.97696100
v 114.18964629 -106.11842800 147.75909421
v 120.10527187 -106.73103005 145.40792853
v 126.03045527 -107.38008772 142.91684627
v 131.96594092 -108.06769473 140.27781169
v 137.91251309 -108.79594483 137.48278904
v 143.87106768 -109.56754754 134.52137910
v 149.84259697 -110.38558189 131.38176461
v 155.82818291 -111.25337322 128.05118291
v 161.82909961 -112.17523217 124.51308980
v 167.84675332 -113.15583884 120.74952302
v 173.88281221 -114.20110495 116.73779339
v 179.93921777 -115.31805068 112.45095753
v 186.01835889 -116.51578992 107.85403628
v 192.12306445 -117.80516084 102.90543284
v 198.25697812 -119.20081956 97.54889695
v 204.42475020 -120.72185603 91.71116149
v 210.63270469 -122.39511931 85.28917979
v 216.88979385 -124.25965138 78.13310876
v 223.20971191 -126.37690952 70.00707554
v 229.61566934 -128.85392049 60.50031152
v 236.15471543 -131.91372859 48.75677308
v -297.78606387 -145.61140783 20.03555116
v -290.33902646 -139.38015227 43.83411123
v -283.54956152 -135.80987212 57.46981051
v -276.97368076 -133.05597416 67.98756336
v -270.52124531 -130.75394463 76.77952957
v -264.15392080 -128.75233582 84.42412174
v -257.85082090 -126.97047463 91.22944856
v -251.59903711 -125.35973448 97.38122583
v -245.38976748 -123.88769764 103.00326410
v -239.21665137 -122.53147374 108.18298684
v -233.07494209 -121.27448271 112.98371700
v -226.96086123 -120.10373272 117.45507332
v -220.87144775 -119.00944897 121.63438797
v -214.80422520 -117.98358888 125.55237732
v -208.75713984 -117.01971841 129.23361445
v -202.72840137 -116.11226963 132.69936453
v -196.71652119 -115.25691192 135.96616713
v -190.72018799 -114.44993333 139.04819904
v -184.73817920 -113.68774564 141.95916447
v -178.76948320 -112.96775048 144.70898717
v -172.81315488 -112.28747322 147.30711833
v -166.86834609 -111.64481042 149.76159145
v -160.93424854 -111.03765864 152.08044005
v -155.01018691 -110.46465682 154.26886228
v -149.09546689 -109.92407273 156.33347396
v -143.18948438 -109.41466904 158.27900070
v -137.29168623 -108.93545591 160.10922295
v -131.40149854 -108.48507227 161.82933889
v -125.51842354 -108.06265202 163.44265642
v -119.64200391 -107.66757648 164.95153834
v -113.77174834 -107.29873208 166.36023768
v -107.90725166 -106.95574762 167.67017213
v -102.04807471 -106.63775698 168.88464959
v -96.19383340 -106.34438896 170.00508774
v -90.34413252 -106.07502490 171.03384939
v -84.49860557 -105.82929361 171.97235220
v -78.65689307 -105.60682389 172.82201387
v -72.81863525 -105.40712082 173.58472462
v -66.98349521 -105.22993693 174.26142957
v -61.15114688 -105.07514849 174.85260128
v -55.32124980 -104.94226057 175.36012999
v -49.49349287 -104.83127317 175.78401571
v -43.66756055 -104.74206257 176.12473098
v -37.84313203 -104.67425756 176.38369349
v -32.01990645 -104.62798188 176.56043067
v -26.19757529 -104.60311179 176.65541510
v -20.37583242 -104.59952357 176.66911932
v -14.55437695 -104.61734095 176.60107078
v -8.73290391 -104.65644018 176.45174203
v -2.91111152 -104.71706875 176.22018796
v 2.91130576 -104.79910291 175.90688113
v 8.73465469 -104.90291387 175.51040386
v 14.55924316 -105.02837788 175.03122870
v 20.38538496 -105.17586614 174.46793799
v 26.21339824 -105.34562613 173.81958660
v 32.04359941 -105.53765783 173.08617453
v 37.87632393 -105.75257991 172.26533899
v 43.71190137 -105.99051610 171.35660741
v 49.55067861 -106.25196133 170.35808956
v 55.39300635 -106.53728678 169.26836776
v 61.23924844 -106.84698740 168.08555177
v 67.08977812 -107.18155810 166.80775136
v 72.94499268 -107.54174127 165.43213117
v 78.80528760 -107.92803185 163.95680096
v 84.67108477 -108.34117223 162.37892538
v 90.54283828 -108.78215225 160.69472396
v 96.42100166 -109.25171430 158.90136132
v 102.30606299 -109.75084825 156.99505701
v 108.19856162 -110.28091515 154.97061287
v 114.09903984 -110.84302857 152.82377587
v 120.00808506 -111.43854957 150.54934785
v 125.92634824 -112.06921039 148.14071297
v 131.85451318 -112.73674327 145.59125543
v 137.79333779 -113.44325167 142.89294169
v 143.74363418 -114.19096274 140.03726570
v 149.70633135 -114.98272232 137.01335859
v 155.68244326 -115.82162371 133.80940638
v 161.67309082 -116.71113138 130.41217740
v 167.67959414 -117.65569970 126.80465953
v 173.70342686 -118.66027792 122.96795038
v 179.74631719 -119.73092891 118.87889456
v 185.81031123 -120.87507656 114.50913850
v 191.89790039 -122.10212450 109.82276769
v 198.01210752 -123.42370351 104.77536156
v 204.15674180 -124.85490887 99.30926787
v 210.33683437 -126.41640378 93.34556921
v 216.55917656 -128.13677028 86.77510438
v 222.83351807 -130.05820090 79.43673065
v 229.17500977 -132.24812945 71.07290318
v 235.60993945 -134.82669949 61.22476689
v 249.11183115 -142.82707186 30.66955361
v -296.63011318 -146.51901767 40.21742837
v -289.70794863 -142.45270385 55.67194970
v -283.06650879 -139.46894214 67.01209980
v -276.57103799 -137.02278955 76.30900088
v -270.17173066 -134.91747493 84.31050572
v -263.84324648 -133.05517206 91.38841477
v -257.57034785 -131.37832880 97.76146196
v -251.34304102 -129.85015156 103.56948584
v -245.15416582 -128.44478537 108.91075133
v -238.99849717 -127.14395775 113.85470529
v -232.87191826 -125.93349817 118.45520444
v -226.77116602 -124.80246802 122.75382241
v -220.69364502 -123.74253900 126.78221184
v -214.63710937 -122.74650157 130.56777352
v -208.59969873 -121.80863779 134.13223913
v -202.57984248 -120.92434847 137.49308848
v -196.57609600 -120.08928301 140.66685653
v -190.58726807 -119.30020955 143.66582640
v -184.61224688 -118.55402052 146.50180878
v -178.65006855 -117.84822986 149.18425222
v -172.69985068 -117.18060012 151.72166040
v -166.76076973 -116.54901817 154.12206461
v -160.83209033 -115.95174375 156.39207883
v -154.91315654 -115.38740955 158.53689975
v -149.00330830 -114.85439962 160.56266894
v -143.10197344 -114.35159525 162.47363824
v -137.20861465 -113.87800201 164.27358708
v -131.32270020 -113.43250118 165.96676729
v -125.44373203 -113.01409833 167.55695831
v -119.57126689 -112.62217196 169.04652227
v -113.70486182 -112.25597624 170.43829373
v -107.84408789 -111.91476536 171.73510726
v -101.98854053 -111.59791781 172.93932500
v -96.13784619 -111.30506068 174.05236423
v -90.29162021 -111.03557245 175.07658708
v -84.44951514 -110.78920453 176.01293842
v -78.61116445 -110.56533539 176.86378038
v -72.77624268 -110.36384073 177.62958538
v -66.94440645 -110.18422335 178.31224314
v -61.11534023 -110.02635893 178.91222609
v -55.28873086 -109.89012319 179.43000664
v -49.46425254 -109.77501890 179.86747452
v -43.64160645 -109.68104607 180.22462973
v -37.82049375 -109.60820469 180.50147225
v -32.00060596 -109.55612187 180.69941938
v -26.18165479 -109.52504619 180.81752626
v -20.36333701 -109.51460477 180.85721017
v -14.54536377 -109.52504619 180.81752626
v -8.72743799 -109.55612187 180.69941938
v -2.90926875 -109.60820469 180.50147225
v 2.90944043 -109.68104607 180.22462973
v 8.72898574 -109.77501890 179.86747452
v 14.54966602 -109.89012319 179.43000664
v 20.37178008 -110.02635893 178.91222609
v 26.19563730 -110.18422335 178.31224314
v 32.02154678 -110.36384073 177.62958538
v 37.84981992 -110.56533539 176.86378038
v 43.68078369 -110.78920453 176.01293842
v 49.51475947 -111.03557245 175.07658708
v 55.35209326 -111.30506068 174.05236423
v 61.19312432 -111.59791781 172.93932500
v 67.03821680 -111.91476536 171.73510726
v 72.88773193 -112.25597624 170.43829373
v 78.74205381 -112.62217196 169.04652227
v 84.60158672 -113.01409833 167.55695831
v 90.46674902 -113.43250118 165.96676729
v 96.33796348 -113.87800201 164.27358708
v 102.21569531 -114.35159525 162.47363824
v 108.10043936 -114.85439962 160.56266894
v 113.99270010 -115.38740955 158.53689975
v 119.89301279 -115.95174375 156.39207883
v 125.80198418 -116.54901817 154.12206461
v 131.72022510 -117.18060012 151.72166040
v 137.64841348 -117.84822986 149.18425222
v 143.58730313 -118.55402052 146.50180878
v 149.53770264 -119.30020955 143.66582640
v 155.50049385 -120.08928301 140.66685653
v 161.47668604 -120.92434847 137.49308848
v 167.46736377 -121.80863779 134.13223913
v 173.47382813 -122.74650157 130.56777352
v 179.49749795 -123.74253900 126.78221184
v 185.54004492 -124.80246802 122.75382241
v 191.60347705 -125.93349817 118.45520444
v 197.69011494 -127.14395775 113.85470529
v 203.80286074 -128.44478537 108.91075133
v 209.94536367 -129.85015156 103.56948584
v 216.12224590 -131.37832880 97.76146196
v 222.33981445 -133.05517206 91.38841477
v 228.60684902 -134.91747493 84.31050572
v 234.93668818 -137.02278955 76.30900088
v 247.89443027 -142.45270385 55.67194970
v 254.68242041 -146.51901767 40.21742837
v -303.31087090 -155.26239236 30.58032787
v -296.05093418 -149.86435605 50.99672677
v -289.29000557 -146.43645065 63.96171627
v -282.72428613 -143.74005484 74.15999751
v -276.27585381 -141.46523233 82.76380843
v -269.90979463 -139.47624550 90.28653448
v -263.60657080 -137.69879457 97.00919160
v -257.35387588 -136.08717579 103.10464002
v -251.14322461 -134.61054538 108.68953677
v -244.96846143 -133.24705046 113.84653361
v -238.82495625 -131.98070721 118.63608440
v -232.70907334 -130.79927801 123.10447410
v -226.61781270 -129.69277297 127.28948637
v -220.54880127 -128.65369968 131.21945896
v -214.49995635 -127.67543984 134.91942355
v -208.46958984 -126.75299850 138.40827195
v -202.45618828 -125.88188021 141.70300681
v -196.45842070 -125.05821390 144.81826931
v -190.47512402 -124.27875284 147.76633912
v -184.50528838 -123.54087469 150.55713446
v -178.54797100 -122.84208198 153.20010125
v -172.60232783 -122.18025186 155.70326850
v -166.66758809 -121.55351122 158.07372067
v -160.74304834 -120.96023671 160.31759758
v -154.82803564 -120.39880497 162.44103908
v -148.92196729 -119.86809214 164.44829585
v -143.02425293 -119.36672461 166.34456312
v -137.13438311 -118.89382826 168.13314697
v -131.25185156 -118.44840410 169.81782576
v -125.37617080 -118.02945314 171.40237786
v -119.50690811 -117.63635103 172.88916475
v -113.64363105 -117.26834851 174.28102021
v -107.78594297 -116.92494608 175.57983341
v -101.93342578 -116.60526965 176.78891042
v -96.08572617 -116.30906945 177.90919584
v -90.24246826 -116.03572112 178.94305115
v -84.40330488 -115.78485005 179.89189323
v -78.56790381 -115.55620647 180.75666667
v -72.73592285 -115.34929090 181.53926066
v -66.90704268 -115.16385360 182.24061979
v -61.08095479 -114.99976968 182.86121635
v -55.25733633 -114.85653965 183.40293953
v -49.43589375 -114.73416351 183.86578932
v -43.61632910 -114.63251640 184.25023803
v -37.79833916 -114.55122368 184.55770253
v -31.98164063 -114.49041023 184.78771054
v -26.16594258 -114.44995118 184.94073435
v -20.35095645 -114.42972166 185.01724626
v -14.53639746 -114.42972166 185.01724626
v -8.72198086 -114.44995118 184.94073435
v -2.90742187 -114.49041023 184.78771054
v 2.90756455 -114.55122368 184.55770253
v 8.72326582 -114.63251640 184.25023803
v 14.53996875 -114.73416351 183.86578932
v 20.35796602 -114.85653965 183.40293953
v 26.17755205 -114.99976968 182.86121635
v 31.99902041 -115.16385360 182.24061979
v 37.82267988 -115.34929090 181.53926066
v 43.64883545 -115.55620647 180.75666667
v 49.47779941 -115.78485005 179.89189323
v 55.30989990 -116.03572112 178.94305115
v 61.14546211 -116.30906945 177.90919584
v 66.98482266 -116.60526965 176.78891042
v 72.82833984 -116.92494608 175.57983341
v 78.67635996 -117.26834851 174.28102021
v 84.52927646 -117.63635103 172.88916475
v 90.38747197 -118.02945314 171.40237786
v 96.25135781 -118.44840410 169.81782576
v 102.12134912 -118.89382826 168.13314697
v 107.99790527 -119.36672461 166.34456312
v 113.88150439 -119.86809214 164.44829585
v 119.77263135 -120.39880497 162.44103908
v 125.67183779 -120.96023671 160.31759758
v 131.57967480 -121.55351122 158.07372067
v 137.49676963 -122.18025186 155.70326850
v 143.42377998 -122.84208198 153.20010125
v 149.36142393 -123.54087469 150.55713446
v 155.31048574 -124.27875284 147.76633912
v 161.27183789 -125.05821390 144.81826931
v 167.24641641 -125.88188021 141.70300681
v 173.23529297 -126.75299850 138.40827195
v 179.23968955 -127.67543984 134.91942355
v 185.26099307 -128.65369968 131.21945896
v 191.30075098 -129.69277297 127.28948637
v 197.36085967 -130.79927801 123.10447410
v 203.44348125 -131.98070721 118.63608440
v 209.55133447 -133.24705046 113.84653361
v 215.68771055 -134.61054538 108.68953677
v 221.85678955 -136.08717579 103.10464002
v 228.06411182 -137.69879457 97.00919160
v 234.31729424 -139.47624550 90.28653448
v 240.62735654 -141.46523233 82.76380843
v 247.01174473 -143.74005484 74.15999751
v 253.50155127 -146.43645065 63.96171627
v 260.16597246 -149.86435605 50.99672677
v 267.27393574 -155.26239236 30.58032787
v -302.50386709 -157.69336223 44.80874505
v -295.56105820 -153.57313672 60.31696839
v -288.90477158 -150.54779105 71.70414520
v -282.39728760 -148.06574563 81.04638016
v -275.98778086 -145.92804543 89.09252520
v -269.65036465 -144.03558929 96.21558982
v -263.36953008 -142.33029638 102.63418590
v -257.13503350 -140.77465880 108.48949044
v -250.93967285 -139.34296040 113.87829705
v -244.77806396 -138.01638452 118.87143030
v -238.64602852 -136.78063048 123.52271690
v -232.54028027 -135.62478461 127.87323509
v -226.45816553 -134.54031667 131.95509201
v -220.39740967 -133.51995088 135.79567319
v -214.35613066 -132.55791680 139.41669815
v -208.33274150 -131.64957297 142.83563696
v -202.32578232 -130.79052885 146.06901536
v -196.33403232 -129.97739742 149.12958177
v -190.35639111 -129.20716802 152.02866812
v -184.39186992 -128.47720631 154.77618986
v -178.43958281 -127.78525430 157.38064594
v -172.49872061 -127.12930487 159.84959098
v -166.56854502 -126.50760179 162.18963528
v -160.64836670 -125.91851429 164.40691696
v -154.73754229 -125.36053703 166.50710200
v -148.83551631 -124.83266646 168.49396769
v -142.94170898 -124.33352268 170.37270786
v -137.05563516 -123.86235303 172.14615547
v -131.17677100 -123.41790307 173.81903217
v -125.30469170 -122.99967102 175.39322662
v -119.43893379 -122.60665331 176.87251612
v -113.57909824 -122.23834818 178.25878934
v -107.72478457 -121.89412840 179.55440708
v -101.87560400 -121.57336674 180.76173018
v -96.03118916 -121.27556143 181.88264728
v -90.19119111 -121.00033614 182.91857488
v -84.35525947 -120.74718908 183.87140164
v -78.52306113 -120.51574393 184.74254403
v -72.69428467 -120.30587523 185.53247424
v -66.86859404 -120.11695577 186.24355308
v -61.04570186 -119.94911100 186.87530838
v -55.22529053 -119.80183912 187.42962880
v -49.40706680 -119.67501470 187.90698650
v -43.59073535 -119.56838686 188.30832582
v -37.77601699 -119.48208102 188.63317458
v -31.96261729 -119.41572087 188.88294929
v -26.15025674 -119.36930639 189.05764993
v -20.33865586 -119.34283760 189.15727651
v -14.52753369 -119.33618904 189.18230120
v -8.71661338 -119.34948615 189.13225183
v -2.90561514 -119.38260351 189.00760056
v 2.90573906 -119.43566655 188.80787523
v 8.71772871 -119.50867526 188.53307584
v 14.53063477 -119.60175510 188.18273022
v 20.34474053 -119.71503151 187.75636622
v 26.16033164 -119.84862993 187.25351166
v 31.97769932 -120.00280125 186.67322223
v 37.79713564 -120.17767093 186.01502575
v 43.61893945 -120.37348983 185.27797790
v 49.44341426 -120.59050887 184.46113435
v 55.27087383 -120.82910436 183.56307861
v 61.10163281 -121.08952720 182.58286635
v 66.93602402 -121.37227916 181.51860891
v 72.77438232 -121.67773659 180.36888981
v 78.61704961 -122.00627580 179.13229256
v 84.46438330 -122.35839859 177.80692849
v 90.31676836 -122.73485762 176.38996462
v 96.17459414 -123.13628011 174.87904013
v 102.03825146 -123.56316784 173.27226638
v 107.90817305 -124.01639891 171.56633820
v 113.78479658 -124.49672601 169.75842262
v 119.66862187 -125.00540357 167.84379800
v 125.56012178 -125.54318426 165.81963136
v 131.45983594 -126.11132252 163.68120105
v 137.36832744 -126.71107281 161.42378543
v 143.28622588 -127.34406590 159.04124639
v 149.21417637 -128.01180712 156.52791794
v 155.15289873 -128.71617814 153.87671763
v 161.10318018 -129.45931152 151.07961868
v 167.06586445 -130.24346526 148.12812213
v 173.04192393 -131.07152459 145.01136822
v 179.03242061 -131.94662561 141.71755284
v 185.03854893 -132.87240623 138.23298325
v 191.06168555 -133.85325699 134.54113370
v 197.10340693 -134.89432112 130.62264548
v 203.16554736 -136.00174541 126.45438256
v 209.25030557 -137.18318197 122.00754294
v 215.36027988 -138.44778826 117.24765865
v 221.49876709 -139.80773238 112.12892979
v 227.66985527 -141.27831858 106.59375237
v 233.87895996 -142.88049608 100.56327503
v 240.13343057 -144.64336803 93.92795572
v 246.44381074 -146.60971100 86.52678656
v 252.82654834 -148.84801770 78.10196607
v 259.31033086 -151.48072200 68.19266227
v 265.95588398 -154.77338996 55.79930418
v 272.96558174 -159.63474174 37.50153651
v -308.90672666 -165.25339727 39.70073044
v -301.76344043 -160.37672546 57.96790046
v -295.02732832 -157.07209637 70.34647009
v -288.47108496 -154.42879634 80.24781530
v -282.02664844 -152.18042872 88.66981193
v -275.66197207 -150.20425447 96.07221923
v -269.35878252 -148.43184720 102.71135063
v -263.10529395 -146.81998362 108.74911315
v -256.89340459 -145.33968015 114.29407416
v -250.71712061 -143.96989224 119.42506302
v -244.57195811 -142.69537200 124.19919563
v -238.45428633 -141.50389595 128.66225908
v -232.36125732 -140.38626494 132.84871172
v -226.29046494 -139.33479205 136.78734751
v -220.23993164 -138.34342852 140.50082400
v -214.20789932 -137.40675570 144.00943856
v -208.19293945 -136.52074109 147.32829621
v -202.19369854 -135.68135219 150.47250199
v -196.20907471 -134.88569066 153.45291263
v -190.23802002 -134.13085813 156.28038488
v -184.27961426 -133.41446031 158.96388733
v -178.33303535 -132.73448095 161.51097251
v -172.39751602 -132.08902983 163.92872090
v -166.47234082 -131.47634272 166.22374094
v -160.55689160 -130.89515948 168.40075296
v -154.65054258 -130.34396791 170.46542134
v -148.75275586 -129.82175990 172.42152234
v -142.86298359 -129.32727528 174.27377628
v -136.98075645 -128.85975797 176.02501535
v -131.10559277 -128.41819984 177.67901580
v -125.23705488 -128.00184480 179.23860984
v -119.37473115 -127.61006278 180.70615762
v -113.51821025 -127.24209767 182.08449134
v -107.66711660 -126.89744542 183.37549912
v -101.82108398 -126.57560197 184.58106908
v -95.97975557 -126.27606325 185.70308937
v -90.14277480 -125.99819919 186.74392014
v -84.30983936 -125.74200978 187.70356139
v -78.48059941 -125.50673894 188.58484531
v -72.65476318 -125.29238667 189.38777190
v -66.83201191 -125.09844889 190.11422929
v -61.01204854 -124.92467359 190.76516155
v -55.19459180 -124.77106076 191.34056867
v -49.37934053 -124.63710634 191.84233879
v -43.56602490 -124.52293634 192.26999987
v -37.75436133 -124.42829874 192.62449597
v -31.94407090 -124.35294151 192.90677116
v -26.13488730 -124.29699065 193.11635341
v -20.32653574 -124.26019414 193.25418678
v -14.51874902 -124.24255197 193.32027128
v -8.71126084 -124.24419017 193.31413486
v -2.90380195 -124.26498272 193.23624956
v 2.90389482 -124.30492962 193.08661539
v 8.71209756 -124.36415688 192.86476031
v 14.52107520 -124.44266450 192.57068431
v 20.33109873 -124.54057851 192.20391537
v 26.14244414 -124.65815092 191.76350943
v 31.95538242 -124.79525573 191.24993851
v 37.77019746 -124.95227097 190.66178652
v 43.58717139 -125.12932268 189.99858143
v 49.40659365 -125.32666287 189.25937917
v 55.22875840 -125.54454358 188.44323568
v 61.05396445 -125.78321684 187.54920689
v 66.88252207 -126.04306069 186.57587671
v 72.71474854 -126.32445318 185.52182905
v 78.55096025 -126.62764635 184.38611983
v 84.39150381 -126.95327027 183.16638890
v 90.23672842 -127.30182899 181.86074813
v 96.08698301 -127.67370058 180.46778142
v 101.94264404 -128.06951510 178.98512861
v 107.80411055 -128.49002865 177.40995751
v 113.67177275 -128.93574529 175.74037999
v 119.54609033 -129.40779915 173.97214777
v 125.42749365 -129.90682032 172.10290067
v 131.31646436 -130.43381693 170.12886246
v 137.21351660 -130.98992310 168.04578482
v 143.11918564 -131.57627297 165.84941949
v 149.03405771 -132.19425273 163.53457410
v 154.95876035 -132.84537455 161.09558427
v 160.89396533 -133.53127663 158.52631358
v 166.84040830 -134.25384920 155.81968155
v 172.79891191 -135.01536055 152.96719161
v 178.77035889 -135.81820497 149.95987514
v 184.75571338 -136.66502878 146.78781946
v 190.75610303 -137.55923439 143.43827972
v 196.77279727 -138.50472829 139.89662292
v 202.80719883 -139.50579501 136.14679996
v 208.86095654 -140.56772719 132.16898550
v 214.93605293 -141.69720364 127.93816184
v 221.03472656 -142.90165929 123.42647909
v 227.15985059 -144.19130138 118.59570264
v 233.31483516 -145.57822740 113.40051741
v 239.50412227 -147.07881934 107.77955923
v 245.73355283 -148.71512993 101.65022249
v 252.01112109 -150.51803294 94.89685931
v 258.34850508 -152.53377604 87.34623393
v 264.76418789 -154.83733842 78.71748725
v 271.29119063 -157.56582489 68.49704835
v 278.00303818 -161.03187977 55.51380560
v 285.18622412 -166.48608037 35.08331250
v -316.49262012 -177.63135513 16.69383984
v -308.16965303 -168.00585433 52.57666576
v -301.26985225 -164.08749991 67.18386724
v -294.62603027 -161.12803722 78.21642405
v -288.12282275 -158.67289463 87.36893012
v -281.71434521 -156.54523096 95.30063014
v -275.37643301 -154.65390404 102.35129233
v -269.09436709 -152.94460832 108.72336190
v -262.85826680 -151.38164644 114.54991474
v -256.66110439 -149.94020748 119.92344331
v -250.49763135 -148.60218957 124.91142935
v -244.36380967 -147.35404799 129.56436617
v -238.25635049 -146.18489630 133.92283722
v -232.17260625 -145.08625322 138.01845982
v -226.11037969 -144.05128308 141.87671656
v -220.06777588 -143.07416290 145.51931488
v -214.04320020 -142.15020901 148.96371507
v -208.03522793 -141.27524404 152.22548985
v -202.04265322 -140.44597674 155.31690863
v -196.06435078 -139.65924247 158.24976892
v -190.09934912 -138.91250949 161.03350871
v -184.14676055 -138.20349924 163.67662222
v -178.20579316 -137.53031294 166.18618794
v -172.27569023 -136.89105178 168.56928439
v -166.35578027 -136.28419674 170.83157437
v -160.44543604 -135.70835535 172.97824877
v -154.54405605 -135.16213518 175.01449851
v -148.65110947 -134.64452352 176.94409878
v -142.76608418 -134.15450769 178.77082480
v -136.88850059 -133.69120159 180.49797985
v -131.01789551 -133.25371910 182.12886724
v -125.15382217 -132.84117413 183.66679027
v -119.29588623 -132.45306033 185.11363655
v -113.44369131 -132.08874476 186.47176558
v -107.59684189 -131.74746791 187.74400875
v -101.75499756 -131.42897661 188.93130987
v -95.91779355 -131.13263793 190.03602845
v -90.08490410 -130.85819868 191.05910827
v -84.25598262 -130.60502595 192.00290884
v -78.43071797 -130.37286655 192.86837397
v -72.60881104 -130.16159390 193.65597555
v -66.78994482 -129.97070166 194.36760118
v -60.97383018 -129.80006324 195.00372277
v -55.16017471 -129.64942546 195.56528411
v -49.34869570 -129.51866174 196.05275710
v -43.53910840 -129.40751891 196.46708556
v -37.73113652 -129.31587038 196.80874136
v -31.92450615 -129.24358957 197.07819643
v -26.11894834 -129.19067646 197.27545075
v -20.31419414 -129.15713108 197.40050432
v -14.50997168 -129.14270023 197.45430096
v -8.70601641 -129.14751051 197.43636875
v -2.90206113 -129.17156192 197.34670769
v 2.90216104 -129.21472787 197.18578969
v 8.70691729 -129.27726154 196.95267095
v 14.51247656 -129.35916292 196.64735147
v 20.31910986 -129.46055860 196.26935934
v 26.12709053 -129.58157517 195.81822266
v 31.93669102 -129.72221262 195.29394144
v 37.74819521 -129.88285072 194.69509998
v 43.56188525 -130.06361605 194.02122637
v 49.37804561 -130.26463521 193.27184871
v 55.19697979 -130.48641452 192.44507941
v 61.01897607 -130.72895400 191.54091846
v 66.84434971 -130.99275999 190.55747826
v 72.67341064 -131.27808566 189.49381502
v 78.50648936 -131.58543736 188.34804112
v 84.34391719 -131.91519485 187.11874087
v 90.18605068 -132.26799106 185.80355477
v 96.03322910 -132.64407916 184.40153902
v 101.88584766 -133.04434525 182.90939031
v 107.74428545 -133.46929568 181.32522105
v 113.60894238 -133.91956339 179.64667173
v 119.48026611 -134.39616107 177.86996715
v 125.35869785 -134.89984822 175.99227591
v 131.24471924 -135.43163755 174.00982280
v 137.13881689 -135.99241516 171.91930453
v 143.04156563 -136.58370008 169.71505829
v 148.95350859 -137.20650501 167.39330888
v 154.87530088 -137.86260216 164.94744969
v 160.80758203 -138.55338396 162.37228982
v 166.75111758 -139.28100240 159.65980697
v 172.70669561 -140.04748286 156.80245074
v 178.67517744 -140.85510388 153.79172691
v 184.65755889 -141.70677696 150.61678178
v 190.65494678 -142.60579335 147.26534594
v 196.66856777 -143.55582403 143.72373428
v 202.69981758 -144.56117296 139.97590221
v 208.75035879 -145.62728335 136.00155799
v 214.82204033 -146.76010475 131.77852232
v 220.91717285 -147.96761211 127.27706548
v 227.03846279 -149.25917282 122.46226686
v 233.18929922 -150.64693917 117.28882401
v 239.37393691 -152.14648128 111.69869321
v 245.59801318 -153.77906566 105.61259521
v 251.86915283 -155.57406035 98.92104914
v 258.19837910 -157.57501106 91.46172131
v 264.60286670 -159.85141371 82.97553845
v 271.11256758 -162.52732293 73.00003828
v 277.79103633 -165.87224110 60.53054510
v 284.85026367 -170.80809675 42.13020911
v -314.76421143 -176.36069118 44.55719729
v -307.58342813 -171.36608009 63.08779140
v -300.82319355 -167.98089878 75.64721187
v -294.24851543 -165.27244856 85.69588048
v -287.78911055 -162.96810420 94.24526887
v -281.41192236 -160.94236145 101.76101252
v -275.09803242 -159.12490234 108.50399940
v -268.83531035 -157.47160329 114.63793318
v -262.61541152 -155.95283665 120.27273590
v -256.43216865 -154.54711283 125.48813644
v -250.28093115 -153.23866435 130.34263410
v -244.15799561 -152.01515693 134.88199041
v -238.06038428 -150.86692662 139.14205978
v -231.98566787 -149.78634399 143.15114832
v -225.93178330 -148.76705118 146.93284445
v -219.89693848 -147.80358041 150.50743422
v -213.87965596 -146.89173550 153.89048599
v -207.87857725 -146.02757458 157.09662458
v -201.89253779 -145.20791870 160.13764420
v -195.92049053 -144.42997042 163.02392376
v -189.96147803 -143.69118658 165.76489863
v -184.01464512 -142.98940551 168.36858887
v -178.07923008 -142.32284701 170.84159924
v -172.15450400 -141.68973087 173.19053450
v -166.23980420 -141.08853122 175.42105587
v -160.33452832 -140.51797647 177.53788104
v -154.43809746 -139.97679505 179.54572769
v -148.54997109 -139.46384255 181.44884173
v -142.66965850 -138.97822887 183.25052556
v -136.79668535 -138.51906391 184.95408154
v -130.93060693 -138.08558472 186.56234029
v -125.07097998 -137.67690119 188.07860418
v -119.21741367 -137.29250471 189.50476029
v -113.36950371 -136.93163233 190.84363924
v -107.52689238 -136.59390258 192.09665632
v -101.68921875 -136.27880682 193.26569861
v -95.85613125 -135.98583643 194.35265319
v -90.02728770 -135.71448278 195.35940713
v -84.20237227 -135.46449155 196.28690396
v -78.38107383 -135.23560843 197.13608722
v -72.56307129 -135.02732480 197.90884399
v -66.74807314 -134.83951348 198.60564603
v -60.93579023 -134.67204733 199.22696512
v -55.12591904 -134.52441772 199.77468833
v -49.31818535 -134.39662465 200.24881565
v -43.51231494 -134.28866811 200.64934709
v -37.70801836 -134.20003948 200.97816972
v -31.90503486 -134.13099308 201.23434000
v -26.10308584 -134.08114742 201.41927325
v -20.30190996 -134.05075683 201.53202591
v -14.50123389 -134.03943983 201.57401331
v -8.70079570 -134.04745074 201.54429189
v -2.90032822 -134.07478955 201.44286167
v 2.90043545 -134.12132912 201.27019441
v 8.70176162 -134.18719660 201.02581834
v 14.50391895 -134.27251914 200.70926169
v 20.30717637 -134.37729674 200.32052446
v 26.11180811 -134.50178373 199.85866312
v 31.91808662 -134.64598009 199.32367766
v 37.72629580 -134.81026731 198.71415279
v 43.53671338 -134.99464537 198.03008849
v 49.34963203 -135.19949576 197.27006947
v 55.16534033 -135.42494563 196.43362395
v 60.98414150 -135.67137646 195.51933664
v 66.80633906 -135.93904255 194.52626399
v 72.63225586 -136.22845253 193.45251893
v 78.46220830 -136.53986073 192.29715792
v 84.29653447 -136.87377577 191.05829390
v 90.13558184 -137.23070627 189.73403977
v 95.97970723 -137.61116088 188.32250848
v 101.82928711 -138.01577536 186.82134118
v 107.68469883 -138.44505837 185.22865079
v 113.54636338 -138.89989998 183.54113494
v 119.41470615 -139.38106316 181.75596301
v 125.29016660 -139.88931084 179.87030440
v 131.17323779 -140.42578743 177.87991319
v 137.06440635 -140.99138305 175.78148699
v 142.96421836 -141.58736925 173.57030812
v 148.87324336 -142.21501763 171.24165891
v 154.79212090 -142.87598121 168.78940635
v 160.72150488 -143.57178588 166.20788923
v 166.66211074 -144.30421186 163.49050279
v 172.61473857 -145.07542081 160.62922696
v 178.58028193 -145.88795587 157.61462637
v 184.55969971 -146.74448736 154.43679389
v 190.55407617 -147.64819420 151.08393531
v 196.56461309 -148.60263680 147.54284110
v 202.59273955 -149.61239282 143.79652760
v 208.64001064 -150.68229424 139.82706761
v 214.70832715 -151.81869892 135.61087271
v 220.79990479 -153.02910914 131.12010855
v 226.91739082 -154.32268022 126.32080781
v 233.06408730 -155.71123780 121.16909601
v 239.24410752 -157.20978643 115.60930448
v 245.46288691 -158.83879844 109.56547848
v 251.72773242 -160.62637559 102.93335720
v 258.04904326 -162.61346252 95.56103116
v 264.44284922 -164.86478230 87.20837023
v 270.93642393 -167.49299627 77.45738752
v 277.58530107 -170.73296395 65.43672666
v 284.55435352 -175.29930930 48.49504879
v -321.40545059 -184.83360881 36.19064950
v -313.80053906 -178.20119392 60.68085535
v -306.92411748 -174.39476561 74.73609982
v -300.28317891 -171.45407909 85.59459093
v -293.77781104 -168.99160698 94.68727434
v -287.36565439 -166.84653946 102.60794062
v -281.02372119 -164.93342637 109.67211470
v -274.73778457 -163.20053778 116.07080943
v -262.29795791 -160.14796135 127.34245427
v -256.13189121 -158.78625093 132.37057283
v -249.99597363 -157.51509981 137.06430100
v -243.88686768 -156.32352337 141.46419951
v -237.80195947 -155.20334699 145.60045313
v -231.73899346 -154.14754562 149.49900186
v -225.69609111 -153.15049924 153.18059773
v -219.67160889 -152.20735415 156.66316292
v -213.66412061 -151.31402307 159.96178981
v -207.67237910 -150.46705733 163.08921258
v -201.69528135 -149.66351918 166.05627889
v -195.73181748 -148.90072632 168.87289309
v -189.78108398 -148.17637966 171.54754466
v -183.84227490 -147.48856326 174.08730814
v -177.91461943 -146.83536121 176.49925809
v -171.99741650 -146.21511303 178.78952577
v -166.09006230 -145.62666918 180.96235592
v -160.19192578 -145.06849691 183.02340818
v -154.30248164 -144.53970213 184.97598400
v -148.42117617 -144.03900756 186.82479976
v -142.54752217 -143.56551910 188.57315690
v -136.68106260 -143.11847037 190.22388526
v -130.82135449 -142.69709501 191.77981464
v -124.96796895 -142.30062666 193.24377487
v -119.12051514 -141.92855439 194.61765250
v -113.27860020 -141.58023957 195.90380570
v -107.44184297 -141.25504355 197.10459267
v -101.60990479 -140.95271089 198.22095667
v -95.78242266 -140.67260293 199.25525590
v -89.95907256 -140.41446422 200.20843361
v -84.13952666 -140.17791158 201.08190473
v -78.32347207 -139.96268955 201.87661252
v -72.51059326 -139.76841495 202.59397190
v -66.70058848 -139.59483231 203.23492614
v -60.89317295 -139.44194165 203.79947523
v -55.08803965 -139.30923204 204.28950574
v -49.28491084 -139.19670349 204.70501765
v -43.48350879 -139.10435600 205.04601096
v -37.68354434 -139.03180637 205.31390059
v -31.88474824 -138.97918235 205.50821490
v -26.08684102 -138.94622848 205.62989716
v -20.28955400 -138.93307247 205.67847574
v -14.49261475 -138.93971434 205.65395063
v -8.69574990 -138.96602635 205.55679348
v -2.89868877 -139.01200850 205.38700427
v 2.89883994 -139.07791626 205.14363975
v 8.69711045 -139.16374961 204.82669991
v 14.49639697 -139.26950857 204.43618474
v 20.29697783 -139.39544858 203.97115098
v 26.09913076 -139.54156965 203.43159863
v 31.90314316 -139.70825496 202.81611277
v 37.70930186 -139.89563224 202.12422177
v 43.51789600 -140.10382922 201.35545400
v 49.32922705 -140.33322908 200.50839453
v 55.14359795 -140.58408728 199.58210011
v 60.96132246 -140.85678700 198.57515581
v 66.78272139 -141.15171143 197.48614674
v 72.60812256 -141.46924376 196.31365797
v 78.43786084 -141.80976716 195.05627460
v 84.27229512 -142.17392028 193.71163845
v 90.11178691 -142.56221403 192.27786296
v 95.95670713 -142.97515932 190.75306160
v 101.80746680 -143.41365026 189.13393291
v 107.66446084 -143.87819775 187.41859033
v 113.52812783 -144.36969589 185.60373241
v 119.39892275 -144.88903878 183.68605770
v 125.27732959 -145.43724825 181.66179310
v 131.16387744 -146.01560157 179.52622225
v 137.05907754 -146.62499285 177.27604369
v 142.96352930 -147.26695482 174.90559777
v 148.87787520 -147.94314795 172.40875323
v 154.80277266 -148.65510498 169.77985042
v 160.73897168 -149.40486956 167.01134315
v 166.68725977 -150.19448533 164.09568524
v 172.64856563 -151.02676233 161.02250068
v 178.62383379 -151.90425512 157.78235674
v 184.61416641 -152.83028462 154.36299087
v 190.62084082 -153.80893815 150.74931068
v 196.64524863 -154.84455845 146.92528054
v 202.68904307 -155.94263785 142.87062007
v 208.75410293 -157.10943503 138.56221907
v 214.84274268 -158.35312458 133.96989279
v 220.95766846 -159.68328613 129.05826848
v 227.10228105 -161.11243705 123.78112575
v 233.28085898 -162.65667107 118.07903838
v 239.49902021 -164.33770201 111.87182814
v 245.76445898 -166.18605690 105.04677385
v 252.08819385 -168.24644062 97.43880269
v 258.48741621 -170.59038095 88.78379811
v 264.99210264 -173.34560611 78.61012345
v 271.66581914 -176.78954177 65.89338385
v 278.72050957 -181.87133623 47.12884720
v -320.60715117 -187.41994790 49.54940351
v -313.38196436 -182.27938677 68.44118895
v -306.59333057 -178.79529566 81.24537506
v -299.99713389 -176.00761223 91.49023278
v -293.52043037 -173.63587456 100.20647171
v -287.12884746 -171.55062884 107.86984029
v -280.80284619 -169.67989926 114.74485273
v -274.52981514 -167.97813964 120.99889326
v -268.30106748 -166.41468647 126.74465154
v -262.11022354 -164.96747231 132.06322642
v -255.95250469 -163.62045978 137.01355600
v -249.82402295 -162.36069064 141.64326227
v -243.72175928 -161.17854249 145.98770810
v -237.64315518 -160.06593245 150.07659829
v -231.58607754 -159.01631729 153.93397959
v -225.54871582 -158.02430844 157.57965521
v -219.52948975 -157.08528713 161.03059932
v -213.52703174 -156.19540438 164.30095707
v -207.54010693 -155.35119612 167.40345908
v -201.56764482 -154.54983977 170.34847847
v -195.60868535 -153.78889765 173.14497382
v -189.66233203 -153.06606036 175.80143223
v -183.72776748 -152.37927513 178.32539777
v -177.80426543 -151.72687407 180.72300001
v -171.89116465 -151.10744588 182.99942550
v -165.98781299 -150.51945098 185.16033230
v -160.09361865 -149.96160638 187.21043545
v -154.20804434 -149.43288567 189.15350700
v -148.33057148 -148.93226248 190.99331899
v -142.46071465 -148.45883870 192.73317194
v -136.59800479 -148.01171624 194.37636640
v -130.74201562 -147.59025361 195.92525988
v -124.89232002 -147.19368100 197.38268142
v -119.04851689 -146.82135694 198.75098853
v -113.21021689 -146.47263991 200.03253876
v -107.37707490 -146.14727332 201.22827510
v -101.54871973 -145.84461568 202.34055507
v -95.72481123 -145.56428209 203.37079320
v -89.90501631 -145.30588764 204.32040400
v -84.08900889 -145.06904745 205.19080198
v -78.27648574 -144.85363322 205.98245865
v -72.46712402 -144.65913174 206.69726003
v -66.66062373 -144.48528642 207.33614912
v -60.85670186 -144.33209727 207.89912593
v -55.05506426 -144.19930767 208.38713346
v -49.25542148 -144.08666104 208.80111474
v -43.45749756 -143.99415737 209.14106974
v -37.66100889 -143.92154006 209.40794150
v -31.86567979 -143.86868082 209.60220150
v -26.07124482 -143.83583624 209.72290675
v -20.27742363 -143.82262143 209.77147175
v -14.48394873 -143.82916469 209.74742500
v -8.69055029 -143.85559431 209.65029500
v -2.89695527 -143.90165369 209.48102475
v 2.89710615 -143.96772774 209.23819975
v 8.69190645 -144.05355986 208.92276299
v 14.48772070 -144.15953494 208.53329997
v 20.28482490 -144.28565298 208.06981069
v 26.08349766 -144.43204229 207.53182364
v 31.88401992 -144.59883115 206.91886731
v 37.68668262 -144.78640448 206.22952720
v 43.49177490 -144.99489056 205.46333179
v 49.29959326 -145.22454600 204.61933809
v 55.11044443 -145.47575569 203.69613156
v 60.92463604 -145.74877623 202.69276921
v 66.74248037 -146.04386422 201.60830802
v 72.56431641 -146.36166116 200.44039047
v 78.39047900 -146.70255194 199.18760204
v 84.22130156 -147.06679317 197.84899973
v 90.05716758 -147.45528292 196.42128300
v 95.89843828 -147.86840611 194.90303733
v 101.74551270 -148.30693253 193.29143370
v 107.59879307 -148.77150367 191.58411458
v 113.45871621 -149.26301763 189.77777945
v 119.32572334 -149.78224420 187.86959926
v 125.20029492 -150.33020977 185.85580198
v 131.08293018 -150.90794074 183.73261557
v 136.97418838 -151.51684840 181.49485348
v 142.87462588 -152.15808744 179.13827216
v 148.78486494 -152.83319745 176.65721356
v 154.70557148 -153.54384631 174.04554811
v 160.63745801 -154.29183023 171.29667475
v 166.58133662 -155.07945857 168.40210638
v 172.53806162 -155.90904073 165.35335592
v 178.50860098 -156.78339928 162.14005027
v 184.49401113 -157.70561341 158.75087330
v 190.49551904 -158.67953208 155.17167987
v 196.51448086 -159.70938918 151.38691031
v 202.55247158 -160.80031666 147.37770444
v 208.61132637 -161.95847288 143.12143003
v 214.69320674 -163.19129920 138.59073978
v 220.80071777 -164.50803314 133.75168535
v 226.93703936 -165.92022163 128.56183129
v 233.10616406 -167.44274738 122.96648306
v 239.31330557 -169.09562504 116.89208588
v 245.56538057 -170.90592572 110.23915223
v 251.87224072 -172.91329387 102.86198711
v 258.24874395 -175.17892816 94.53568270
v 264.71973135 -177.80764898 84.87501952
v 271.33384688 -181.00961030 73.10767260
v 278.22266895 -185.36741846 57.09253835
v -326.53022490 -192.97820569 51.92457992
v -319.27616104 -187.78732018 70.91148670
v -312.46843359 -184.26852354 83.78232804
v -305.85731309 -181.45271301 94.08182936
v -299.36811299 -179.05637448 102.84701137
v -292.96584668 -176.94947807 110.55348949
v -286.63039629 -175.05869674 117.46947500
v -280.34896143 -173.33841048 123.76183395
v -274.11265020 -171.75756161 129.54416725
v -267.91500176 -170.29411335 134.89707970
v -261.75105117 -168.93144147 139.88137841
v -255.61692598 -167.65691670 144.54325795
v -249.50950635 -166.46061605 148.91901405
v -243.42616904 -165.33429184 153.03881458
v -237.36474932 -164.27137169 156.92669956
v -231.32343340 -163.26657193 160.60199529
v -225.30057129 -162.31499550 164.08261395
v -219.29479980 -161.41290517 167.38222536
v -213.30488789 -160.55695031 170.51308521
v -207.32970703 -159.74403805 173.48650646
v -201.36828604 -158.97171986 176.31144519
v -195.41973750 -158.23780494 178.99591476
v -189.48321387 -157.54010250 181.54792849
v -183.55799971 -156.87706611 183.97314288
v -177.64340771 -156.24714932 186.27721438
v -171.73876143 -155.64867682 188.46627086
v -165.84349834 -155.08061765 190.54408330
v -159.95705859 -154.54181198 192.51489406
v -154.07891895 -154.03122886 194.38247411
v -148.20858984 -153.54796618 196.15012308
v -142.34559814 -153.09112186 197.82114057
v -136.48948711 -152.65979381 199.39882620
v -130.63986914 -152.25359542 200.88459407
v -124.79632588 -151.87175347 202.28127245
v -118.95846504 -151.51362361 203.59121817
v -113.12592891 -151.17881923 204.81584538
v -107.29834512 -150.86669597 205.95751092
v -101.47538379 -150.57699611 207.01715756
v -95.65670039 -150.30920415 207.99667077
v -89.84197793 -150.06306236 208.89699331
v -84.03089561 -149.83818413 209.71953930
v -78.22315547 -149.63444058 210.46478010
v -72.41843994 -149.45131624 211.13460122
v -66.61646104 -149.28868224 211.72947402
v -60.81693926 -149.14653858 212.24939850
v -55.01957285 -149.02436978 212.69626016
v -49.22409434 -148.92230470 213.06958762
v -43.43022510 -148.84021448 213.36985226
v -37.63768506 -148.77784138 213.59799682
v -31.84620850 -148.73531426 213.75354993
v -26.05551943 -148.71237539 213.83745433
v -20.26535068 -148.70902477 213.84971003
v -14.47543652 -148.72539127 213.78984565
v -8.68550801 -148.76147488 213.65786120
v -2.89529619 -148.81727561 213.45375666
v 2.89546787 -148.89279346 213.17753205
v 8.68705400 -148.98815729 212.82871599
v 14.47973584 -149.10362486 212.40636573
v 20.27378555 -149.23906728 211.91095265
v 26.06948350 -149.39487116 211.34106262
v 31.86710742 -149.57103652 210.69669565
v 37.66694648 -149.76794995 209.97643762
v 43.46928809 -149.98574033 209.17981715
v 49.27443193 -150.22479427 208.30542013
v 55.08267920 -150.48536950 207.35230380
v 60.89433574 -150.76772378 206.31952543
v 66.70971885 -151.07224370 205.20567090
v 72.52916016 -151.39944475 204.00885470
v 78.35299277 -151.74971354 202.72766273
v 84.18157383 -152.12369442 201.35973812
v 90.01524492 -152.52164512 199.90413811
v 95.85440068 -152.94446775 198.35756311
v 101.69943164 -153.39280664 196.71765624
v 107.55072920 -153.86717729 194.98253202
v 113.40873984 -154.36861064 193.14841945
v 119.27390479 -154.89787992 191.21249030
v 125.14670449 -155.45601610 189.17097359
v 131.02765137 -156.04417900 187.01962695
v 136.91727891 -156.66352844 184.75420803
v 142.81615605 -157.31535314 182.37000311
v 148.72492002 -158.00132840 179.86088432
v 154.64422295 -158.72300067 177.22119519
v 160.57477734 -159.48217412 174.44433651
v 166.51741201 -160.28129728 171.52135218
v 172.47298301 -161.12268982 168.44375748
v 178.44244219 -162.00905801 165.20165359
v 184.42686445 -162.94362359 161.78325617
v 190.42747852 -163.93025267 158.17442404
v 196.44564229 -164.97319797 154.35960189
v 202.48295273 -166.07774314 150.31946341
v 208.54122773 -167.24994509 146.03185407
v 214.62265195 -168.49740715 141.46896287
v 220.72983398 -169.82940796 136.59685094
v 226.86597979 -171.25767469 131.37262334
v 233.03508721 -172.79715628 125.74160079
v 239.24239893 -174.46808531 119.62977772
v 245.49486299 -176.29778224 112.93722305
v 251.80238965 -178.32632566 105.51733974
v 258.17990010 -180.61544431 97.14434012
v 264.65235557 -183.27094051 87.43122688
v 271.26863613 -186.50493434 75.60212000
v 278.16101104 -190.90571759 59.50520144
v -334.27053809 -205.77749194 27.92852153
v -325.72074023 -195.53482820 65.21784170
v -318.73400332 -191.36346358 80.40406224
v -312.02737207 -188.21183491 91.87784421
v -305.47423154 -185.59622129 101.40021616
v -299.02430859 -183.32854498 109.65589163
v -292.65118330 -181.31198415 116.99735908
v -286.33871426 -179.48854924 123.63573458
v -280.07615186 -177.82044350 129.70862057
v -273.85582852 -176.28126096 135.31215028
v -267.67204775 -174.85184436 140.51606741
v -261.52037256 -173.51756686 145.37362223
v -255.39729346 -172.26716712 149.92581271
v -249.29987842 -171.09132537 154.20656823
v -243.22575322 -169.98279293 158.24227830
v -237.17291221 -168.93561550 162.05462002
v -231.13959639 -167.94461546 165.66244303
v -225.12429844 -167.00552124 169.08129831
v -219.12565430 -166.11444962 172.32532308
v -213.14254131 -165.26855290 175.40488465
v -207.17386758 -164.46485394 178.33082157
v -201.21867598 -163.70089335 181.11208744
v -195.27611279 -162.97460008 183.75622209
v -189.34541895 -162.28429140 186.26935168
v -183.42581045 -161.62789626 188.65901606
v -177.51666592 -161.00424967 190.92945641
v -171.61733320 -160.41179837 193.08632761
v -165.72725508 -159.84950681 195.13339961
v -159.84586084 -159.31608058 197.07538480
v -153.97264980 -158.81061360 198.91558189
v -148.10715264 -158.33232923 200.65681831
v -142.24889971 -157.88032137 202.30239275
v -136.39745156 -157.45381338 203.85513267
v -130.55240918 -157.05228750 205.31692303
v -124.71334512 -156.67483764 206.69106252
v -118.87990840 -156.32120492 207.97849362
v -113.05171846 -155.99074213 209.18157253
v -107.22842812 -155.68306095 210.30171298
v -101.40968701 -155.39764362 211.34079994
v -95.59517344 -155.13423125 212.29977589
v -89.78455225 -154.89230608 213.18052578
v -83.97753164 -154.67186811 213.98304963
v -78.17378027 -154.47227014 214.70970364
v -72.37301514 -154.29351217 215.36048781
v -66.57493975 -154.13533530 215.93634462
v -60.77926846 -153.99761012 216.43774531
v -54.98570684 -153.87994828 216.86610361
v -49.19398740 -153.78247923 217.22094827
v -43.40382715 -153.70494409 217.50322178
v -37.61495156 -153.64721342 217.71339537
v -31.82709492 -153.60941665 217.85099782
v -26.03998125 -153.59129492 217.91697159
v -20.25334541 -153.59297765 217.91084546
v -14.46691699 -153.61433541 217.83309065
v -8.68042969 -153.65549764 217.68323593
v -2.89361455 -153.71646433 217.46128130
v 2.89379766 -153.79736494 217.16675552
v 8.68207764 -153.89819945 216.79965859
v 14.47149756 -154.01909732 216.35951926
v 20.26233398 -154.16031741 215.84539506
v 26.05486289 -154.32185974 215.25728598
v 31.84936992 -154.50411262 214.59377829
v 37.64613633 -154.70707606 213.85487201
v 43.44545654 -154.93113837 213.03915341
v 49.24762705 -155.17655845 212.14568000
v 55.05295459 -155.44372460 211.17303806
v 60.86174063 -155.73276628 210.12075634
v 66.67430918 -156.04420125 208.98694989
v 72.49099365 -156.37854727 207.76973374
v 78.31212100 -156.73606322 206.46816541
v 84.13804834 -157.11739631 205.07988869
v 89.96914453 -157.52319374 203.60254736
v 95.80577080 -157.95384384 202.03472772
v 101.64833643 -158.41025269 200.37313107
v 107.49723457 -158.89293806 198.61587245
v 113.35292490 -159.40306491 196.75871068
v 119.21582813 -159.94115101 194.79976080
v 125.08644990 -160.50849077 192.73431040
v 130.96527979 -161.10599027 190.55906079
v 136.85286504 -161.73494393 188.26929955
v 142.74980508 -162.39690504 185.85937179
v 148.65669756 -163.09316800 183.32456511
v 154.57422568 -163.82554500 180.65828211
v 160.50312158 -164.59597764 177.85345419
v 166.44416924 -165.40653697 174.90254148
v 172.39825928 -166.25981183 171.79611915
v 178.36634707 -167.15852046 168.52429115
v 184.34952949 -168.10602835 165.07480519
v 190.34902148 -169.10608926 161.43399529
v 196.36622373 -170.16323364 157.58536800
v 202.40267959 -171.28238024 153.51101614
v 208.46029189 -172.47013056 149.18690643
v 214.54121133 -173.73386272 144.58617810
v 220.64809570 -175.08315536 139.67395930
v 226.78415977 -176.52978761 134.40736708
v 232.95343330 -178.08890407 128.73126622
v 239.16116953 -179.78082695 122.57167183
v 245.41440000 -181.63338607 115.82726705
v 251.72310059 -183.68709646 108.35055337
v 258.10231377 -186.00447810 99.91392126
v 264.57715752 -188.69244922 90.12812545
v 271.19689365 -191.96575240 78.21137670
v 278.09474854 -196.41955721 61.99690775
v -338.70834082 -205.42104901 51.84009772
v -331.23243340 -199.49978761 73.29630621
v -324.33935684 -195.73412331 86.94152013
v -317.67294785 -192.76777209 97.69035319
v -311.14217285 -190.26166295 106.77145882
v -304.70622773 -188.06680227 114.72472844
v -298.34246982 -186.10219265 121.84366324
v -292.03659053 -184.31764948 128.31011146
v -285.77879502 -182.67949970 134.24609045
v -279.56203857 -181.16408114 139.73734212
v -273.38095635 -179.75371219 144.84793736
v -267.23135537 -178.43487161 149.62687156
v -261.10986006 -177.19689842 154.11277568
v -255.01374580 -176.03147186 158.33580073
v -248.94068701 -174.93157129 162.32138662
v -242.88870352 -173.89134618 166.09073327
v -236.85613418 -172.90611610 169.66080064
v -230.84147168 -171.97159066 173.04713531
v -224.84344395 -171.08438954 176.26198616
v -218.86086182 -170.24126245 179.31713090
v -212.89272305 -169.43973916 182.22152062
v -206.93809072 -168.67747947 184.98363528
v -200.99609033 -167.95227316 187.61148376
v -195.06596572 -167.26243009 190.11119046
v -189.14697217 -166.60613008 192.48935093
v -183.23849004 -165.98220303 194.75020515
v -177.33986719 -165.38908880 196.89940643
v -171.45054873 -164.82574730 198.94072365
v -165.56998184 -164.29100840 200.87839679
v -159.69766699 -163.78396204 202.71572362
v -153.83312109 -163.30369813 204.45600191
v -147.97589238 -162.84943660 206.10205830
v -142.12555752 -162.42052738 207.65624836
v -136.28170488 -162.01632043 209.12092761
v -130.44392139 -161.63603565 210.49892274
v -124.61184580 -161.27928304 211.79164705
v -118.78511191 -160.94554252 213.00098499
v -112.96336289 -160.63429406 214.12882100
v -107.14626211 -160.34514763 215.17656840
v -101.33349023 -160.07784319 216.14516942
v -95.52471328 -159.83186070 217.03650848
v -89.71963389 -159.60707014 217.85105671
v -83.91794004 -159.40308149 218.59022743
v -78.11933467 -159.21963472 219.25496285
v -72.32353271 -159.05659981 219.84573409
v -66.53024473 -158.91371675 220.36348337
v -60.73919209 -158.79085551 220.80868180
v -54.95009854 -158.68788610 221.18180048
v -49.16269014 -158.60467849 221.48331052
v -43.37669531 -158.54110268 221.71368304
v -37.59184863 -158.49715866 221.87291803
v -31.80788145 -158.47271643 221.96148660
v -26.02453271 -158.46790599 221.97891765
v -20.24153291 -158.48246732 221.92615340
v -14.45862305 -158.51666044 221.80225161
v -8.67553770 -158.57048537 221.60721230
v -2.89201113 -158.64381207 221.34150658
v 2.89222090 -158.73690058 221.00419222
v 8.67742559 -158.84975090 220.59526922
v 14.46387305 -158.98262305 220.11379537
v 20.25183398 -159.13551703 219.55977066
v 26.04158701 -159.30882287 218.93178177
v 31.83340488 -159.50241057 218.23029981
v 37.62757705 -159.71680018 217.45344034
v 43.42439355 -159.95225170 216.60026114
v 49.22413916 -160.20876516 215.67076221
v 55.02712646 -160.48699060 214.66258800
v 60.83366133 -160.78718804 213.57479629
v 66.64405430 -161.10961752 212.40644487
v 72.45863525 -161.45479908 211.15564930
v 78.27774346 -161.82325277 209.82052514
v 84.10171904 -162.21536862 208.39965906
v 89.93093643 -162.63192671 206.89022440
v 95.76576475 -163.07344708 205.29033673
v 101.60659277 -163.54057979 203.59764050
v 107.45383184 -164.03410492 201.80930905
v 113.30790732 -164.55480252 199.92251573
v 119.16928271 -165.10371271 197.93349166
v 125.03844023 -165.68187557 195.83846797
v 130.91586768 -166.29020119 193.63414688
v 136.80212432 -166.93011970 191.31534620
v 142.69779521 -167.60306123 188.87688372
v 148.60347627 -168.31032590 186.31404835
v 154.51986445 -169.05386388 183.61977344
v 160.44767578 -169.83549535 180.78746347
v 166.38770918 -170.65743050 177.80910957
v 172.34085527 -171.52226957 174.67528955
v 178.30806943 -172.43274282 171.37611012
v 184.29043008 -173.39210054 167.89979354
v 190.28918848 -174.40437309 164.23173541
v 196.30568818 -175.47372086 160.35686024
v 202.34154990 -176.60560435 156.25538142
v 208.39863838 -177.80639414 151.90421460
v 214.47910430 -179.08350091 147.27650654
v 220.58562744 -180.44667555 142.33692403
v 226.72140176 -181.90761913 137.04306721
v 232.89052646 -183.48193307 131.33840296
v 239.09821260 -185.18976922 125.14990931
v 245.35154209 -187.05934016 118.37535552
v 251.66049609 -189.13133961 110.86728432
v 258.04017334 -191.46882333 102.39720764
v 264.51575273 -194.17944116 92.57504685
v 271.13666836 -197.47966291 80.61640474
v 278.03657813 -201.96923340 64.34805344
v -345.08884424 -212.75702099 47.79736182
v -337.32191689 -205.79356221 72.91271525
v -330.35560928 -201.79407199 87.33781829
v -323.64706846 -198.70187111 98.49056871
v -317.08652725 -196.11058589 107.83664892
v -310.62743701 -193.85124216 115.98550398
v -304.24471934 -191.83465187 123.25881162
v -297.92273789 -190.00623140 129.85344048
v -291.65098359 -188.33007049 135.89890941
v -285.42186533 -186.78070548 141.48705907
v -279.22975195 -185.33972420 146.68429728
v -273.07018740 -183.99276254 151.54243160
v -266.93966660 -182.72885155 156.10102414
v -260.83527246 -181.53898101 160.39257236
v -254.75463193 -180.41609946 164.44250905
v -248.69567285 -179.35406948 168.27297017
v -242.65665205 -178.34792895 171.90185285
v -236.63605781 -177.39349922 175.34422840
v -230.63254600 -176.48712395 178.61328417
v -224.64490576 -175.62553859 181.72079461
v -218.67207275 -174.80600089 184.67665026
v -212.71309600 -174.02616037 187.48932870
v -206.76710830 -173.28392769 190.16636558
v -200.83330020 -172.57734412 192.71482557
v -194.91093662 -171.90471208 195.14083138
v -188.99935107 -171.26459516 197.44956375
v -183.09792129 -170.65568753 199.64573247
v -177.20606631 -170.07681395 201.73357633
v -171.32320898 -169.52666858 203.71780511
v -165.44886240 -169.00446793 205.60124468
v -159.58252148 -168.50916735 207.38766285
v -153.72373096 -168.03998332 209.07988550
v -147.87206455 -167.59626294 210.68026750
v -142.02709336 -167.17722271 212.19163474
v -136.18843008 -166.78234030 213.61587111
v -130.35568359 -166.41096280 214.95533151
v -124.52848711 -166.06256787 216.21189984
v -118.70649521 -165.73676377 217.38698904
v -112.88936953 -165.43315874 218.48201205
v -107.07676787 -165.15123046 219.49885276
v -101.26837793 -164.89071776 220.43845315
v -95.46388242 -164.65122889 221.30222613
v -89.66298018 -164.43250269 222.09111367
v -83.86537471 -164.23427799 222.80605772
v -78.07078213 -164.05642420 223.44752926
v -72.27890625 -163.89854959 224.01694123
v -66.48947813 -163.76065414 224.51429361
v -60.70221650 -163.64247670 224.94052837
v -54.91685596 -163.54401727 225.29564551
v -49.13312109 -163.46501467 225.58058698
v -43.35074561 -163.40533833 225.79582376
v -37.56947314 -163.36511882 225.94088487
v -31.78903857 -163.34422557 226.01624129
v -26.00918174 -163.34265858 226.02189302
v -20.22964043 -163.36028726 225.95831104
v -14.45015918 -163.39737277 225.82455339
v -8.67047432 -163.45365396 225.62156203
v -2.89032832 -163.52952257 225.34792403
v 2.89054189 -163.62471744 225.00458133
v 8.67239912 -163.73963031 224.59012101
v 14.45550879 -163.87426119 224.10454307
v 20.24013838 -164.02874065 223.54737652
v 26.02655771 -164.20319928 222.91815040
v 31.81504541 -164.39802883 222.21545177
v 37.60587568 -164.61322929 221.43928062
v 43.39934033 -164.84932301 220.58775306
v 49.19572061 -165.10630997 219.66086907
v 54.99532002 -165.38471252 218.65674475
v 60.79843301 -165.68466123 217.57490912
v 66.60538330 -166.00680901 216.41300729
v 72.41647705 -166.35128646 215.17056829
v 78.23206230 -166.71887706 213.84476624
v 84.05246719 -167.10984198 212.43465920
v 89.87804268 -167.52470356 210.93836325
v 95.70917812 -167.96437587 209.35258155
v 101.54622803 -168.42912008 207.67637214
v 107.38962744 -168.92011144 205.90549623
v 113.23976396 -169.43774169 204.03854088
v 119.09710430 -169.98318607 202.07126729
v 124.96209844 -170.55722809 200.00084960
v 130.83525000 -171.16104299 197.82304901
v 136.71708369 -171.79580602 195.53362673
v 142.60815967 -172.46282300 193.12787296
v 148.50909141 -173.16366093 190.60013599
v 154.42052051 -173.89988679 187.94476407
v 160.34314893 -174.67332876 185.15516354
v 166.27774482 -175.48607615 182.22379873
v 172.22514844 -176.34047946 179.14219205
v 178.18629580 -177.23928092 175.90045298
v 184.16220908 -178.18548394 172.48774903
v 190.15404053 -179.18261426 168.89136380
v 196.16312344 -180.23498110 165.09575503
v 202.19094932 -181.34741604 161.08349655
v 208.23922119 -182.52553412 156.83433632
v 214.30999951 -183.77651742 152.32237056
v 220.40571533 -185.10898438 147.51651477
v 226.52929277 -186.53351222 142.37861973
v 232.68435498 -188.06355098 136.86017477
v 238.87559707 -189.71712106 130.89618496
v 245.10910752 -191.51798856 124.40093238
v 251.39334375 -193.50010499 117.25196284
v 257.74060957 -195.71400590 109.26700800
v 264.17032148 -198.24130555 100.15170683
v 270.71733076 -201.23204359 89.36490603
v 277.45917891 -205.02795521 75.67405713
v 284.69796680 -210.99558950 54.15037915
v -351.02108057 -218.33955405 50.09946599
v -343.21674756 -211.31705889 75.31043505
v -336.22950264 -207.28303255 89.79271105
v -329.50506094 -204.16354115 100.99177909
v -322.93140469 -201.54886044 110.37856154
v -316.46107881 -199.26875289 118.56421627
v -310.06849658 -197.23324705 125.87174354
v -303.73770586 -195.38725834 132.49889858
v -297.45799980 -193.69458834 138.57563485
v -291.22166777 -192.12966206 144.19376728
v -285.02293389 -190.67372454 149.42062682
v -278.85733154 -189.31261116 154.30706484
v -272.72121943 -188.03491155 158.89404490
v -266.61169336 -186.83183841 163.21311369
v -260.52631904 -185.69617828 167.29016772
v -254.46299502 -184.62176695 171.14733675
v -248.41992920 -183.60348941 174.80298377
v -242.39559111 -182.63714875 178.27217583
v -236.38862021 -181.71907266 181.56809664
v -230.39779102 -180.84598230 184.70251732
v -224.42204941 -180.01525459 187.68485480
v -218.46041016 -179.22439762 190.52405515
v -212.51199668 -178.47131291 193.22765190
v -206.57599072 -177.75403318 195.80270774
v -200.65164961 -177.07085342 198.25534366
v -194.73830039 -176.42033093 200.59073897
v -188.83529590 -175.80102303 202.81407297
v -182.94205166 -175.21174933 204.92958328
v -177.05802217 -174.65146061 206.94103666
v -171.18268066 -174.11910763 208.85219988
v -165.31551914 -173.61364117 210.66683971
v -159.45611279 -173.13453660 212.38683952
v -153.60398408 -172.68074471 214.01596609
v -147.75873398 -172.25174087 215.55610279
v -141.91995850 -171.84686931 217.00960387
v -136.08726533 -171.46547427 218.37882354
v -130.26031348 -171.10729344 219.66470350
v -124.43871621 -170.77153990 220.87006882
v -118.62213691 -170.45782018 221.99633204
v -112.81025742 -170.16587199 223.04443486
v -107.00276426 -169.89543300 224.01531896
v -101.19931787 -169.64584746 224.91133857
v -95.39963877 -169.41711536 225.73249369
v -89.60341113 -169.20871209 226.48066772
v -83.81036250 -169.02063764 227.15586064
v -78.02019668 -168.85249856 227.75948499
v -72.23264648 -168.70429485 228.29154077
v -66.44743125 -168.57576420 228.75296969
v -60.66427500 -168.46664430 229.14471342
v -54.88292314 -168.37706630 229.46630112
v -49.10309883 -168.30663675 229.71914533
v -43.32455420 -168.25561795 229.90230436
v -37.54702148 -168.22374760 230.01671989
v -31.77024082 -168.21089453 230.06286278
v -25.99396260 -168.21732106 230.03979134
v -20.21792637 -168.24289604 229.94797640
v -14.44187402 -168.28748831 229.78788882
v -8.66555332 -168.35149133 229.55811605
v -2.88870352 -168.43464279 229.25959980
v 2.88893262 -168.53720500 228.89139836
v 8.66761611 -168.65930912 228.45304089
v 14.44760889 -168.80095515 227.94452740
v 20.22917695 -168.96240539 227.36491618
v 26.01258838 -169.14379099 226.71373640
v 31.79811680 -169.34537427 225.99004636
v 37.58603672 -169.56728638 225.19337522
v 43.37663379 -169.80992077 224.32231044
v 49.17019072 -170.07340861 223.37638117
v 54.96700371 -170.35814335 222.35417487
v 60.76737598 -170.66451846 221.25427902
v 66.57161104 -170.99279624 220.07575191
v 72.38003906 -171.34363246 218.81623931
v 78.19297031 -171.71715827 217.47527039
v 84.01075986 -172.11416061 216.05002007
v 89.83374961 -172.53503292 214.53907580
v 95.66230781 -172.98043097 212.94008337
v 101.49681445 -173.45101055 211.25068854
v 107.33768291 -173.94768971 209.46759538
v 113.18529727 -174.47086193 207.58939137
v 119.04013271 -175.02183874 205.61136804
v 124.90262490 -175.60127590 203.53117117
v 130.77328711 -176.21048497 201.34409230
v 136.65262852 -176.85051515 199.04636465
v 142.54119141 -177.52254685 196.63375062
v 148.43959893 -178.22828506 194.10012922
v 154.34848916 -178.96930362 191.43985029
v 160.26856055 -179.74743868 188.64632198
v 166.20054434 -180.56452640 185.71295247
v 172.14530830 -181.42318985 182.63032483
v 178.10374922 -182.32592096 179.38949299
v 184.07688223 -183.27573625 175.97962749
v 190.06587158 -184.27630803 172.38754467
v 196.07196680 -185.33143977 168.59958997
v 202.09666729 -186.44611530 164.59787127
v 208.14166553 -187.62597423 160.36214220
v 214.20894727 -188.87783655 155.86791876
v 220.30088379 -190.21009611 151.08506683
v 226.42031221 -191.63298290 145.97686043
v 232.57078477 -193.15974344 140.49574414
v 238.75677861 -194.80742771 134.58050799
v 244.98414551 -196.59885647 128.14922481
v 251.26093799 -198.56629353 121.08606653
v 257.59871631 -200.75708539 113.22105781
v 264.01549277 -203.24677659 104.28299144
v 270.54270674 -206.17032432 93.78736707
v 277.24717705 -209.82138178 80.67996088
v 284.35168066 -215.20379959 61.35691891
v -349.56717275 -218.59889293 71.41505932
v -342.41526270 -213.99946342 87.85098081
v -335.61003311 -210.61664276 99.93938760
v -328.98367529 -207.83646236 109.87427774
v -322.47449883 -205.43762481 118.44645079
v -316.05117686 -203.30987658 126.04989438
v -309.69501855 -201.38867260 132.91525838
v -303.39373213 -199.63238788 139.19128843
v -297.13866621 -198.01230645 144.98060019
v -290.92342061 -196.50761580 150.35756646
v -284.74307373 -195.10264072 155.37820221
v -278.59367871 -193.78499907 160.08675457
v -272.47210840 -192.54520669 164.51711494
v -266.37569766 -191.37522838 168.69799688
v -260.30228936 -190.26887307 172.65152395
v -254.24993848 -189.22047660 176.39793685
v -248.21702490 -188.22556034 179.95323985
v -242.20212979 -187.28030427 183.33108367
v -236.20397344 -186.38128356 186.54370687
v -230.22142969 -185.52560025 189.60146515
v -224.25349160 -184.71075158 192.51330209
v -218.29921875 -183.93436651 195.28769053
v -212.35777705 -183.19446917 197.93169119
v -206.42840918 -182.48934713 200.45142335
v -200.51042871 -181.81755143 202.85206486
v -194.60313574 -181.17736965 205.13973501
v -188.70593701 -180.56761626 207.31867021
v -182.81829727 -179.98736918 209.39216548
v -176.93964404 -179.43531119 211.36492794
v -171.06948018 -178.91052019 213.24025260
v -165.20734160 -178.41220585 215.02096375
v -159.35279443 -177.93970955 216.70941494
v -153.50536992 -177.49197747 218.30937190
v -147.66470771 -177.06874618 219.82177605
v -141.83038037 -176.66909360 221.24992240
v -136.00203193 -176.29262456 222.59522307
v -130.17930029 -175.93881216 223.85956093
v -124.36184531 -175.60726122 225.04434812
v -118.54932188 -175.29744485 226.15146750
v -112.74141709 -175.00909960 227.18186050
v -106.93780107 -174.74169856 228.13740996
v -101.13818408 -174.49511002 229.01858661
v -95.34226904 -174.26907053 229.82633187
v -89.54974541 -174.06305318 230.56252860
v -83.76035449 -173.87718970 231.22670608
v -77.97379570 -173.71095320 231.82074718
v -72.18981445 -173.56447539 232.34418117
v -66.40812686 -173.43736111 232.79842020
v -60.62846836 -173.32947862 233.18393499
v -54.85058232 -173.24082793 233.50072552
v -49.07420713 -173.17127732 233.74926253
v -43.29908789 -173.12082678 233.92954600
v -37.52496211 -173.08921286 234.04251736
v -31.75158164 -173.07656730 234.08770591
v -25.97869336 -173.08289008 234.06511163
v -20.20604414 -173.10818121 233.97473454
v -14.43337939 -173.15230897 233.81704535
v -8.66044951 -173.21553680 233.59110262
v -2.88699961 -173.29786471 233.29690635
v 2.88722520 -173.39929268 232.93445655
v 8.66248066 -173.51995246 232.50328251
v 14.43902490 -173.65997576 232.00291351
v 20.21712041 -173.81962603 231.43240811
v 25.99702910 -173.99890328 230.79176633
v 31.77902256 -174.19820267 230.07957601
v 37.56336797 -174.41752421 229.29583717
v 43.35034570 -174.65726306 228.43913765
v 49.14023320 -174.91755097 227.50900674
v 54.93332695 -175.19891481 226.50356159
v 60.72992051 -175.50161805 225.42186077
v 66.53030537 -175.82579241 224.26343356
v 72.33481201 -176.17222823 223.02545569
v 78.14374541 -176.54105724 221.70745643
v 83.95744688 -176.93293807 220.30708221
v 89.77625127 -177.34826588 218.82292090
v 95.60051982 -177.78769930 217.25261892
v 101.43062549 -178.25189696 215.59382271
v 107.26695293 -178.74151747 213.84417869
v 113.10990996 -179.25735119 212.00086259
v 118.95991846 -179.80018846 210.06105010
v 124.81743955 -180.37108308 208.02097553
v 130.68292676 -180.97082540 205.87781459
v 136.55688896 -181.60060094 203.62733085
v 142.43988486 -182.26185867 201.26434647
v 148.33245410 -182.95565238 198.78509571
v 154.23524824 -183.68382623 196.18298860
v 160.14888721 -184.44769746 193.45331799
v 166.07414795 -185.24963711 190.58761103
v 172.01176318 -186.09135761 187.57974843
v 177.96263906 -186.97562516 184.41984520
v 183.92773096 -187.90520600 181.09801635
v 189.90808154 -188.88312978 177.60343546
v 195.90490518 -189.91321652 173.92245181
v 201.91954482 -190.99968141 170.04000256
v 207.95358486 -192.14779343 165.93725914
v 214.00881035 -193.36348020 161.59303944
v 220.08737549 -194.65425002 156.98051274
v 226.19179365 -196.02892844 152.06814121
v 232.32517500 -197.49884377 146.81544344
v 238.49140078 -199.07848574 141.17064090
v 244.69538818 -200.78655924 135.06689218
v 250.94373193 -202.64888230 128.41193734
v 257.24557617 -204.70207438 121.07491788
v 263.61439307 -207.00132809 112.85860464
v 270.07186172 -209.63753346 103.43820492
v 276.65789854 -212.78193251 92.20179051
v 283.46653857 -216.84748202 77.67367295
v 290.96081162 -223.92346661 52.38785713
v -356.88073271 -229.49875215 54.69831058
v -349.03275469 -222.35862810 80.09610327
v -342.02151123 -218.25574568 94.69026949
v -335.27907773 -215.08184273 105.98000739
v -328.69080439 -212.42071740 115.44576863
v -322.20810879 -210.09932708 123.70307475
v -315.80475293 -208.02599096 131.07803921
v -309.46449023 -206.14501258 137.76877714
v -303.17637598 -204.41961380 143.90611038
v -296.93251377 -202.82373237 149.58274363
v -290.72697715 -201.33818545 154.86691131
v -284.55525937 -199.94881740 159.80896573
v -278.41360547 -198.64385393 164.45078869
v -272.29909570 -197.41456352 168.82343863
v -266.20920498 -196.25340533 172.95373872
v -260.14180254 -195.15416146 176.86380634
v -254.09507168 -194.11167239 180.57199419
v -248.06748633 -193.12183696 184.09289032
v -242.05759307 -192.18055400 187.44108277
v -236.06422471 -191.28491301 190.62692436
v -230.08626563 -190.43200349 193.66076790
v -224.12269688 -189.61917952 196.55202503
v -218.17265625 -188.84445668 199.30775447
v -212.23533809 -188.10598283 201.93454439
v -206.30994873 -187.40177352 204.43945352
v -200.39581055 -186.73037352 206.82765826
v -194.49229131 -186.09045986 209.10386443
v -188.59880127 -185.48084189 211.27230727
v -182.71477178 -184.90032894 213.33722203
v -176.83965527 -184.34773036 215.30284394
v -170.97299443 -183.82238466 217.17152591
v -165.11431025 -183.32336578 218.94656202
v -159.26314014 -182.84974765 220.63124635
v -153.41908447 -182.40100109 222.22746122
v -147.58173809 -181.97646461 223.73755955
v -141.75070752 -181.57547675 225.16389424
v -135.92562480 -181.19750831 226.50834763
v -130.10614453 -180.84216242 227.77233146
v -124.29191572 -180.50890989 228.95772805
v -118.48259678 -180.19722153 230.06641975
v -112.67788975 -179.90696506 231.09887713
v -106.87746650 -179.63761128 232.05698252
v -101.08103906 -179.38902791 232.94120650
v -95.28829277 -179.16068576 233.75343140
v -89.49894961 -178.95245254 234.49412781
v -83.71273389 -178.76419595 235.16376630
v -77.92936436 -178.59565140 235.76328804
v -72.14856445 -178.44655429 236.29363419
v -66.37007578 -178.31690464 236.75480476
v -60.59362764 -178.20643784 237.14774091
v -54.81895957 -178.11502160 237.47291322
v -49.04581846 -178.04265593 237.73032169
v -43.27394678 -177.98920852 237.92043691
v -37.50309316 -177.95467937 238.04325887
v -31.73300625 -177.93906850 238.09878757
v -25.96342939 -177.94211129 238.08796418
v -20.19411885 -177.96407236 238.00984753
v -14.42482324 -178.00495169 237.86443762
v -8.65529121 -178.06474929 237.65173446
v -2.88527109 -178.14333285 237.37220863
v 2.88548760 -178.24109928 237.02444837
v 8.65723975 -178.35804856 236.60845369
v 14.43024023 -178.49418070 236.12422460
v 20.20474600 -178.64962799 235.57129049
v 25.98102158 -178.82478732 234.94823964
v 31.75932891 -179.01965869 234.25507204
v 37.53993750 -179.23450669 233.49084652
v 43.32312158 -179.46959591 232.65462193
v 49.10915508 -179.72505865 231.74592767
v 54.89833096 -180.00142409 230.76288143
v 60.69092695 -180.29869223 229.70548319
v 66.48725449 -180.61752455 228.57138006
v 72.28761475 -180.95818563 227.35963085
v 78.09231357 -181.32094008 226.06929442
v 83.90169551 -181.70658166 224.69754727
v 89.71608281 -182.11537496 223.24344822
v 95.53582178 -182.54784917 221.70511497
v 101.36128857 -183.00479806 220.07972400
v 107.19286260 -183.48688310 218.36492241
v 113.03092354 -183.99463349 216.55882787
v 118.87588447 -184.52884299 214.65861689
v 124.72821035 -185.09070226 212.66005422
v 130.58832129 -185.68074049 210.56125755
v 136.45674316 -186.30041293 208.35705045
v 142.33397021 -186.95064564 206.04413887
v 148.22055791 -187.63276158 203.61781697
v 154.11710068 -188.34821601 201.07290836
v 160.02423486 -189.09859647 198.40376604
v 165.94265830 -189.88575509 195.60380186
v 171.87311895 -190.71167632 192.66595710
v 177.81643564 -191.57860917 189.58223185
v 183.77352246 -192.48919956 186.34321447
v 189.74535937 -193.44622569 182.93902273
v 195.73307373 -194.45312725 179.35742149
v 201.73795488 -195.51400540 175.58382272
v 207.76140645 -196.63322590 171.60269718
v 213.80512324 -197.81647745 167.39380986
v 219.87101074 -199.07011025 162.93457280
v 225.96135762 -200.40206202 158.19675106
v 232.07891719 -201.82212263 153.14552157
v 238.22704336 -203.34246329 147.73759076
v 244.41003516 -204.97922405 141.91554761
v 250.63334912 -206.75317530 135.60551070
v 256.90441553 -208.69342209 128.70395194
v 263.23373555 -210.84203440 121.06122620
v 269.63714121 -213.26383705 112.44674818
v 276.14120361 -216.07022291 102.46428767
v 282.79801318 -219.48450691 90.31950188
v 289.74867158 -224.12596458 73.80959547
v -355.96103936 -231.83800150 68.45804773
v -348.55071240 -226.30358085 88.05418899
v -341.64019189 -222.54771099 101.35288110
v -334.94898311 -219.53908226 112.00576012
v -328.39331572 -216.97582199 121.08168937
v -321.93399082 -214.71935044 129.07134864
v -315.54861123 -212.69194071 136.24995140
v -309.22285693 -210.84483081 142.79015296
v -302.94691934 -209.14533557 148.80768411
v -296.71351934 -207.56953904 154.38722594
v -290.51724990 -206.10016856 159.58993699
v -284.35380439 -204.72367175 164.46380321
v -278.21969971 -203.42928644 169.04693108
v -272.11210576 -202.20850915 173.36942942
v -266.02866240 -201.05443085 177.45576166
v -259.96731387 -199.96107252 181.32709806
v -253.92633926 -198.92365099 185.00037483
v -247.90420166 -197.93791453 188.49064640
v -241.89953643 -197.00014286 191.81108538
v -235.91118691 -196.10741293 194.97204166
v -229.93807119 -195.25693455 197.98339472
v -223.97922422 -194.44631611 200.85361265
v -218.03376709 -193.67343176 203.59022267
v -212.10087979 -192.93628849 206.20028153
v -206.17986064 -192.23342477 208.68896418
v -200.27001357 -191.56324621 211.06191604
v -194.37069023 -190.92429127 213.32431204
v -188.48132520 -190.31549703 215.47991581
v -182.60135332 -189.73566768 217.53296139
v -176.73026631 -189.18387316 219.48674193
v -170.86757227 -188.65918340 221.34455058
v -165.01279570 -188.16066834 223.10968051
v -159.16550977 -187.68766365 224.78448396
v -153.32528379 -187.23937212 226.37178363
v -147.49174600 -186.81539516 227.87299088
v -141.66448857 -186.41493557 229.29092841
v -135.84314531 -186.03746188 230.62747802
v -130.02737256 -185.68257549 231.88405106
v -124.21683369 -185.34987781 233.06205887
v -118.41118711 -185.03883736 234.16338328
v -112.61012344 -184.74918842 235.18896516
v -106.81332715 -184.48053238 236.14021589
v -101.02050000 -184.23260352 237.01807635
v -95.23134844 -184.00513609 237.82348744
v -89.44558359 -183.79786437 238.55739008
v -83.66291279 -183.61038976 239.22119560
v -77.88308203 -183.44284512 239.81443357
v -72.10579834 -183.29469899 240.33898577
v -66.33081182 -183.16608423 240.79438177
v -60.55785176 -183.05673511 241.18156245
v -54.78666328 -182.96665163 241.50052783
v -49.01698154 -182.89556806 241.75221879
v -43.24855518 -182.84348440 241.93663535
v -37.48112900 -182.81026778 242.05424796
v -31.71445986 -182.79618393 242.10411570
v -25.94828672 -182.80083426 242.08764993
v -20.18236582 -182.82448449 242.00390976
v -14.41644580 -182.86713463 241.85289518
v -8.65027441 -182.92865182 241.63507664
v -2.88360264 -183.00930177 241.34951325
v 2.88382266 -183.10908451 240.99620499
v 8.65225459 -183.22800001 240.57515188
v 14.42194922 -183.36631402 240.08541300
v 20.19316523 -183.52415941 239.52651792
v 25.96616367 -183.70166904 238.89799617
v 31.74120791 -183.89897577 238.19937732
v 37.51856748 -184.11634534 237.42972045
v 43.29851660 -184.35404349 236.58808468
v 49.08133418 -184.61233594 235.67352908
v 54.86730381 -184.89148843 234.68511278
v 60.65671377 -185.19176669 233.62189486
v 66.44986377 -185.51356932 232.48246397
v 72.24706055 -185.85729492 231.26540877
v 78.04861787 -186.22334210 229.96931790
v 83.85486504 -186.61224230 228.59230956
v 89.66613164 -187.02439415 227.13297239
v 95.48277363 -187.46046196 225.58895416
v 101.30514844 -187.92097720 223.95837305
v 107.13363369 -188.40660421 222.23887681
v 112.96863018 -188.91814019 220.42764274
v 118.81055273 -189.45638232 218.52184814
v 124.65983027 -190.02212783 216.51867031
v 130.51691895 -190.61630676 214.41481609
v 136.38230508 -191.23998205 212.20652188
v 142.25650811 -191.89434950 209.88955362
v 148.14008350 -192.58073777 207.45920682
v 154.03361016 -193.30047553 204.91077696
v 159.93773877 -194.05529004 202.23814820
v 165.85313379 -194.84677570 199.43567513
v 171.78055693 -195.67705838 196.49583053
v 177.72082529 -196.54839680 193.41061676
v 183.67481426 -197.46318257 190.17156571
v 189.64355566 -198.42460447 186.76738656
v 195.62811797 -199.43571843 183.18725896
v 201.62976504 -200.50051046 179.41706940
v 207.64991426 -201.62349801 175.44082256
v 213.69021240 -202.81012861 171.23922998
v 219.75255615 -204.06677984 166.78971003
v 225.83915771 -205.40102510 162.06544704
v 231.95273320 -206.82256365 157.03209813
v 238.09654951 -208.34322059 151.64779322
v 244.27471436 -209.97827558 145.85843051
v 250.49257617 -211.74819006 139.59156064
v 256.75719521 -213.68046738 132.74980037
v 263.07854180 -215.81496749 125.19201458
v 269.47150166 -218.21254325 116.70273698
v 275.96042578 -220.97497038 106.92160257
v 282.59161084 -224.30021995 95.14764023
v 289.48128691 -228.69690488 79.57996581
v 297.80419131 -239.48154476 41.39397671
v -355.57109355 -236.17471050 75.06433961
v -348.28060693 -231.05751938 93.10058760
v -341.40916992 -227.42201723 105.91441785
v -334.73896201 -224.46891397 116.32303878
v -328.19702783 -221.93573824 125.25156708
v -321.74769023 -219.69652511 133.14398351
v -315.37011768 -217.67908495 140.25473042
v -309.05083740 -215.83764874 146.74512709
v -302.78037920 -214.14059180 152.72663905
v -296.55184043 -212.56536321 158.27875012
v -290.35996172 -211.09514986 163.46072045
v -284.20051787 -209.71660800 168.31958191
v -278.07018604 -208.41959641 172.89107870
v -271.96617568 -207.19570851 177.20484090
v -265.88616387 -206.03813900 181.28485475
v -259.82810361 -204.94088321 185.15228460
v -253.79033379 -203.89940424 188.82312127
v -247.77132275 -202.90943212 192.31241496
v -241.76975977 -201.96749747 195.63239396
v -235.78446621 -201.07053122 198.79387558
v -229.81434053 -200.21559775 201.80720685
v -223.85849063 -199.40069551 204.67944254
v -217.91599365 -198.62342261 207.41904839
v -211.98609727 -197.88217781 210.03166821
v -206.06801484 -197.17495956 212.52435679
v -200.16111621 -196.50056690 214.90134699
v -194.26477266 -195.85766547 217.16734201
v -188.37835986 -195.24478746 219.32751534
v -182.50135313 -194.66099881 221.38515921
v -176.63324414 -194.10536545 223.34356586
v -170.77352373 -193.57681988 225.20649783
v -164.92173486 -193.07456148 226.97677704
v -159.07745068 -192.59792306 228.65675508
v -153.24025605 -192.14623744 230.24878354
v -147.40973262 -191.71870398 231.75568434
v -141.58551914 -191.31492239 233.17886842
v -135.76723389 -190.93422547 234.52068738
v -129.95453320 -190.57621290 235.78255219
v -124.14708047 -190.24048439 236.96587379
v -118.34453408 -189.92650617 238.07253345
v -112.54658467 -189.63401137 239.10347182
v -106.75291670 -189.36259969 240.06009985
v -100.96322168 -189.11187080 240.94382850
v -95.17722715 -188.88182471 241.75465777
v -89.39462432 -188.67192767 242.49446893
v -83.61514775 -188.48217968 243.16326198
v -77.83850830 -188.31218042 243.76244787
v -72.06444580 -188.16192990 244.29202662
v -66.29268662 -188.03116124 244.75293884
v -60.52296797 -187.91974101 245.14565487
v -54.75503496 -187.82766920 245.47017471
v -48.98862275 -187.75467893 245.72743898
v -43.22347998 -187.70077022 245.91744770
v -37.45935527 -187.66594306 246.04020085
v -31.69599404 -187.65006401 246.09616876
v -25.93314932 -187.65326650 246.08488112
v -20.17056768 -187.67541711 246.00680823
v -14.40800098 -187.71664927 245.86147978
v -8.64519697 -187.77682954 245.64936609
v -2.88190664 -187.85622480 245.36952653
v 2.88212285 -187.95470161 245.02243140
v 8.64714551 -188.07266027 244.60666976
v 14.41341504 -188.20983393 244.12318224
v 20.18119277 -188.36675632 243.57008756
v 25.95073623 -188.54329401 242.94785606
v 31.72231025 -188.73971387 242.25554708
v 37.49618437 -188.95628278 241.49221999
v 43.27262842 -189.19313418 240.65740448
v 49.05192451 -189.45066838 239.74968958
v 54.83435625 -189.72915224 238.76813466
v 60.62020576 -190.02871922 237.71226940
v 66.40977773 -190.34990306 236.58021253
v 72.20337891 -190.69310407 235.37055309
v 78.00131514 -191.05858913 234.08235045
v 83.80391396 -191.44689199 232.71372332
v 89.61151230 -191.85854639 231.26279044
v 95.42445645 -192.29408608 229.72767053
v 101.24310205 -192.75404482 228.10648232
v 107.06782500 -193.23908980 226.39687421
v 112.89902432 -193.75002163 224.59602429
v 118.73710107 -194.28750751 222.70158097
v 124.58249326 -194.85248149 220.71025202
v 130.43564209 -195.44574420 218.61921552
v 136.29704414 -196.06849658 216.42423862
v 142.16720273 -196.72180612 214.12155875
v 148.04666982 -197.40700721 211.70647274
v 153.93600527 -198.12530077 209.17474772
v 159.83585449 -198.87842149 206.52026954
v 165.74689336 -199.66810407 203.73692407
v 171.66982822 -200.49608318 200.81859716
v 177.60546738 -201.36462726 197.75729339
v 183.55471436 -202.27640506 194.54360640
v 189.51850049 -203.23395190 191.16860013
v 195.49793906 -204.24073713 187.62004629
v 201.49420430 -205.30023014 183.88571661
v 207.50869775 -206.41696780 179.94962024
v 213.54298623 -207.59602073 175.79388510
v 219.59890137 -208.84352705 171.39687651
v 225.67854053 -210.16655894 166.73366759
v 231.78451875 -211.57445702 161.77133604
v 237.91987617 -213.07802972 156.47178606
v 244.08849932 -214.69168829 150.78422323
v 250.29532471 -216.43411395 144.64280295
v 256.54678945 -218.33012606 137.96004597
v 262.85190469 -220.41548586 130.60990689
v 269.22366885 -222.74276768 122.40708019
v 275.68278809 -225.39777176 113.04915101
v 282.26633789 -228.53755395 101.98255435
v 289.05689297 -232.51985992 87.94636606
v 296.37682207 -238.77673994 65.89312691
v -363.84886699 -250.69895985 45.87847487
v -354.96496055 -239.66766239 84.58331126
v -347.84867812 -235.16980691 100.36466077
v -341.04722314 -231.76773751 112.30129287
v -334.41770654 -228.94123388 122.21847270
v -327.90340898 -226.48767542 130.82712269
v -321.47465801 -224.30307167 138.49210778
v -315.11334902 -222.32510877 145.43206484
v -308.80741992 -220.51304817 151.78993065
v -302.54838779 -218.83888214 157.66397425
v -296.32979824 -217.28157137 163.12801496
v -290.14675400 -215.82557090 168.23659446
v -283.99534014 -214.45868597 173.03249975
v -277.87238379 -213.17126797 177.54958426
v -271.77518057 -211.95514240 181.81652941
v -265.70154229 -210.80401087 185.85543396
v -259.64954736 -209.71237904 189.68557557
v -253.61749775 -208.67542261 193.32388097
v -247.60397900 -207.68938934 196.78351539
v -241.60769092 -206.75079501 200.07670368
v -235.62746543 -205.85655745 203.21426015
v -229.66230410 -205.00426449 206.20464815
v -223.71122812 -204.19136998 209.05680124
v -217.77343506 -203.41613181 211.77683183
v -211.84808877 -202.67640584 214.37226293
v -205.93451543 -201.97085200 216.84779639
v -200.03202422 -201.29786218 219.20907446
v -194.14001133 -200.65623031 221.46032882
v -188.25787500 -200.04461631 223.60626135
v -182.38509229 -199.46208211 225.65016333
v -176.52112090 -198.90742165 227.59626647
v -170.66552607 -198.38009888 229.44645150
v -164.81781563 -197.87904174 231.20447991
v -158.97756445 -197.40358020 232.87270265
v -153.14434365 -196.95291020 234.45394084
v -147.31778320 -196.52662971 235.94960503
v -141.49749141 -196.12406869 237.36204615
v -135.68310205 -195.74469112 238.69314496
v -129.87427148 -195.38809496 239.94431202
v -124.07065049 -195.05374419 241.11742806
v -118.27191123 -194.74123677 242.21390366
v -112.47773291 -194.45017068 243.23514938
v -106.68782344 -194.18041192 244.18163539
v -100.90187256 -193.93155846 245.05477226
v -95.11957705 -193.70320827 245.85597056
v -89.34066797 -193.49536135 246.58523027
v -83.56485088 -193.30761569 247.24396197
v -77.79184629 -193.13970325 247.83310602
v -72.02139404 -192.99162405 248.35266243
v -66.25322725 -192.86324407 248.80310137
v -60.48707520 -192.75429530 249.18536324
v -54.72268301 -192.66477774 249.49944801
v -48.95978584 -192.59442337 249.74629608
v -43.19813672 -192.54336620 249.92543725
v -37.43747871 -192.51147222 250.03734170
v -31.67756045 -192.49874142 250.08200945
v -25.91813057 -192.50517382 250.05944048
v -20.15893564 -192.53063541 249.97010499
v -14.39972754 -192.57526018 249.81353279
v -8.64025576 -192.63918215 249.58925369
v -2.88026689 -192.72226731 249.29773788
v 2.88049102 -192.82478368 248.93804498
v 8.64227285 -192.94673126 248.51017500
v 14.40533496 -193.08824406 248.01365775
v 20.16993604 -193.24945607 247.44802304
v 25.93633711 -193.43050132 246.81280068
v 31.70480479 -193.63164782 246.10705031
v 37.47561035 -193.85316359 245.32983154
v 43.24902539 -194.09518262 244.48067419
v 49.02532881 -194.35797295 243.55863789
v 54.80480420 -194.64180259 242.56278226
v 60.58774600 -194.94707356 241.49169675
v 66.37445566 -195.27418788 240.34397079
v 72.16522705 -195.62327958 239.11913419
v 77.96038799 -195.99501868 237.81483603
v 83.76026104 -196.38980721 236.42966574
v 89.56518486 -196.80818120 234.96174257
v 95.37549785 -197.25054269 233.40965597
v 101.19157617 -197.71769572 231.77058481
v 107.01378838 -198.21017632 230.04264835
v 112.84252383 -198.72865454 228.22349565
v 118.67820762 -199.27406843 226.30983540
v 124.52126865 -199.84722204 224.29884649
v 130.37216309 -200.44905344 222.18723761
v 136.23137725 -201.08063468 219.97124725
v 142.09941621 -201.74303784 217.64711394
v 147.97683369 -202.43760300 215.21013579
v 153.86420684 -203.16567024 212.65561095
v 159.76216846 -203.92884767 209.97789716
v 165.67141289 -204.72901139 207.17041182
v 171.59265000 -205.56790351 204.22704250
v 177.52670947 -206.44793620 201.13932584
v 183.47444473 -207.37138758 197.89926865
v 189.43684424 -208.34120584 194.49652683
v 195.41500693 -209.36074119 190.91934571
v 201.41015098 -210.43374586 187.15456006
v 207.42364336 -211.56450813 183.18712391
v 213.45707578 -212.75825430 178.99869996
v 219.51228516 -214.02114878 174.56765963
v 225.59141924 -215.36056201 169.86814263
v 231.69705557 -216.78560656 164.86817628
v 237.83233447 -218.30767313 159.52779469
v 244.00108184 -219.94083261 153.79762825
v 250.20831592 -221.70424819 147.61044025
v 256.46053711 -223.62311342 140.87783556
v 262.76674629 -225.73320854 133.47427433
v 269.14014258 -228.08827088 125.21121163
v 275.60151299 -230.77473581 115.78537700
v 282.18818555 -233.95140320 104.63959909
v 288.98340410 -237.98049756 90.50296298
v 296.31188232 -244.31064890 68.29274946
v -355.71406787 -248.37226132 75.82525226
v -348.27272314 -242.62841906 95.88719904
v -341.34347168 -238.73033117 109.50234169
v -334.63885107 -235.60741975 120.40996762
v -328.07309590 -232.94665346 129.70342474
v -321.60600088 -230.60403251 137.88567187
v -315.21469600 -228.49921309 145.23733184
v -308.88447803 -226.58145882 151.93561538
v -302.60526914 -224.81672115 158.09944640
v -296.36965576 -223.18037209 163.81484497
v -290.17204541 -221.65424343 169.14526850
v -284.00807139 -220.22447351 174.13913267
v -277.87416504 -218.87989225 178.83545202
v -271.76741543 -217.61161743 183.26525021
v -265.68541289 -216.41251634 187.45344012
v -259.62605449 -215.27639834 191.42164431
v -253.58754902 -214.19814941 195.18772485
v -247.56834375 -213.17346302 198.76672351
v -241.56705820 -212.19857096 202.17180183
v -235.58249619 -211.27037789 205.41377106
v -229.61353857 -210.38592308 208.50297242
v -223.65920801 -209.54278410 211.44786691
v -217.71859131 -208.73867310 214.25644544
v -211.79087930 -207.97170597 216.93528880
v -205.87531641 -207.24013319 219.49050771
v -199.97121797 -206.54247437 221.92727275
v -194.07790547 -205.87711457 224.25122460
v -188.19480469 -205.24297716 226.46612369
v -176.45699941 -204.06379380 230.58474547
v -170.60125986 -203.51672916 232.49551898
v -164.75365723 -202.99684953 234.31134139
v -158.91372363 -202.50321285 236.03550308
v -153.08106973 -202.03541539 237.66941421
v -147.25525342 -201.59251509 239.21636516
v -141.43589209 -201.17397363 240.67823617
v -135.62262627 -200.77938728 242.05643739
v -129.81506396 -200.40794856 243.35378915
v -124.01289023 -200.05952289 244.57076150
v -118.21575645 -199.73357195 245.70923468
v -112.42333477 -199.42969201 246.77061883
v -106.63530439 -199.14747933 247.75632414
v -100.85137207 -198.88679933 248.66682064
v -95.07121787 -198.64711369 249.50398857
v -89.29455850 -198.42828783 250.26829798
v -83.52110449 -198.23005260 250.96068897
v -77.75057109 -198.05213884 251.58210166
v -71.98269287 -197.89454654 252.13253605
v -66.21719092 -197.75700655 252.61293225
v -60.45379717 -197.63938429 253.02376030
v -54.69224590 -197.54154518 253.36549028
v -48.93227373 -197.46335463 253.63859222
v -43.17362402 -197.40481266 253.84306614
v -37.41603633 -197.36578468 253.97938209
v -31.65925576 -197.34627069 254.04754006
v -25.90302744 -197.34627069 254.04754006
v -20.14709648 -197.36578468 253.97938209
v -14.39120801 -197.40481266 253.84306614
v -8.63510713 -197.46335463 253.63859222
v -2.87853926 -197.54154518 253.36549028
v 2.87875225 -197.63938429 253.02376030
v 8.63702490 -197.75700655 252.61293225
v 14.39653857 -197.89454654 252.13253605
v 20.15755547 -198.05213884 251.58210166
v 25.92034277 -198.23005260 250.96068897
v 31.68516592 -198.42828783 250.26829798
v 37.45229795 -198.64711369 249.50398857
v 43.22201660 -198.88679933 248.66682064
v 48.99459932 -199.14747933 247.75632414
v 54.77034258 -199.42969201 246.77061883
v 60.54953379 -199.73357195 245.70923468
v 66.33247617 -200.05952289 244.57076150
v 72.11947998 -200.40794856 243.35378915
v 77.91087041 -200.77938728 242.05643739
v 83.70695654 -201.17397363 240.67823617
v 89.50809521 -201.59251509 239.21636516
v 95.31462832 -202.03541539 237.66941421
v 101.12691504 -202.50321285 236.03550308
v 106.94535645 -202.99684953 234.31134139
v 112.77032432 -203.51672916 232.49551898
v 118.60224551 -204.06379380 230.58474547
v 124.44156328 -204.63898550 228.57573046
v 130.28871094 -205.24297716 226.46612369
v 136.14420234 -205.87711457 224.25122460
v 142.00854609 -206.54247437 221.92727275
v 147.88226953 -207.24013319 219.49050771
v 153.76598086 -207.97170597 216.93528880
v 159.66030029 -208.73867310 214.25644544
v 165.56590723 -209.54278410 211.44786691
v 171.48352881 -210.38592308 208.50297242
v 177.41397861 -211.27037789 205.41377106
v 183.35812852 -212.19857096 202.17180183
v 189.31696875 -213.17346302 198.76672351
v 195.29156074 -214.19814941 195.18772485
v 201.28312090 -215.27639834 191.42164431
v 207.29301445 -216.41251634 187.45344012
v 213.32280996 -217.61161743 183.26525021
v 219.37434082 -218.87989225 178.83545202
v 225.44970615 -220.22447351 174.13913267
v 231.55143018 -221.65424343 169.14526850
v 237.68259521 -223.18037209 163.81484497
v 243.84696445 -224.81672115 158.09944640
v 250.04933936 -226.58145882 151.93561538
v 256.29606123 -228.49921309 145.23733184
v 262.59572549 -230.60403251 137.88567187
v 268.96082637 -232.94665346 129.70342474
v 275.41073584 -235.60741975 120.40996762
v 281.97938965 -238.73033117 109.50234169
v 288.73892432 -242.62841906 95.88719904
v 295.93019092 -248.37226132 75.82525226
v -345.67938721 -261.90774035 50.36097957
v -336.86307510 -250.45862911 90.17005168
v -329.77809492 -245.79229930 106.39508925
v -323.00245693 -242.26393389 118.66337366
v -316.39609512 -239.33347282 128.85271793
v -309.90339844 -236.79075758 137.69385260
v -303.49515293 -234.52753289 145.56318614
v -297.15360908 -232.47933211 152.68487190
v -290.86686299 -230.60371809 159.20646577
v -284.62656006 -228.87163355 165.22900122
v -278.42632471 -227.26118416 170.82860581
v -272.26133262 -225.75628706 176.06120040
v -266.12770488 -224.34423811 180.97095776
v -260.02230439 -223.01503622 185.59265222
v -253.94244785 -221.76016692 189.95588892
v -247.88597314 -220.57314301 194.08322420
v -241.85092793 -219.44801787 197.99533466
v -235.83570029 -218.38019640 201.70819769
v -229.83885059 -217.36562410 205.23591098
v -223.85903203 -216.40038160 208.59210232
v -217.89516357 -215.48176592 211.78617016
v -211.94616826 -214.60680374 214.82845282
v -206.01114551 -213.77333266 217.72646906
v -200.08921201 -212.97905513 220.48820757
v -194.17960283 -212.22221419 223.11977737
v -188.28156445 -211.50091775 225.62775737
v -182.39446846 -210.81394946 228.01637689
v -176.51765391 -210.15968750 230.29127499
v -170.65057441 -209.53718583 232.45574115
v -164.79263320 -208.94495780 234.51494452
v -158.94335596 -208.38232765 236.47123471
v -153.10223350 -207.84821419 238.32837111
v -147.26880527 -207.34180652 240.08917325
v -141.44262480 -206.86229373 241.75646069
v -135.62328721 -206.40913522 243.33211311
v -129.81037061 -205.98152009 244.81895004
v -124.00349238 -205.57890774 246.21885119
v -118.20227930 -205.20075757 247.53369624
v -112.40637891 -204.84666414 248.76489497
v -106.61544580 -204.51622198 249.91385714
v -100.82912109 -204.20875535 250.98293237
v -95.04709629 -203.92412910 251.97259058
v -89.26905615 -203.66207292 252.88377162
v -83.49467314 -203.42204623 253.71835519
v -77.72365283 -203.20391386 254.47681120
v -71.95569580 -203.00740552 255.16007950
v -66.19051406 -202.83238605 255.76863001
v -60.42780967 -202.67845001 256.30387251
v -54.66731396 -202.54573255 256.76533707
v -48.90873604 -202.43382821 257.15443347
v -43.15180957 -202.34287214 257.47069177
v -37.39625068 -202.27245891 257.71552174
v -31.64179541 -202.22272365 257.88845347
v -25.88817480 -202.19366636 257.98948695
v -20.13511787 -202.18515190 258.01909211
v -14.38235596 -202.19704511 257.97773887
v -8.62962539 -202.22961630 257.86448739
v -2.87665693 -202.28273032 257.67980758
v 2.87681689 -202.35652231 257.42322952
v 8.63106592 -202.45112743 257.09428330
v 14.38635937 -202.56641052 256.69343883
v 20.14297031 -202.70264189 256.21975627
v 25.90117646 -202.86009183 255.67229576
v 31.66125059 -203.03862520 255.05152724
v 37.42348213 -203.23878260 254.35557102
v 43.18815234 -203.46056402 253.58442708
v 48.95554746 -203.70410463 252.73762552
v 54.72597832 -203.97008015 251.81281670
v 60.49973057 -204.25835546 250.81047056
v 66.27712793 -204.56960629 249.72823748
v 72.05848389 -204.90410296 248.56517762
v 77.84411660 -205.26211575 247.32035112
v 83.63437441 -205.64432042 245.99140837
v 89.42959014 -206.05098727 244.57740953
v 95.23013994 -206.48292721 243.07553505
v 101.03637305 -206.94041052 241.48484509
v 106.84869756 -207.42438327 239.80205019
v 112.66749229 -207.93525090 238.02574058
v 118.49320312 -208.47409462 236.15215687
v 124.32625693 -209.04159017 234.17894944
v 130.16713184 -209.63881875 232.10235892
v 136.01629717 -210.26659128 229.91956576
v 141.87427939 -210.92612409 227.62634065
v 147.74164102 -211.61876870 225.21798436
v 153.61895244 -212.34574145 222.69026759
v 159.50686963 -213.10879929 220.03708132
v 165.40604561 -213.90942888 217.25325642
v 171.31724561 -214.74979262 214.33127409
v 177.24123662 -215.63178260 211.26455543
v 183.17891074 -216.55796670 208.04417190
v 189.13124268 -217.53118305 204.66025509
v 195.09927598 -218.55440496 201.10246671
v 201.08422705 -219.63141664 197.35764890
v 207.08746113 -220.76654290 193.41076413
v 213.11048262 -221.96451397 189.24536508
v 219.15505371 -223.23114134 184.84124505
v 225.22326299 -224.57358795 180.17349813
v 231.31755469 -226.00036826 175.21251914
v 237.44085293 -227.52188884 169.92212400
v 243.59674863 -229.15125925 164.25673016
v 249.78983203 -230.90577872 158.15618746
v 256.02593643 -232.80774701 151.54295858
v 262.31300273 -234.88838383 144.30849125
v 268.66225928 -237.19282933 136.29583114
v 275.09070322 -239.79095614 127.26202797
v 281.62672998 -242.80210186 116.79213956
v 288.32615332 -246.46615803 104.05205228
v 295.34016445 -251.44806348 86.72974409
v -319.99853643 -260.69277606 76.19511170
v -312.48722900 -253.94228064 99.56159491
v -305.58054082 -249.64901550 114.42250534
v -298.90955918 -246.26684602 126.12970630
v -292.37982275 -243.40896709 136.02210320
v -285.94907549 -240.90599881 144.68599566
v -279.59373926 -238.66537939 152.44178140
v -273.29891836 -236.62983452 159.48771238
v -267.05446523 -234.76122660 165.95579997
v -260.85300293 -233.03241140 171.94000245
v -254.68892314 -231.42316647 177.51031873
v -248.55788818 -229.91829106 182.71936545
v -242.45635781 -228.50557027 187.60942383
v -236.38145361 -227.17536789 192.21384906
v -230.33076445 -225.91981212 196.55988903
v -224.30221816 -224.73225261 200.67056352
v -218.29403320 -223.60712480 204.56513399
v -212.30469521 -222.53994989 208.25910354
v -206.33280879 -221.52652054 211.76703570
v -200.37715225 -220.56330798 215.10114506
v -194.43666299 -219.64746209 218.27129723
v -188.51032764 -218.77613271 221.28735783
v -182.59727432 -217.94714831 224.15684353
v -176.69666865 -217.15833736 226.88727097
v -170.80774834 -216.40779975 229.48521725
v -164.92981729 -215.69390683 231.95631986
v -159.06220752 -215.01502995 234.30621630
v -153.20434131 -214.37008335 236.53866490
v -147.35562979 -213.75770981 238.65836356
v -141.51553623 -213.17682355 240.66907063
v -135.68355645 -212.62647455 242.57407464
v -129.85918945 -212.10557702 244.37713392
v -124.04199082 -211.61345235 246.08059743
v -118.23151582 -211.14928624 247.68728392
v -112.42735664 -210.71253578 249.19907255
v -106.62909316 -210.30238666 250.61878207
v -100.83635010 -209.91843170 251.94782186
v -95.04873984 -209.55999231 253.18854087
v -89.26590469 -209.22666132 254.34234847
v -83.48749395 -208.91803157 255.41065405
v -77.71316396 -208.63369589 256.39486697
v -71.94258545 -208.37338285 257.29592682
v -66.17542705 -208.13668527 258.11524297
v -60.41137061 -207.92333172 258.85375501
v -54.65010264 -207.73305076 259.51240251
v -48.89131934 -207.56570666 260.09165527
v -43.13471484 -207.42102798 260.59245287
v -37.37999180 -207.29887900 261.01526511
v -31.62685518 -207.19912400 261.36056176
v -25.87501230 -207.12162726 261.62881264
v -20.12417490 -207.06638878 261.82001772
v -14.37405176 -207.03313712 261.93511661
v -8.62435986 -207.02214371 261.97316971
v -2.87481035 -207.03313712 261.93511661
v 2.87488213 -207.06638878 261.82001772
v 8.62500410 -207.12162726 261.62881264
v 14.37584326 -207.19912400 261.36056176
v 20.12768789 -207.29887900 261.01526511
v 25.88082891 -207.42102798 260.59245287
v 31.63555957 -207.56570666 260.09165527
v 37.39217549 -207.73305076 259.51240251
v 43.15097900 -207.92333172 258.85375501
v 48.91227217 -208.13668527 258.11524297
v 54.67636494 -208.37338285 257.29592682
v 60.44357197 -208.63369589 256.39486697
v 66.21421934 -208.91803157 255.41065405
v 71.98863281 -209.22666132 254.34234847
v 77.76715078 -209.55999231 253.18854087
v 83.55011865 -209.91843170 251.94782186
v 89.33788887 -210.30238666 250.61878207
v 95.13084023 -210.71253578 249.19907255
v 100.92934277 -211.14928624 247.68728392
v 106.73380605 -211.61345235 246.08059743
v 112.54463086 -212.10557702 244.37713392
v 118.36225137 -212.62647455 242.57407464
v 124.18710322 -213.17682355 240.66907063
v 130.01967334 -213.75770981 238.65836356
v 135.86045361 -214.37008335 236.53866490
v 141.70996670 -215.01502995 234.30621630
v 147.56878389 -215.69390683 231.95631986
v 153.43746885 -216.40779975 229.48521725
v 159.31666846 -217.15833736 226.88727097
v 165.20705771 -217.94714831 224.15684353
v 171.10937432 -218.77613271 221.28735783
v 177.02442451 -219.64746209 218.27129723
v 182.95305205 -220.56330798 215.10114506
v 188.89623340 -221.52652054 211.76703570
v 194.85499424 -222.53994989 208.25910354
v 200.83051055 -223.60712480 204.56513399
v 206.82412324 -224.73225261 200.67056352
v 212.83728867 -225.91981212 196.55988903
v 218.87171631 -227.17536789 192.21384906
v 224.92939219 -228.50557027 187.60942383
v 231.01262549 -229.91829106 182.71936545
v 237.12416982 -231.42316647 177.51031873
v 243.26740723 -233.03241140 171.94000245
v 249.44647852 -234.76122660 165.95579997
v 255.66673008 -236.62983452 159.48771238
v 261.93518730 -238.66537939 152.44178140
v 268.26150381 -240.90599881 144.68599566
v 274.65983350 -243.40896709 136.02210320
v 281.15255566 -246.26684602 126.12970630
v 287.77973262 -249.64901550 114.42250534
v 294.63081592 -253.94228064 99.56159491
v 302.05469326 -260.69277606 76.19511170
v -313.59446631 -264.64755993 83.99560823
v -306.26565176 -258.52491411 105.09412480
v -299.41738008 -254.37318699 119.40089442
v -292.78106279 -251.04970641 130.85354288
v -286.27642207 -248.22069322 140.60226644
v -279.86563037 -245.73213747 149.17778041
v -273.52715889 -243.49831148 156.87550066
v -267.24711152 -241.46497103 163.88235169
v -261.01596680 -239.59586245 170.32326294
v -254.82668730 -237.86468138 176.28887872
v -248.67395801 -236.25207435 181.84589068
v -242.55357480 -234.74304925 187.04596136
v -236.46213721 -233.32574867 191.92995117
v -230.39686523 -231.99076847 196.53026659
v -224.35541133 -230.73033999 200.87367823
v -218.33575928 -229.53792122 204.98272976
v -212.33619785 -228.40819678 208.87573788
v -206.35519043 -227.33639643 212.56914069
v -200.39140371 -226.31856773 216.07655831
v -194.44365088 -225.35130336 219.40973223
v -188.51084180 -224.43146860 222.57946462
v -182.59203252 -223.55661021 225.59420936
v -176.68632129 -222.72427492 228.46242032
v -170.79290039 -221.93241836 231.19114238
v -164.91101396 -221.17913244 233.78695079
v -159.03997119 -220.46278166 236.25548145
v -153.17914043 -219.78200308 238.60143097
v -147.32788359 -219.13516122 240.83043526
v -141.48567686 -218.52143831 242.94531228
v -135.65194160 -217.93933515 244.95122827
v -129.82620410 -217.38817027 246.85053155
v -124.00796455 -216.86685335 248.64697938
v -118.19677793 -216.37470291 250.34292006
v -112.39218809 -215.91076492 251.94164122
v -106.59378779 -215.47449421 253.44502148
v -100.80117920 -215.06534560 254.85493949
v -95.01396416 -214.68263765 256.17374354
v -89.23176533 -214.32582517 257.40331228
v -83.45422324 -213.99449930 258.54505468
v -77.68098545 -213.68825117 259.60037972
v -71.91169922 -213.40653559 260.57116604
v -66.14604141 -213.14921628 261.45788329
v -60.38367891 -212.91588436 262.26194047
v -54.62429121 -212.70626726 262.98427688
v -48.86756748 -212.52022867 263.62536218
v -43.11319043 -212.35735972 264.18660536
v -37.36085742 -212.21752412 264.66847607
v -31.61027139 -212.10072187 265.07097432
v -25.86112734 -212.00654409 265.39550908
v -20.11313555 -211.93512708 265.64161069
v -14.36600098 -211.88633454 265.80974881
v -8.61943184 -211.86016648 265.89992345
v -2.87313574 -211.85635030 265.91307391
v 2.87317617 -211.87515860 265.84826089
v 8.61979482 -211.91645508 265.70595405
v 14.36701025 -211.98023974 265.48615337
v 20.11511660 -212.06678516 265.18791955
v 25.86440742 -212.17609135 264.81125258
v 31.61517627 -212.30815830 264.35615246
v 37.36772812 -212.46339490 263.82121022
v 43.12235742 -212.64166484 263.20689551
v 48.87937617 -212.84337701 262.51179936
v 54.63909785 -213.06880399 261.73498244
v 60.40183447 -213.31808207 260.87597510
v 66.16791387 -213.59162013 259.93336835
v 71.93765625 -213.88955446 258.90669255
v 77.71141582 -214.21256652 257.79359938
v 83.48952451 -214.56079259 256.59361919
v 89.27235293 -214.93491415 255.30440369
v 95.06025439 -215.33520378 253.92501355
v 100.85361768 -215.76234292 252.45310048
v 106.65283242 -216.21687677 250.88678584
v 112.45832051 -216.69962306 249.22325166
v 118.27049385 -217.21112696 247.46061932
v 124.08979893 -217.75220622 245.59607085
v 129.91672266 -218.32395119 243.62584899
v 135.75172939 -218.92704332 241.54760542
v 141.59535264 -219.56270924 239.35711321
v 147.44813203 -220.23203929 237.05061510
v 153.31064150 -220.93626009 234.62388413
v 159.18354053 -221.67714344 232.07081474
v 165.06745225 -222.45591596 229.38718000
v 170.96312461 -223.27462205 226.56593500
v 176.87130498 -224.13503349 223.60097417
v 182.79286348 -225.03960354 220.48384365
v 188.72869336 -225.99064916 217.20655922
v 194.67984551 -226.99130507 213.75831870
v 200.64742471 -228.04470599 210.12831993
v 206.63269365 -229.15466810 206.30341245
v 212.63708760 -230.32568902 202.26809748
v 218.66218506 -231.56267527 198.00546728
v 224.70989707 -232.87203258 193.49344785
v 230.78236055 -234.26084813 188.70761690
v 236.88219023 -235.73825349 183.61650723
v 243.01240107 -237.31474313 178.18395506
v 249.17688574 -239.00462772 172.36064613
v 255.38034375 -240.82521635 166.08693368
v 261.62902383 -242.80036011 159.28062729
v 267.93123779 -244.96236022 151.83041763
v 274.29885000 -247.35850999 143.57333284
v 280.74971484 -250.06145307 134.25904438
v 287.31379160 -253.19589664 123.45781373
v 294.04986768 -257.01193654 110.30781561
v 301.11731660 -262.20316279 92.41895250
v -283.94583398 -271.53727818 81.66993273
v -276.55556221 -264.44216720 106.01072115
v -269.72986523 -259.93349180 121.47837402
v -263.12563184 -256.38463611 133.65322874
v -256.65473232 -253.38856978 143.93166086
v -250.27761914 -250.76696042 152.92546503
v -243.97214531 -248.42222476 160.96941455
v -237.72438457 -246.29455370 168.26869305
v -231.52467510 -244.34329895 174.96275027
v -225.36605889 -242.53999303 181.14924799
v -219.24322998 -240.86342217 186.90096300
v -213.15205840 -239.29757343 192.27283006
v -207.08916680 -237.82958168 197.30898477
v -201.05178223 -236.44918220 202.04464172
v -195.03762158 -235.14830008 206.50750305
v -189.04465430 -233.91968158 210.72245372
v -183.07121396 -232.75785220 214.70827484
v -177.11576367 -231.65761113 218.48280847
v -171.17699385 -230.61485249 222.06014045
v -165.25371533 -229.62588098 225.45294801
v -159.34485059 -228.68741189 228.67249984
v -153.44945596 -227.79684483 231.72771695
v -147.56664727 -226.95171626 234.62705084
v -141.69558252 -226.14956264 237.37895302
v -135.83554453 -225.38874163 239.98905782
v -129.98581787 -224.66733715 242.46393863
v -124.14574512 -223.98370683 244.80922977
v -118.31474502 -223.33675577 247.02868747
v -112.49222080 -222.72497849 249.12747654
v -106.67762314 -222.14714321 251.10982273
v -100.87046484 -221.60256563 252.97807367
v -95.07023174 -221.09001397 254.73645512
v -89.27645801 -220.60866705 256.38778424
v -83.48870039 -220.15784057 257.93440867
v -77.70652734 -219.73685021 259.37867605
v -71.92951904 -219.34501165 260.72293401
v -66.15727412 -218.98177744 261.96906068
v -60.38940059 -218.64660013 263.11893415
v -54.62552139 -218.33906914 264.17396302
v -48.86526152 -218.05863700 265.13602539
v -43.10826416 -217.80503000 266.00606033
v -37.35417715 -217.57797440 266.78500687
v -31.60264658 -217.37692276 267.47474315
v -25.85334111 -217.20201194 268.07479962
v -20.10591475 -217.05255763 268.58752393
v -14.36004346 -216.92883354 269.01197702
v -8.61539326 -216.83029223 269.35003701
v -2.87164102 -216.75707057 269.60123436
v 2.87153818 -216.70903168 269.76603860
v 8.61446689 -216.68603871 269.84491926
v 14.35746826 -216.68822852 269.83740682
v 20.10086162 -216.71532738 269.74444032
v 25.84497217 -216.76760901 269.56508072
v 31.59012334 -216.84507343 269.29932801
v 37.33663857 -216.94772062 268.94718219
v 43.08484570 -217.07568746 268.50817374
v 48.83508486 -217.22938453 267.98089407
v 54.58768096 -217.40867496 267.36581271
v 60.34298115 -217.61396935 266.66152107
v 66.10133291 -217.84554142 265.86708011
v 71.86308105 -218.10352804 264.98202029
v 77.62859648 -218.38847665 264.00446350
v 83.39823398 -218.70052413 262.93394022
v 89.17238701 -219.04035477 261.76810280
v 94.95144141 -219.40837919 260.50554266
v 100.73579004 -219.80500795 259.14485122
v 106.52585449 -220.23092537 257.68368085
v 112.32206807 -220.68681578 256.11968389
v 118.12486377 -221.17322663 254.45098224
v 123.93472178 -221.69111594 252.67428921
v 129.75211230 -222.24116804 250.78725716
v 135.57755859 -222.82447784 248.78612986
v 141.41160264 -223.44214023 246.66715110
v 147.25479023 -224.09511325 244.42703417
v 153.10774570 -224.78490240 242.06061428
v 158.97108691 -225.51273944 239.56366567
v 164.84551963 -226.28040360 236.93008449
v 170.73176279 -227.08953722 234.15423639
v 176.63061709 -227.94219326 231.22907847
v 182.54291836 -228.84042465 228.14756781
v 188.46965186 -229.78710551 224.89984432
v 194.41181279 -230.78483625 221.47698697
v 200.37054199 -231.83690156 217.86772711
v 206.34709893 -232.94699676 214.05938748
v 212.34293467 -234.11963832 210.03647366
v 218.35966553 -235.35989016 205.78161314
v 224.39910732 -236.67350053 201.27508573
v 230.46345205 -238.06786003 196.49153695
v 236.55520811 -239.55145416 191.40185607
v 242.67739395 -241.13482136 185.96988946
v 248.83370654 -242.83123734 180.15009292
v 255.02873291 -244.65753623 173.88471454
v 261.26839131 -246.63602670 167.09722130
v 267.56047500 -248.79668172 159.68478661
v 273.91590615 -251.18261313 151.49950923
v 280.35071484 -253.85842021 142.31977207
v 286.89081855 -256.93099291 131.77887394
v 293.58380391 -260.60083543 119.18895668
v 300.54200127 -265.35203194 102.88930062
v 308.31896279 -273.63223900 74.48287137
v -271.59890215 -275.34462041 89.90444047
v -264.40115654 -268.86914985 112.02096940
v -257.64604805 -264.48267376 127.00267990
v -251.08761768 -260.97522456 138.98213392
v -244.65200771 -257.99291009 149.16802601
v -238.30433350 -255.37259637 158.11752918
v -232.02466641 -253.02343962 166.14091413
v -225.80013135 -250.88812995 173.43391899
v -219.62177490 -248.92777356 180.12938281
v -213.48306064 -247.11474625 186.32165417
v -207.37900488 -245.42857039 192.08067307
v -201.30562002 -243.85316620 197.46135883
v -195.25974229 -242.37630208 202.50548770
v -189.23868311 -240.98767050 207.24826437
v -183.24020654 -239.67902541 211.71785260
v -177.26243174 -238.44376999 215.93678339
v -171.30365947 -237.27585716 219.92571016
v -165.36244395 -236.17047674 223.70106178
v -159.43748584 -235.12336826 227.27738952
v -153.52765166 -234.13109588 230.66642827
v -147.63185156 -233.19008633 233.88038233
v -141.74918584 -232.29800324 236.92723144
v -135.87873955 -231.45196048 239.81683290
v -130.01973926 -230.65003398 242.55575826
v -124.17143174 -229.89016224 245.15104846
v -118.33312295 -229.17055862 247.60880565
v -112.50418359 -228.48984878 249.93372379
v -106.68399697 -227.84652094 252.13096623
v -100.87199268 -227.23933821 254.20475753
v -95.06762139 -226.66706367 256.15932226
v -89.27037305 -226.12873529 257.99794619
v -83.47975400 -225.62339104 259.72391510
v -77.69530283 -225.15034374 261.33957595
v -71.91654785 -224.70849392 262.84868393
v -66.14307656 -224.29756672 264.25217782
v -60.37445039 -223.91660009 265.55334339
v -54.61026387 -223.56504431 266.75405823
v -48.85013086 -223.24262451 267.85526112
v -43.09366113 -222.94879094 268.85882966
v -37.34047383 -222.68299388 269.76664143
v -31.59020713 -222.44509590 270.57916581
v -25.84249365 -222.23454724 271.29828041
v -20.09698154 -222.05121049 271.92445460
v -14.35331836 -221.89467334 272.45909659
v -8.61116221 -221.76507322 272.90173697
v -2.87016768 -221.66199784 273.25378393
v 2.87000420 -221.58530975 273.51570687
v 8.60969004 -221.53487153 273.68797518
v 14.34922705 -221.51082061 273.77011948
v 20.08895068 -221.51301955 273.76260914
v 25.82919668 -221.54146835 273.66544418
v 31.57030078 -221.59616702 273.47862459
v 37.31260254 -221.67725299 273.20168098
v 43.05644385 -221.78486370 272.83414395
v 48.80216396 -221.91899913 272.37601351
v 54.55010771 -222.07979673 271.82682025
v 60.30063457 -222.26766880 271.18515598
v 66.05409756 -222.48275277 270.45055132
v 71.81085938 -222.72532351 269.62206747
v 77.57129531 -222.99579332 268.69829625
v 83.33577920 -223.29443707 267.67829885
v 89.10469863 -223.62166706 266.56066709
v 94.87845791 -223.97803302 265.34352340
v 100.65746045 -224.36394726 264.02545957
v 106.44212754 -224.77995952 262.60459804
v 112.23291270 -225.22689439 261.07812241
v 118.03027148 -225.70543904 259.44368572
v 123.83465859 -226.21614322 257.69941037
v 129.64657764 -226.75996895 255.84201060
v 135.46656240 -227.33801571 253.86773124
v 141.29515107 -227.95124553 251.77328651
v 147.13289824 -228.60062046 249.55539065
v 152.98045254 -229.28778969 247.20841091
v 158.83842627 -230.01385270 244.72859211
v 164.70755068 -230.78073357 242.10936271
v 170.58852070 -231.58980662 239.34602876
v 176.48217979 -232.44340825 236.43061052
v 182.38935586 -233.34346251 233.35653645
v 188.31104297 -234.29285552 230.11394924
v 194.24822549 -235.29406109 226.69439975
v 200.20207148 -236.35051507 223.08615309
v 206.17387002 -237.46606561 219.27606617
v 212.16501855 -238.64483571 215.25005711
v 218.17713867 -239.89191044 210.99075827
v 224.21209658 -241.21333687 206.47751622
v 230.27202363 -242.61612415 201.68639177
v 236.35940801 -244.10865572 196.58875176
v 242.47726992 -245.70151401 191.14845271
v 248.62923340 -247.40761778 185.32137140
v 254.81983096 -249.24359654 179.05071092
v 261.05479131 -251.23088996 172.26324550
v 267.34175508 -253.39890889 164.85852440
v 273.69115313 -255.78860862 156.69666764
v 280.11828955 -258.46155951 147.56738583
v 286.64736182 -261.51726365 137.13083629
v 293.32172461 -265.13795835 124.76460002
v 300.23805439 -269.73910610 109.04969304
v 307.77356572 -276.98159496 84.31346532
v -247.15526016 -277.94394556 102.18576694
v -240.22339277 -272.26615345 121.49223226
v -233.59326387 -268.10006555 135.65837817
v -227.12123027 -264.68472358 147.27172715
v -220.75398193 -261.74536006 157.26658411
v -214.46428330 -259.14535025 166.10752054
v -208.23570586 -256.80437539 174.06764818
v -202.05741006 -254.67095971 181.32200254
v -195.92164863 -252.70922195 187.99259232
v -189.82267383 -250.89335523 194.16716990
v -183.75600674 -249.20376287 199.91237078
v -177.71807314 -247.62526435 205.27981404
v -171.70595420 -246.14585325 210.31032564
v -165.71721885 -244.75586924 215.03675407
v -159.74977734 -243.44717004 219.48678593
v -153.80184902 -242.21313141 223.68294589
v -147.87187031 -241.04809517 227.64447377
v -141.95844551 -239.94709314 231.38826309
v -136.06037344 -238.90626119 234.92745325
v -130.17650537 -237.92159718 238.27565290
v -124.30587393 -236.99034102 241.44224733
v -118.44753457 -236.10945659 244.43756035
v -112.60066289 -235.27673583 247.26910018
v -106.76446113 -234.48983265 249.94484432
v -100.93820215 -233.74681499 252.47136246
v -95.12121094 -233.04602678 254.85428577
v -89.31284971 -232.38594998 257.09877616
v -83.51250645 -231.76506654 259.20999553
v -77.71961865 -231.18227241 261.19169800
v -71.93364258 -230.63646355 263.04763768
v -66.15405322 -230.12653594 264.78156869
v -60.38035049 -229.65152353 266.39677586
v -54.61206182 -229.21073631 267.89560553
v -48.84872139 -228.80334624 269.28087328
v -43.08988623 -228.42880130 270.55445616
v -37.33511895 -228.08641148 271.71870050
v -31.58399707 -227.77562474 272.77548334
v -25.83610752 -227.49588908 273.72668176
v -20.09105273 -227.24706648 274.57276501
v -14.34843311 -227.02860494 275.31561014
v -8.60786016 -226.84022843 275.95615570
v -2.86894980 -226.68152295 276.49580946
v 2.86867588 -226.55248849 276.93457143
v 8.60539307 -226.45284905 277.27338014
v 14.34157471 -226.38246662 277.51270485
v 20.07759346 -226.34134120 277.65254557
v 25.81381670 -226.32919678 277.69384081
v 31.55061680 -226.34617137 277.63612132
v 37.28836465 -226.39226496 277.47938710
v 43.02743115 -226.46747756 277.22363814
v 48.76819219 -226.57194717 276.86840519
v 54.51103154 -226.70594979 276.41274971
v 60.25632539 -226.86948544 275.85667170
v 66.00447012 -227.06296813 275.19876337
v 71.75584717 -227.28639784 274.43902473
v 77.51087754 -227.54046462 273.57510944
v 83.26995146 -227.82516845 272.60701752
v 89.03350459 -228.14119937 271.53240263
v 94.80196494 -228.48897138 270.34985699
v 100.57576758 -228.86889850 269.05797281
v 106.35538711 -229.28180876 267.65393450
v 112.14128936 -229.72825418 266.13586500
v 117.93397354 -230.20906279 264.50094873
v 123.73394033 -230.72492461 262.74683937
v 129.54172852 -231.27680567 260.87025207
v 135.35790703 -231.86581002 258.86743271
v 141.18307793 -232.49317969 256.73415792
v 147.01783447 -233.15988071 254.46714285
v 152.86287949 -233.86770716 252.06028707
v 158.71888184 -234.61790107 249.50936719
v 164.58659824 -235.41225651 246.80828279
v 170.46686777 -236.25298155 243.94952564
v 176.36053125 -237.14200826 240.92652604
v 182.26855459 -238.08195872 237.73036797
v 188.19198633 -239.07573105 234.35119689
v 194.13194385 -240.12636134 230.77868897
v 200.08971738 -241.23771372 226.99970484
v 206.06670439 -242.41392835 223.00016656
v 212.06450098 -243.65997339 218.76318062
v 218.08494141 -244.98178304 214.26856867
v 224.13007354 -246.38598154 209.49380603
v 230.20240488 -247.88126319 204.40932906
v 236.30475674 -249.47728832 198.98228926
v 242.44064941 -251.18675336 193.16951433
v 248.61439160 -253.02552887 186.91703891
v 254.83135166 -255.01376355 180.15635042
v 261.09864814 -257.17905834 172.79359603
v 267.42578789 -259.55895054 164.70113591
v 273.82645723 -262.20891807 155.69032586
v 280.32163037 -265.21590393 145.46552947
v 286.94702930 -268.73129935 133.51196399
v 293.77554873 -273.07113525 118.75501452
v 301.02360557 -279.19578679 97.92907191
v -235.58887793 -285.81079995 96.53821685
v -228.48767197 -278.82672392 120.18201738
v -221.80418701 -274.10461882 136.16817081
v -215.30781826 -270.33619160 148.92575551
v -208.92899590 -267.13855763 159.75098413
v -202.63474600 -264.33531006 169.24106213
v -196.40609004 -261.82778301 177.73001172
v -190.23076465 -259.55403315 185.42753506
v -184.10021191 -257.47207203 192.47577926
v -178.00812100 -255.55182874 198.97654602
v -171.94967490 -253.77113117 205.00489652
v -165.92099941 -252.11251877 210.61994143
v -159.91899902 -250.56268829 215.86671746
v -153.94106719 -249.11069225 220.78228606
v -147.98499170 -247.74752322 225.39714083
v -142.04888496 -246.46583669 229.73614579
v -136.13109375 -245.25939677 233.82041190
v -130.23014941 -244.12279898 237.66823531
v -124.34476289 -243.05160893 241.29462825
v -118.47375615 -242.04180790 244.71319557
v -112.61608770 -241.09020866 247.93472732
v -106.77075908 -240.19348539 250.97048265
v -100.93688965 -239.34914373 253.82890597
v -95.11366025 -238.55496647 256.51750338
v -89.30028926 -237.80873640 259.04378100
v -83.49604951 -237.10851345 261.41430668
v -77.70027832 -236.45291188 263.63377176
v -71.91232910 -235.84040734 265.70733668
v -66.13158779 -235.26961409 267.63969276
v -60.35746992 -234.73928494 269.43506221
v -54.58942324 -234.24844986 271.09672894
v -48.82691689 -233.79627739 272.62750774
v -43.06942969 -233.38179751 274.03068256
v -37.31646064 -233.00417877 275.30906817
v -31.56752930 -232.66286685 276.46454111
v -25.82216455 -232.35730746 277.49897790
v -20.07990469 -232.08694630 278.41425509
v -14.34029883 -231.85136763 279.21178006
v -8.60290225 -231.65001716 279.89342934
v -2.86728047 -231.48275630 280.45967207
v 2.86699834 -231.34930792 280.91144651
v 8.60036133 -231.24939485 281.24969092
v 14.33323242 -231.18287852 281.47487444
v 20.06603320 -231.14962035 281.58746620
v 25.79918555 -231.14962035 281.58746620
v 31.53311133 -231.18287852 281.47487444
v 37.26823242 -231.24939485 281.24969092
v 43.00497510 -231.34930792 280.91144651
v 48.74376797 -231.48275630 280.45967207
v 54.48504756 -231.65001716 279.89342934
v 60.22925508 -231.85136763 279.21178006
v 65.97682969 -232.08694630 278.41425509
v 71.72823486 -232.35730746 277.49897790
v 77.48393555 -232.66286685 276.46454111
v 83.24441221 -233.00417877 275.30906817
v 89.01015469 -233.38179751 274.03068256
v 94.78166221 -233.79627739 272.62750774
v 100.55946387 -234.24844986 271.09672894
v 106.34411367 -234.73928494 269.43506221
v 112.13617061 -235.26961409 267.63969276
v 117.93621973 -235.84040734 265.70733668
v 123.74488770 -236.45291188 263.63377176
v 129.56283545 -237.10851345 261.41430668
v 135.39076113 -237.80873640 259.04378100
v 141.22937432 -238.55496647 256.51750338
v 147.07946777 -239.34914373 253.82890597
v 152.94189814 -240.19348539 250.97048265
v 158.81755957 -241.09020866 247.93472732
v 164.70741709 -242.04180790 244.71319557
v 170.61258164 -243.05160893 241.29462825
v 176.53420254 -244.12279898 237.66823531
v 182.47359375 -245.25939677 233.82041190
v 188.43219434 -246.46583669 229.73614579
v 194.41165576 -247.74752322 225.39714083
v 200.41384219 -249.11069225 220.78228606
v 206.44088965 -250.56268829 215.86671746
v 212.49531504 -252.11251877 210.61994143
v 218.58009521 -253.77113117 205.00489652
v 224.69877568 -255.55182874 198.97654602
v 230.85582129 -257.47207203 192.47577926
v 237.05679902 -259.55403315 185.42753506
v 243.30903691 -261.82778301 177.73001172
v 249.62251318 -264.33531006 169.24106213
v 256.01158652 -267.13855763 159.75098413
v 262.49857295 -270.33619160 148.92575551
v 269.12241357 -274.10461882 136.16817081
v 275.96562979 -278.82672392 120.18201738
v 283.30308105 -285.81079995 96.53821685
v -223.55626465 -290.96321302 100.10107338
v -216.47399326 -283.67123510 124.67904601
v -209.80712168 -278.74725413 141.27556767
v -203.32692246 -274.82276324 154.50325854
v -196.96429688 -271.49743764 165.71143314
v -190.68638672 -268.58649062 175.52292417
v -184.47426211 -265.98667543 184.28573003
v -178.31566465 -263.63314972 192.21840494
v -172.20203818 -261.48208233 199.46868409
v -166.12701768 -259.50174783 206.14349960
v -160.08577148 -257.66904787 212.32070554
v -154.07441602 -255.96589341 218.06127200
v -148.08977578 -254.37795233 223.41350601
v -142.12924688 -252.89409292 228.41492764
v -136.19056436 -251.50471405 233.09789790
v -130.27182275 -250.20230181 237.48774284
v -124.37131875 -248.98017717 241.60697447
v -118.48755762 -247.83277425 245.47435282
v -112.61921836 -246.75550122 249.10535490
v -106.76510068 -245.74432283 252.51358173
v -100.92409277 -244.79548212 255.71169632
v -95.09519443 -243.90591786 258.71001670
v -89.27747520 -243.07284713 261.51792285
v -83.47008545 -242.29404357 264.14291880
v -77.67221309 -241.56728085 266.59250856
v -71.88309814 -240.89061090 268.87325812
v -66.10203369 -240.26250312 270.99032650
v -60.32833857 -239.68142689 272.94887270
v -54.56136299 -239.14599075 274.75358673
v -48.80049053 -238.65508152 276.40822059
v -43.04512354 -238.20758603 277.91652629
v -37.29468691 -237.80253026 279.28178682
v -31.54863164 -237.43935762 280.50587820
v -25.80641016 -237.11709407 281.59208342
v -20.06749746 -236.83518305 282.54227849
v -14.33137939 -236.59320710 283.35787041
v -8.59754883 -236.39074879 284.04026617
v -2.86550508 -236.22711238 284.59181079
v 2.86524258 -236.10243702 285.01203526
v 8.59518281 -236.01616612 285.30281559
v 14.32480078 -235.96829969 285.46415177
v 20.05457959 -235.95869857 285.49651281
v 25.78500527 -235.98750192 285.39942970
v 31.51655654 -236.05443144 285.17384045
v 37.24972646 -236.15990457 284.81833805
v 42.98500635 -236.30406045 284.33245350
v 48.72288984 -236.48703824 283.71571781
v 54.46388408 -236.70925537 282.96672397
v 60.20850322 -236.97112928 282.08406497
v 65.95726846 -237.27307742 281.06633383
v 71.71072266 -237.61579551 279.91118553
v 77.46941250 -237.99984015 278.61674408
v 83.23390254 -238.42590706 277.18066446
v 89.00478721 -238.89497027 275.59966368
v 94.78267734 -239.40800381 273.87045874
v 100.56822070 -239.96625999 271.98882862
v 106.36206445 -240.57071285 269.95149033
v 112.16490645 -241.22275385 267.75375386
v 117.97751602 -241.92433104 265.38905320
v 123.80064492 -242.67683589 262.85269835
v 129.63514746 -243.48249474 260.13718530
v 135.48190166 -244.34339480 257.23547904
v 141.34189248 -245.26231899 254.13819956
v 147.21613682 -246.24191110 250.83643584
v 153.10578926 -247.28564979 247.31846289
v 159.01211133 -248.39743118 243.57114868
v 164.93648027 -249.58156880 239.57995419
v 170.88043242 -250.84307194 235.32799541
v 176.84573145 -252.18806304 230.79463631
v 182.83437334 -253.62363858 225.95595787
v 188.84866406 -255.15828650 220.78335106
v 194.89128809 -256.80216451 215.24257883
v 200.96550527 -258.56821324 209.29002414
v 207.07520947 -260.47215626 202.87268992
v 213.22528652 -262.53444812 195.92163311
v 219.42202148 -264.78222240 188.34539859
v 225.67373555 -267.25235296 180.01970123
v 231.99203262 -269.99771551 170.76632083
v 238.39422451 -273.09943252 160.31183007
v 244.90849717 -276.69303278 148.19942246
v 251.58815479 -281.04164253 133.54221798
v 258.56637891 -286.82026195 114.06509508
v -205.83920303 -297.92920081 97.55847957
v -198.66306094 -289.31799050 126.45626539
v -191.99090625 -283.87459566 144.72339072
v -185.52055430 -279.61321110 159.02388668
v -179.17349502 -276.03630271 171.02739479
v -172.91408291 -272.92535226 181.46722571
v -166.72219453 -270.16104100 190.74379333
v -160.58496094 -267.66959806 199.10466035
v -154.49345244 -265.40156345 206.71580628
v -148.44110801 -263.32186807 213.69491717
v -142.42287363 -261.40438474 220.12967149
v -136.43476699 -259.62941328 226.08617971
v -130.47351855 -257.98130534 231.61695513
v -124.53641104 -256.44762605 236.76372707
v -118.62111592 -255.01803631 241.56119181
v -112.72564951 -253.68429281 246.03701261
v -106.84824229 -252.43913021 250.21557064
v -100.98735937 -251.27682011 254.11608953
v -95.14158135 -250.19191351 257.75685514
v -89.30967100 -249.18035862 261.15146467
v -83.49046758 -248.23824334 264.31304645
v -77.68289971 -247.36207473 267.25332219
v -71.88599854 -246.54919816 269.98120041
v -66.09883975 -245.79695900 272.50558959
v -60.32056201 -245.10312176 274.83399166
v -54.55035820 -244.46587012 276.97250189
v -48.78744668 -243.88324803 278.92768445
v -43.03110059 -243.35399804 280.70375916
v -37.28060654 -242.87658326 282.30588358
v -31.53528984 -242.45002565 283.73733978
v -25.79448955 -242.07320748 285.00187872
v -20.05756758 -241.74529044 286.10231361
v -14.32389990 -241.46543624 287.04145765
v -8.59287920 -241.23322571 287.82071746
v -2.86390488 -241.04809999 288.44196852
v 2.86361426 -240.90950020 288.90708629
v 8.59026270 -240.81728663 289.21653964
v 14.31662256 -240.77131957 289.37079745
v 20.04327158 -240.77131957 289.37079745
v 25.77078809 -240.81728663 289.21653964
v 31.49975684 -240.90950020 288.90708629
v 37.23076348 -241.04809999 288.44196852
v 42.96439600 -241.23322571 287.82071746
v 48.70125967 -241.46543624 287.04145765
v 54.44196914 -241.74529044 286.10231361
v 60.18714229 -242.07320748 285.00187872
v 65.93742422 -242.45002565 283.73733978
v 71.69347412 -242.87658326 282.30588358
v 77.45598105 -243.35399804 280.70375916
v 83.22564434 -243.88324803 278.92768445
v 89.00321602 -244.46587012 276.97250189
v 94.78945459 -245.10312176 274.83399166
v 100.58519092 -245.79695900 272.50558959
v 106.39127783 -246.54919816 269.98120041
v 112.20863291 -247.36207473 267.25332219
v 118.03824727 -248.23824334 264.31304645
v 123.88115654 -249.18035862 261.15146467
v 129.73852002 -250.19191351 257.75685514
v 135.61159688 -251.27682011 254.11608953
v 141.50172627 -252.43913021 250.21557064
v 147.41046475 -253.68429281 246.03701261
v 153.33949131 -255.01803631 241.56119181
v 159.29075830 -256.44762605 236.76372707
v 165.26645684 -257.98130534 231.61695513
v 171.26917559 -259.62941328 226.08617971
v 177.30194473 -261.40438474 220.12967149
v 183.36842754 -263.32186807 213.69491717
v 189.47310205 -265.40156345 206.71580628
v 195.62167969 -267.66959806 199.10466035
v 201.82160391 -270.16104100 190.74379333
v 208.08304893 -272.92535226 181.46722571
v 214.42073994 -276.03630271 171.02739479
v 220.85780273 -279.61321110 159.02388668
v 227.43538125 -283.87459566 144.72339072
v 234.24450469 -289.31799050 126.45626539
v 241.63732529 -297.92920081 97.55847957
v -182.18379141 -305.39116680 93.39248967
v -174.83951104 -294.26362751 130.57223285
v -168.16014756 -287.94110780 151.69726803
v -161.70449561 -283.10648736 167.85087952
v -155.38108857 -279.10181336 181.23144343
v -149.15042139 -275.65380393 192.75205927
v -142.99061807 -272.61683964 202.89927596
v -136.88781211 -269.90211791 211.96980396
v -130.83248145 -267.45127875 220.15863783
v -124.81760332 -265.22293706 227.60405495
v -118.83779531 -263.18679055 234.40730250
v -112.88877539 -261.31983190 240.64525333
v -106.96701445 -259.60382362 246.37884325
v -101.06959570 -258.02473687 251.65494594
v -95.19398174 -256.57064712 256.51340404
v -89.33799785 -255.23215505 260.98562293
v -83.49971133 -254.00126422 265.09832060
v -77.67739424 -252.87124079 268.87399643
v -71.86948975 -251.83647320 272.33139990
v -66.07456846 -250.89205138 275.48693680
v -60.29131992 -250.03390696 278.35420049
v -54.51852949 -249.25867300 280.94444067
v -48.75503877 -248.56298259 283.26890702
v -42.99978076 -247.94459112 285.33509933
v -37.25172217 -247.40111368 287.15098613
v -31.50988242 -246.93072652 288.72266100
v -25.77331670 -246.53188646 290.05528004
v -20.04110801 -246.20319063 291.15353063
v -14.31236719 -245.94365701 292.02069392
v -8.58622236 -245.75244386 292.65958233
v -2.86181631 -245.62899002 293.07207081
v 2.86169941 -245.57301493 293.25909684
v 8.58516855 -245.58423801 293.22159789
v 14.30943311 -245.66265925 292.95957396
v 20.03533916 -245.80855923 292.47208757
v 25.76374277 -246.02249912 291.75726377
v 31.49550615 -246.30489976 290.81369637
v 37.23151758 -246.65688347 289.63763546
v 42.97268408 -247.07957256 288.22533114
v 48.71993145 -247.57408933 286.57303352
v 54.47423760 -248.14239783 284.67418029
v 60.23660098 -248.78618151 282.52314659
v 66.00809531 -249.50810586 280.11102644
v 71.78983154 -250.31069606 277.42938256
v 77.58299443 -251.19703847 274.46790275
v 83.38887129 -252.17106115 271.21346236
v 89.20884229 -253.23711305 267.65153056
v 95.04438926 -254.39996399 263.76617029
v 100.89718652 -255.66592693 259.53628839
v 106.76906807 -257.04201630 254.93844802
v 112.66209932 -258.53664941 249.94452495
v 118.57863047 -260.15992703 244.52077013
v 124.52140723 -261.92447511 238.62499724
v 130.49364990 -263.84572538 232.20564522
v 136.49922217 -265.94303766 225.19802838
v 142.54292842 -268.24180414 217.51730532
v 148.63083398 -270.77527320 209.05238542
v 154.77100371 -273.58974001 199.64858547
v 160.97461230 -276.75184160 189.08325546
v 167.25833965 -280.36511083 177.01046753
v 173.64954902 -284.60574999 162.84148814
v 180.20111865 -289.82714568 145.39556898
v 187.05389063 -297.00640693 121.40795747
v -26.74889209 -304.22989935 117.96165094
v -20.61300322 -291.06349265 161.76310736
v -14.63968066 -282.99633587 188.60059035
v -8.74572627 -276.89304038 208.90478097
v -2.90498760 -271.96268083 225.30689687
v 2.89644814 -267.85691202 238.96579849
v 8.66768291 -264.38529207 250.51503992
v 14.41541162 -261.43062600 260.34450061
v 20.14495137 -258.91501858 268.71331919
v 25.86076348 -256.78409808 275.80237722
v 31.56675586 -254.99884647 281.74147833
v 37.26646143 -253.53038757 286.62668656
v 42.96316992 -252.35745163 290.52876127
v 71.50968018 -250.51881432 296.64546371
v 77.25329121 -250.92547531 295.29260077
v 83.01608818 -251.59413472 293.06813234
v 88.80187646 -252.53310326 289.94441070
v 94.61483174 -253.75407225 285.88254165
v 100.45969336 -255.27380395 280.82676117
v 106.34189150 -257.11441329 274.70349825
v 112.26789844 -259.30632590 267.41153421
v 118.24561758 -261.89081355 258.81356773
v 124.28510039 -264.92548774 248.71793934
v 130.39971680 -268.49317378 236.84910923
v 136.60848340 -272.72036337 222.78627001
v 142.94087637 -277.81552837 205.83588613
v 149.44929434 -284.17053955 184.69429819
v 156.25302656 -292.72492888 156.23591014
v 163.91800928 -308.18607552 104.80040794
vt 0.46448524 0.53551476
vt 0.46927374 0.53551476
vt 0.45969673 0.53072626
vt 0.46448524 0.53072626
vt 0.46927374 0.53072626
vt 0.47406225 0.53072626
vt 0.47885076 0.53072626
vt 0.45490822 0.52593775
vt 0.45969673 0.52593775
vt 0.46448524 0.52593775
vt 0.46927374 0.52593775
vt 0.47406225 0.52593775
vt 0.47885076 0.52593775
vt 0.45490822 0.52114924
vt 0.45969673 0.52114924
vt 0.46448524 0.52114924
vt 0.46927374 0.52114924
vt 0.47406225 0.52114924
vt 0.47885076 0.52114924
vt 0.48363927 0.52114924
vt 0.44533121 0.51636073
vt 0.45011971 0.51636073
vt 0.45490822 0.51636073
vt 0.45969673 0.51636073
vt 0.46448524 0.51636073
vt 0.46927374 0.51636073
vt 0.47406225 0.51636073
vt 0.47885076 0.51636073
vt 0.48363927 0.51636073
vt 0.48842777 0.51636073
vt 0.44054270 0.51157223
vt 0.44533121 0.51157223
vt 0.45011971 0.51157223
vt 0.45490822 0.51157223
vt 0.45969673 0.51157223
vt 0.46448524 0.51157223
vt 0.46927374 0.51157223
vt 0.47406225 0.51157223
vt 0.47885076 0.51157223
vt 0.48363927 0.51157223
vt 0.48842777 0.51157223
vt 0.49321628 0.51157223
vt 0.43575419 0.50678372
vt 0.44054270 0.50678372
vt 0.44533121 0.50678372
vt 0.45011971 0.50678372
vt 0.45490822 0.50678372
vt 0.45969673 0.50678372
vt 0.46448524 0.50678372
vt 0.46927374 0.50678372
vt 0.47406225 0.50678372
vt 0.47885076 0.50678372
vt 0.48363927 0.50678372
vt 0.48842777 0.50678372
vt 0.49321628 0.50678372
vt 0.43575419 0.50199521
vt 0.44054270 0.50199521
vt 0.44533121 0.50199521
vt 0.45011971 0.50199521
vt 0.45490822 0.50199521
vt 0.45969673 0.50199521
vt 0.46448524 0.50199521
vt 0.46927374 0.50199521
vt 0.47406225 0.50199521
vt 0.47885076 0.50199521
vt 0.48363927 0.50199521
vt 0.48842777 0.50199521
vt 0.49321628 0.50199521
vt 0.49800479 0.50199521
vt 0.43096568 0.49720670
vt 0.43575419 0.49720670
vt 0.44054270 0.49720670
vt 0.44533121 0.49720670
vt 0.45011971 0.49720670
vt 0.45490822 0.49720670
vt 0.45969673 0.49720670
vt 0.46448524 0.49720670
vt 0.46927374 0.49720670
vt 0.47406225 0.49720670
vt 0.47885076 0.49720670
vt 0.48363927 0.49720670
vt 0.48842777 0.49720670
vt 0.49321628 0.49720670
vt 0.49800479 0.49720670
vt 0.42617717 0.49241820
vt 0.43096568 0.49241820
vt 0.43575419 0.49241820
vt 0.44054270 0.49241820
vt 0.44533121 0.49241820
vt 0.45011971 0.49241820
vt 0.45490822 0.49241820
vt 0.45969673 0.49241820
vt 0.46448524 0.49241820
vt 0.46927374 0.49241820
vt 0.47406225 0.49241820
vt 0.47885076 0.49241820
vt 0.48363927 0.49241820
vt 0.48842777 0.49241820
vt 0.49321628 0.49241820
vt 0.49800479 0.49241820
vt 0.50279330 0.49241820
vt 0.50758180 0.49241820
vt 0.42138867 0.48762969
vt 0.42617717 0.48762969
vt 0.43096568 0.48762969
vt 0.43575419 0.48762969
vt 0.44054270 0.48762969
vt 0.44533121 0.48762969
vt 0.45011971 0.48762969
vt 0.45490822 0.48762969
vt 0.45969673 0.48762969
vt 0.46448524 0.48762969
vt 0.46927374 0.48762969
vt 0.47406225 0.48762969
vt 0.47885076 0.48762969
vt 0.48363927 0.48762969
vt 0.48842777 0.48762969
vt 0.49321628 0.48762969
vt 0.49800479 0.48762969
vt 0.50279330 0.48762969
vt 0.50758180 0.48762969
vt 0.42138867 0.48284118
vt 0.42617717 0.48284118
vt 0.43096568 0.48284118
vt 0.43575419 0.48284118
vt 0.44054270 0.48284118
vt 0.44533121 0.48284118
vt 0.45011971 0.48284118
vt 0.45490822 0.48284118
vt 0.45969673 0.48284118
vt 0.46448524 0.48284118
vt 0.46927374 0.48284118
vt 0.47406225 0.48284118
vt 0.47885076 0.48284118
vt 0.48363927 0.48284118
vt 0.48842777 0.48284118
vt 0.49321628 0.48284118
vt 0.49800479 0.48284118
vt 0.50279330 0.48284118
vt 0.50758180 0.48284118
vt 0.51237031 0.48284118
vt 0.41660016 0.47805267
vt 0.42138867 0.47805267
vt 0.42617717 0.47805267
vt 0.43096568 0.47805267
vt 0.43575419 0.47805267
vt 0.44054270 0.47805267
vt 0.44533121 0.47805267
vt 0.45011971 0.47805267
vt 0.45490822 0.47805267
vt 0.45969673 0.47805267
vt 0.46448524 0.47805267
vt 0.46927374 0.47805267
vt 0.47406225 0.47805267
vt 0.47885076 0.47805267
vt 0.48363927 0.47805267
vt 0.48842777 0.47805267
vt 0.49321628 0.47805267
vt 0.49800479 0.47805267
vt 0.50279330 0.47805267
vt 0.50758180 0.47805267
vt 0.51237031 0.47805267
vt 0.51715882 0.47805267
vt 0.41660016 0.47326417
vt 0.42138867 0.47326417
vt 0.42617717 0.47326417
vt 0.43096568 0.47326417
vt 0.43575419 0.47326417
vt 0.44054270 0.47326417
vt 0.44533121 0.47326417
vt 0.45011971 0.47326417
vt 0.45490822 0.47326417
vt 0.45969673 0.47326417
vt 0.46448524 0.47326417
vt 0.46927374 0.47326417
vt 0.47406225 0.47326417
vt 0.47885076 0.47326417
vt 0.48363927 0.47326417
vt 0.48842777 0.47326417
vt 0.49321628 0.47326417
vt 0.49800479 0.47326417
vt 0.50279330 0.47326417
vt 0.50758180 0.47326417
vt 0.51237031 0.47326417
vt 0.51715882 0.47326417
vt 0.52194733 0.47326417
vt 0.52673583 0.47326417
vt 0.53152434 0.47326417
vt 0.53631285 0.47326417
vt 0.54110136 0.47326417
vt 0.54588986 0.47326417
vt 0.55067837 0.47326417
vt 0.41181165 0.46847566
vt 0.41660016 0.46847566
vt 0.42138867 0.46847566
vt 0.42617717 0.46847566
vt 0.43096568 0.46847566
vt 0.43575419 0.46847566
vt 0.44054270 0.46847566
vt 0.44533121 0.46847566
vt 0.45011971 0.46847566
vt 0.45490822 0.46847566
vt 0.45969673 0.46847566
vt 0.46448524 0.46847566
vt 0.46927374 0.46847566
vt 0.47406225 0.46847566
vt 0.47885076 0.46847566
vt 0.48363927 0.46847566
vt 0.48842777 0.46847566
vt 0.49321628 0.46847566
vt 0.49800479 0.46847566
vt 0.50279330 0.46847566
vt 0.50758180 0.46847566
vt 0.51237031 0.46847566
vt 0.51715882 0.46847566
vt 0.52194733 0.46847566
vt 0.52673583 0.46847566
vt 0.53152434 0.46847566
vt 0.53631285 0.46847566
vt 0.54110136 0.46847566
vt 0.54588986 0.46847566
vt 0.55067837 0.46847566
vt 0.55546688 0.46847566
vt 0.56504389 0.46847566
vt 0.56983240 0.46847566
vt 0.57462091 0.46847566
vt 0.40702314 0.46368715
vt 0.41181165 0.46368715
vt 0.41660016 0.46368715
vt 0.42138867 0.46368715
vt 0.42617717 0.46368715
vt 0.43096568 0.46368715
vt 0.43575419 0.46368715
vt 0.44054270 0.46368715
vt 0.44533121 0.46368715
vt 0.45011971 0.46368715
vt 0.45490822 0.46368715
vt 0.45969673 0.46368715
vt 0.46448524 0.46368715
vt 0.46927374 0.46368715
vt 0.47406225 0.46368715
vt 0.47885076 0.46368715
vt 0.48363927 0.46368715
vt 0.48842777 0.46368715
vt 0.49321628 0.46368715
vt 0.49800479 0.46368715
vt 0.50279330 0.46368715
vt 0.50758180 0.46368715
vt 0.51237031 0.46368715
vt 0.51715882 0.46368715
vt 0.52194733 0.46368715
vt 0.52673583 0.46368715
vt 0.53152434 0.46368715
vt 0.53631285 0.46368715
vt 0.54110136 0.46368715
vt 0.54588986 0.46368715
vt 0.55067837 0.46368715
vt 0.55546688 0.46368715
vt 0.56025539 0.46368715
vt 0.56504389 0.46368715
vt 0.56983240 0.46368715
vt 0.57462091 0.46368715
vt 0.57940942 0.46368715
vt 0.40702314 0.45889864
vt 0.41181165 0.45889864
vt 0.41660016 0.45889864
vt 0.42138867 0.45889864
vt 0.42617717 0.45889864
vt 0.43096568 0.45889864
vt 0.43575419 0.45889864
vt 0.44054270 0.45889864
vt 0.44533121 0.45889864
vt 0.45011971 0.45889864
vt 0.45490822 0.45889864
vt 0.45969673 0.45889864
vt 0.46448524 0.45889864
vt 0.46927374 0.45889864
vt 0.47406225 0.45889864
vt 0.47885076 0.45889864
vt 0.48363927 0.45889864
vt 0.48842777 0.45889864
vt 0.49321628 0.45889864
vt 0.49800479 0.45889864
vt 0.50279330 0.45889864
vt 0.50758180 0.45889864
vt 0.51237031 0.45889864
vt 0.51715882 0.45889864
vt 0.52194733 0.45889864
vt 0.52673583 0.45889864
vt 0.53152434 0.45889864
vt 0.53631285 0.45889864
vt 0.54110136 0.45889864
vt 0.54588986 0.45889864
vt 0.55067837 0.45889864
vt 0.55546688 0.45889864
vt 0.56025539 0.45889864
vt 0.56504389 0.45889864
vt 0.56983240 0.45889864
vt 0.57462091 0.45889864
vt 0.57940942 0.45889864
vt 0.40223464 0.45411014
vt 0.40702314 0.45411014
vt 0.41181165 0.45411014
vt 0.41660016 0.45411014
vt 0.42138867 0.45411014
vt 0.42617717 0.45411014
vt 0.43096568 0.45411014
vt 0.43575419 0.45411014
vt 0.44054270 0.45411014
vt 0.44533121 0.45411014
vt 0.45011971 0.45411014
vt 0.45490822 0.45411014
vt 0.45969673 0.45411014
vt 0.46448524 0.45411014
vt 0.46927374 0.45411014
vt 0.47406225 0.45411014
vt 0.47885076 0.45411014
vt 0.48363927 0.45411014
vt 0.48842777 0.45411014
vt 0.49321628 0.45411014
vt 0.49800479 0.45411014
vt 0.50279330 0.45411014
vt 0.50758180 0.45411014
vt 0.51237031 0.45411014
vt 0.51715882 0.45411014
vt 0.52194733 0.45411014
vt 0.52673583 0.45411014
vt 0.53152434 0.45411014
vt 0.53631285 0.45411014
vt 0.54110136 0.45411014
vt 0.54588986 0.45411014
vt 0.55067837 0.45411014
vt 0.55546688 0.45411014
vt 0.56025539 0.45411014
vt 0.56504389 0.45411014
vt 0.56983240 0.45411014
vt 0.57462091 0.45411014
vt 0.57940942 0.45411014
vt 0.58419792 0.45411014
vt 0.40223464 0.44932163
vt 0.40702314 0.44932163
vt 0.41181165 0.44932163
vt 0.41660016 0.44932163
vt 0.42138867 0.44932163
vt 0.42617717 0.44932163
vt 0.43096568 0.44932163
vt 0.43575419 0.44932163
vt 0.44054270 0.44932163
vt 0.44533121 0.44932163
vt 0.45011971 0.44932163
vt 0.45490822 0.44932163
vt 0.45969673 0.44932163
vt 0.46448524 0.44932163
vt 0.46927374 0.44932163
vt 0.47406225 0.44932163
vt 0.47885076 0.44932163
vt 0.48363927 0.44932163
vt 0.48842777 0.44932163
vt 0.49321628 0.44932163
vt 0.49800479 0.44932163
vt 0.50279330 0.44932163
vt 0.50758180 0.44932163
vt 0.51237031 0.44932163
vt 0.51715882 0.44932163
vt 0.52194733 0.44932163
vt 0.52673583 0.44932163
vt 0.53152434 0.44932163
vt 0.53631285 0.44932163
vt 0.54110136 0.44932163
vt 0.54588986 0.44932163
vt 0.55067837 0.44932163
vt 0.55546688 0.44932163
vt 0.56025539 0.44932163
vt 0.56504389 0.44932163
vt 0.56983240 0.44932163
vt 0.57462091 0.44932163
vt 0.57940942 0.44932163
vt 0.58419792 0.44932163
vt 0.39744613 0.44453312
vt 0.40223464 0.44453312
vt 0.40702314 0.44453312
vt 0.41181165 0.44453312
vt 0.41660016 0.44453312
vt 0.42138867 0.44453312
vt 0.42617717 0.44453312
vt 0.43096568 0.44453312
vt 0.43575419 0.44453312
vt 0.44054270 0.44453312
vt 0.44533121 0.44453312
vt 0.45011971 0.44453312
vt 0.45490822 0.44453312
vt 0.45969673 0.44453312
vt 0.46448524 0.44453312
vt 0.46927374 0.44453312
vt 0.47406225 0.44453312
vt 0.47885076 0.44453312
vt 0.48363927 0.44453312
vt 0.48842777 0.44453312
vt 0.49321628 0.44453312
vt 0.49800479 0.44453312
vt 0.50279330 0.44453312
vt 0.50758180 0.44453312
vt 0.51237031 0.44453312
vt 0.51715882 0.44453312
vt 0.52194733 0.44453312
vt 0.52673583 0.44453312
vt 0.53152434 0.44453312
vt 0.53631285 0.44453312
vt 0.54110136 0.44453312
vt 0.54588986 0.44453312
vt 0.55067837 0.44453312
vt 0.55546688 0.44453312
vt 0.56025539 0.44453312
vt 0.56504389 0.44453312
vt 0.56983240 0.44453312
vt 0.57462091 0.44453312
vt 0.57940942 0.44453312
vt 0.58419792 0.44453312
vt 0.39744613 0.43974461
vt 0.40223464 0.43974461
vt 0.40702314 0.43974461
vt 0.41181165 0.43974461
vt 0.41660016 0.43974461
vt 0.42138867 0.43974461
vt 0.42617717 0.43974461
vt 0.43096568 0.43974461
vt 0.43575419 0.43974461
vt 0.44054270 0.43974461
vt 0.44533121 0.43974461
vt 0.45011971 0.43974461
vt 0.45490822 0.43974461
vt 0.45969673 0.43974461
vt 0.46448524 0.43974461
vt 0.46927374 0.43974461
vt 0.47406225 0.43974461
vt 0.47885076 0.43974461
vt 0.48363927 0.43974461
vt 0.48842777 0.43974461
vt 0.49321628 0.43974461
vt 0.49800479 0.43974461
vt 0.50279330 0.43974461
vt 0.50758180 0.43974461
vt 0.51237031 0.43974461
vt 0.51715882 0.43974461
vt 0.52194733 0.43974461
vt 0.52673583 0.43974461
vt 0.53152434 0.43974461
vt 0.53631285 0.43974461
vt 0.54110136 0.43974461
vt 0.54588986 0.43974461
vt 0.55067837 0.43974461
vt 0.55546688 0.43974461
vt 0.56025539 0.43974461
vt 0.56504389 0.43974461
vt 0.56983240 0.43974461
vt 0.57462091 0.43974461
vt 0.57940942 0.43974461
vt 0.58419792 0.43974461
vt 0.38308061 0.43495611
vt 0.38786911 0.43495611
vt 0.39265762 0.43495611
vt 0.39744613 0.43495611
vt 0.40223464 0.43495611
vt 0.40702314 0.43495611
vt 0.41181165 0.43495611
vt 0.41660016 0.43495611
vt 0.42138867 0.43495611
vt 0.42617717 0.43495611
vt 0.43096568 0.43495611
vt 0.43575419 0.43495611
vt 0.44054270 0.43495611
vt 0.44533121 0.43495611
vt 0.45011971 0.43495611
vt 0.45490822 0.43495611
vt 0.45969673 0.43495611
vt 0.46448524 0.43495611
vt 0.46927374 0.43495611
vt 0.47406225 0.43495611
vt 0.47885076 0.43495611
vt 0.48363927 0.43495611
vt 0.48842777 0.43495611
vt 0.49321628 0.43495611
vt 0.49800479 0.43495611
vt 0.50279330 0.43495611
vt 0.50758180 0.43495611
vt 0.51237031 0.43495611
vt 0.51715882 0.43495611
vt 0.52194733 0.43495611
vt 0.52673583 0.43495611
vt 0.53152434 0.43495611
vt 0.53631285 0.43495611
vt 0.54110136 0.43495611
vt 0.54588986 0.43495611
vt 0.55067837 0.43495611
vt 0.55546688 0.43495611
vt 0.56025539 0.43495611
vt 0.56504389 0.43495611
vt 0.56983240 0.43495611
vt 0.57462091 0.43495611
vt 0.57940942 0.43495611
vt 0.58419792 0.43495611
vt 0.58898643 0.43495611
vt 0.37350359 0.43016760
vt 0.37829210 0.43016760
vt 0.38308061 0.43016760
vt 0.38786911 0.43016760
vt 0.39265762 0.43016760
vt 0.39744613 0.43016760
vt 0.40223464 0.43016760
vt 0.40702314 0.43016760
vt 0.41181165 0.43016760
vt 0.41660016 0.43016760
vt 0.42138867 0.43016760
vt 0.42617717 0.43016760
vt 0.43096568 0.43016760
vt 0.43575419 0.43016760
vt 0.44054270 0.43016760
vt 0.44533121 0.43016760
vt 0.45011971 0.43016760
vt 0.45490822 0.43016760
vt 0.45969673 0.43016760
vt 0.46448524 0.43016760
vt 0.46927374 0.43016760
vt 0.47406225 0.43016760
vt 0.47885076 0.43016760
vt 0.48363927 0.43016760
vt 0.48842777 0.43016760
vt 0.49321628 0.43016760
vt 0.49800479 0.43016760
vt 0.50279330 0.43016760
vt 0.50758180 0.43016760
vt 0.51237031 0.43016760
vt 0.51715882 0.43016760
vt 0.52194733 0.43016760
vt 0.52673583 0.43016760
vt 0.53152434 0.43016760
vt 0.53631285 0.43016760
vt 0.54110136 0.43016760
vt 0.54588986 0.43016760
vt 0.55067837 0.43016760
vt 0.55546688 0.43016760
vt 0.56025539 0.43016760
vt 0.56504389 0.43016760
vt 0.56983240 0.43016760
vt 0.57462091 0.43016760
vt 0.57940942 0.43016760
vt 0.58419792 0.43016760
vt 0.58898643 0.43016760
vt 0.59377494 0.43016760
vt 0.36871508 0.42537909
vt 0.37350359 0.42537909
vt 0.37829210 0.42537909
vt 0.38308061 0.42537909
vt 0.38786911 0.42537909
vt 0.39265762 0.42537909
vt 0.39744613 0.42537909
vt 0.40223464 0.42537909
vt 0.40702314 0.42537909
vt 0.41181165 0.42537909
vt 0.41660016 0.42537909
vt 0.42138867 0.42537909
vt 0.42617717 0.42537909
vt 0.43096568 0.42537909
vt 0.43575419 0.42537909
vt 0.44054270 0.42537909
vt 0.44533121 0.42537909
vt 0.45011971 0.42537909
vt 0.45490822 0.42537909
vt 0.45969673 0.42537909
vt 0.46448524 0.42537909
vt 0.46927374 0.42537909
vt 0.47406225 0.42537909
vt 0.47885076 0.42537909
vt 0.48363927 0.42537909
vt 0.48842777 0.42537909
vt 0.49321628 0.42537909
vt 0.49800479 0.42537909
vt 0.50279330 0.42537909
vt 0.50758180 0.42537909
vt 0.51237031 0.42537909
vt 0.51715882 0.42537909
vt 0.52194733 0.42537909
vt 0.52673583 0.42537909
vt 0.53152434 0.42537909
vt 0.53631285 0.42537909
vt 0.54110136 0.42537909
vt 0.54588986 0.42537909
vt 0.55067837 0.42537909
vt 0.55546688 0.42537909
vt 0.56025539 0.42537909
vt 0.56504389 0.42537909
vt 0.56983240 0.42537909
vt 0.57462091 0.42537909
vt 0.57940942 0.42537909
vt 0.58419792 0.42537909
vt 0.58898643 0.42537909
vt 0.59377494 0.42537909
vt 0.59856345 0.42537909
vt 0.60335196 0.42537909
vt 0.36871508 0.42059058
vt 0.37350359 0.42059058
vt 0.37829210 0.42059058
vt 0.38308061 0.42059058
vt 0.38786911 0.42059058
vt 0.39265762 0.42059058
vt 0.39744613 0.42059058
vt 0.40223464 0.42059058
vt 0.40702314 0.42059058
vt 0.41181165 0.42059058
vt 0.41660016 0.42059058
vt 0.42138867 0.42059058
vt 0.42617717 0.42059058
vt 0.43096568 0.42059058
vt 0.43575419 0.42059058
vt 0.44054270 0.42059058
vt 0.44533121 0.42059058
vt 0.45011971 0.42059058
vt 0.45490822 0.42059058
vt 0.45969673 0.42059058
vt 0.46448524 0.42059058
vt 0.46927374 0.42059058
vt 0.47406225 0.42059058
vt 0.47885076 0.42059058
vt 0.48363927 0.42059058
vt 0.48842777 0.42059058
vt 0.49321628 0.42059058
vt 0.49800479 0.42059058
vt 0.50279330 0.42059058
vt 0.50758180 0.42059058
vt 0.51237031 0.42059058
vt 0.51715882 0.42059058
vt 0.52194733 0.42059058
vt 0.52673583 0.42059058
vt 0.53152434 0.42059058
vt 0.53631285 0.42059058
vt 0.54110136 0.42059058
vt 0.54588986 0.42059058
vt 0.55067837 0.42059058
vt 0.55546688 0.42059058
vt 0.56025539 0.42059058
vt 0.56504389 0.42059058
vt 0.56983240 0.42059058
vt 0.57462091 0.42059058
vt 0.57940942 0.42059058
vt 0.58419792 0.42059058
vt 0.58898643 0.42059058
vt 0.59377494 0.42059058
vt 0.59856345 0.42059058
vt 0.60335196 0.42059058
vt 0.60814046 0.42059058
vt 0.36392658 0.41580208
vt 0.36871508 0.41580208
vt 0.37350359 0.41580208
vt 0.37829210 0.41580208
vt 0.38308061 0.41580208
vt 0.38786911 0.41580208
vt 0.39265762 0.41580208
vt 0.39744613 0.41580208
vt 0.40223464 0.41580208
vt 0.40702314 0.41580208
vt 0.41181165 0.41580208
vt 0.41660016 0.41580208
vt 0.42138867 0.41580208
vt 0.42617717 0.41580208
vt 0.43096568 0.41580208
vt 0.43575419 0.41580208
vt 0.44054270 0.41580208
vt 0.44533121 0.41580208
vt 0.45011971 0.41580208
vt 0.45490822 0.41580208
vt 0.45969673 0.41580208
vt 0.46448524 0.41580208
vt 0.46927374 0.41580208
vt 0.47406225 0.41580208
vt 0.47885076 0.41580208
vt 0.48363927 0.41580208
vt 0.48842777 0.41580208
vt 0.49321628 0.41580208
vt 0.49800479 0.41580208
vt 0.50279330 0.41580208
vt 0.50758180 0.41580208
vt 0.51237031 0.41580208
vt 0.51715882 0.41580208
vt 0.52194733 0.41580208
vt 0.52673583 0.41580208
vt 0.53152434 0.41580208
vt 0.53631285 0.41580208
vt 0.54110136 0.41580208
vt 0.54588986 0.41580208
vt 0.55067837 0.41580208
vt 0.55546688 0.41580208
vt 0.56025539 0.41580208
vt 0.56504389 0.41580208
vt 0.56983240 0.41580208
vt 0.57462091 0.41580208
vt 0.57940942 0.41580208
vt 0.58419792 0.41580208
vt 0.58898643 0.41580208
vt 0.59377494 0.41580208
vt 0.59856345 0.41580208
vt 0.60335196 0.41580208
vt 0.60814046 0.41580208
vt 0.61292897 0.41580208
vt 0.36392658 0.41101357
vt 0.36871508 0.41101357
vt 0.37350359 0.41101357
vt 0.37829210 0.41101357
vt 0.38308061 0.41101357
vt 0.38786911 0.41101357
vt 0.39265762 0.41101357
vt 0.39744613 0.41101357
vt 0.40223464 0.41101357
vt 0.40702314 0.41101357
vt 0.41181165 0.41101357
vt 0.41660016 0.41101357
vt 0.42138867 0.41101357
vt 0.42617717 0.41101357
vt 0.43096568 0.41101357
vt 0.43575419 0.41101357
vt 0.44054270 0.41101357
vt 0.44533121 0.41101357
vt 0.45011971 0.41101357
vt 0.45490822 0.41101357
vt 0.45969673 0.41101357
vt 0.46448524 0.41101357
vt 0.46927374 0.41101357
vt 0.47406225 0.41101357
vt 0.47885076 0.41101357
vt 0.48363927 0.41101357
vt 0.48842777 0.41101357
vt 0.49321628 0.41101357
vt 0.49800479 0.41101357
vt 0.50279330 0.41101357
vt 0.50758180 0.41101357
vt 0.51237031 0.41101357
vt 0.51715882 0.41101357
vt 0.52194733 0.41101357
vt 0.52673583 0.41101357
vt 0.53152434 0.41101357
vt 0.53631285 0.41101357
vt 0.54110136 0.41101357
vt 0.54588986 0.41101357
vt 0.55067837 0.41101357
vt 0.55546688 0.41101357
vt 0.56025539 0.41101357
vt 0.56504389 0.41101357
vt 0.56983240 0.41101357
vt 0.57462091 0.41101357
vt 0.57940942 0.41101357
vt 0.58419792 0.41101357
vt 0.58898643 0.41101357
vt 0.59377494 0.41101357
vt 0.59856345 0.41101357
vt 0.60335196 0.41101357
vt 0.60814046 0.41101357
vt 0.61292897 0.41101357
vt 0.35434956 0.40622506
vt 0.35913807 0.40622506
vt 0.36392658 0.40622506
vt 0.36871508 0.40622506
vt 0.37350359 0.40622506
vt 0.37829210 0.40622506
vt 0.38308061 0.40622506
vt 0.38786911 0.40622506
vt 0.39265762 0.40622506
vt 0.39744613 0.40622506
vt 0.40223464 0.40622506
vt 0.40702314 0.40622506
vt 0.41181165 0.40622506
vt 0.41660016 0.40622506
vt 0.42138867 0.40622506
vt 0.42617717 0.40622506
vt 0.43096568 0.40622506
vt 0.43575419 0.40622506
vt 0.44054270 0.40622506
vt 0.44533121 0.40622506
vt 0.45011971 0.40622506
vt 0.45490822 0.40622506
vt 0.45969673 0.40622506
vt 0.46448524 0.40622506
vt 0.46927374 0.40622506
vt 0.47406225 0.40622506
vt 0.47885076 0.40622506
vt 0.48363927 0.40622506
vt 0.48842777 0.40622506
vt 0.49321628 0.40622506
vt 0.49800479 0.40622506
vt 0.50279330 0.40622506
vt 0.50758180 0.40622506
vt 0.51237031 0.40622506
vt 0.51715882 0.40622506
vt 0.52194733 0.40622506
vt 0.52673583 0.40622506
vt 0.53152434 0.40622506
vt 0.53631285 0.40622506
vt 0.54110136 0.40622506
vt 0.54588986 0.40622506
vt 0.55067837 0.40622506
vt 0.55546688 0.40622506
vt 0.56025539 0.40622506
vt 0.56504389 0.40622506
vt 0.56983240 0.40622506
vt 0.57462091 0.40622506
vt 0.57940942 0.40622506
vt 0.58419792 0.40622506
vt 0.58898643 0.40622506
vt 0.59377494 0.40622506
vt 0.59856345 0.40622506
vt 0.60335196 0.40622506
vt 0.60814046 0.40622506
vt 0.61292897 0.40622506
vt 0.61771748 0.40622506
vt 0.35434956 0.40143655
vt 0.35913807 0.40143655
vt 0.36392658 0.40143655
vt 0.36871508 0.40143655
vt 0.37350359 0.40143655
vt 0.37829210 0.40143655
vt 0.38308061 0.40143655
vt 0.38786911 0.40143655
vt 0.39265762 0.40143655
vt 0.39744613 0.40143655
vt 0.40223464 0.40143655
vt 0.40702314 0.40143655
vt 0.41181165 0.40143655
vt 0.41660016 0.40143655
vt 0.42138867 0.40143655
vt 0.42617717 0.40143655
vt 0.43096568 0.40143655
vt 0.43575419 0.40143655
vt 0.44054270 0.40143655
vt 0.44533121 0.40143655
vt 0.45011971 0.40143655
vt 0.45490822 0.40143655
vt 0.45969673 0.40143655
vt 0.46448524 0.40143655
vt 0.46927374 0.40143655
vt 0.47406225 0.40143655
vt 0.47885076 0.40143655
vt 0.48363927 0.40143655
vt 0.48842777 0.40143655
vt 0.49321628 0.40143655
vt 0.49800479 0.40143655
vt 0.50279330 0.40143655
vt 0.50758180 0.40143655
vt 0.51237031 0.40143655
vt 0.51715882 0.40143655
vt 0.52194733 0.40143655
vt 0.52673583 0.40143655
vt 0.53152434 0.40143655
vt 0.53631285 0.40143655
vt 0.54110136 0.40143655
vt 0.54588986 0.40143655
vt 0.55067837 0.40143655
vt 0.55546688 0.40143655
vt 0.56025539 0.40143655
vt 0.56504389 0.40143655
vt 0.56983240 0.40143655
vt 0.57462091 0.40143655
vt 0.57940942 0.40143655
vt 0.58419792 0.40143655
vt 0.58898643 0.40143655
vt 0.59377494 0.40143655
vt 0.59856345 0.40143655
vt 0.60335196 0.40143655
vt 0.60814046 0.40143655
vt 0.61292897 0.40143655
vt 0.61771748 0.40143655
vt 0.62250599 0.40143655
vt 0.34956105 0.39664804
vt 0.35434956 0.39664804
vt 0.35913807 0.39664804
vt 0.36392658 0.39664804
vt 0.36871508 0.39664804
vt 0.37350359 0.39664804
vt 0.37829210 0.39664804
vt 0.38308061 0.39664804
vt 0.38786911 0.39664804
vt 0.39265762 0.39664804
vt 0.39744613 0.39664804
vt 0.40223464 0.39664804
vt 0.40702314 0.39664804
vt 0.41181165 0.39664804
vt 0.41660016 0.39664804
vt 0.42138867 0.39664804
vt 0.42617717 0.39664804
vt 0.43096568 0.39664804
vt 0.43575419 0.39664804
vt 0.44054270 0.39664804
vt 0.44533121 0.39664804
vt 0.45011971 0.39664804
vt 0.45490822 0.39664804
vt 0.45969673 0.39664804
vt 0.46448524 0.39664804
vt 0.46927374 0.39664804
vt 0.47406225 0.39664804
vt 0.47885076 0.39664804
vt 0.48363927 0.39664804
vt 0.48842777 0.39664804
vt 0.49321628 0.39664804
vt 0.49800479 0.39664804
vt 0.50279330 0.39664804
vt 0.50758180 0.39664804
vt 0.51237031 0.39664804
vt 0.51715882 0.39664804
vt 0.52194733 0.39664804
vt 0.52673583 0.39664804
vt 0.53152434 0.39664804
vt 0.53631285 0.39664804
vt 0.54110136 0.39664804
vt 0.54588986 0.39664804
vt 0.55067837 0.39664804
vt 0.55546688 0.39664804
vt 0.56025539 0.39664804
vt 0.56504389 0.39664804
vt 0.56983240 0.39664804
vt 0.57462091 0.39664804
vt 0.57940942 0.39664804
vt 0.58419792 0.39664804
vt 0.58898643 0.39664804
vt 0.59377494 0.39664804
vt 0.59856345 0.39664804
vt 0.60335196 0.39664804
vt 0.60814046 0.39664804
vt 0.61292897 0.39664804
vt 0.61771748 0.39664804
vt 0.62250599 0.39664804
vt 0.34956105 0.39185954
vt 0.35434956 0.39185954
vt 0.35913807 0.39185954
vt 0.36392658 0.39185954
vt 0.36871508 0.39185954
vt 0.37350359 0.39185954
vt 0.37829210 0.39185954
vt 0.38308061 0.39185954
vt 0.38786911 0.39185954
vt 0.39265762 0.39185954
vt 0.39744613 0.39185954
vt 0.40223464 0.39185954
vt 0.40702314 0.39185954
vt 0.41181165 0.39185954
vt 0.41660016 0.39185954
vt 0.42138867 0.39185954
vt 0.42617717 0.39185954
vt 0.43096568 0.39185954
vt 0.43575419 0.39185954
vt 0.44054270 0.39185954
vt 0.44533121 0.39185954
vt 0.45011971 0.39185954
vt 0.45490822 0.39185954
vt 0.45969673 0.39185954
vt 0.46448524 0.39185954
vt 0.46927374 0.39185954
vt 0.47406225 0.39185954
vt 0.47885076 0.39185954
vt 0.48363927 0.39185954
vt 0.48842777 0.39185954
vt 0.49321628 0.39185954
vt 0.49800479 0.39185954
vt 0.50279330 0.39185954
vt 0.50758180 0.39185954
vt 0.51237031 0.39185954
vt 0.51715882 0.39185954
vt 0.52194733 0.39185954
vt 0.52673583 0.39185954
vt 0.53152434 0.39185954
vt 0.53631285 0.39185954
vt 0.54110136 0.39185954
vt 0.54588986 0.39185954
vt 0.55067837 0.39185954
vt 0.55546688 0.39185954
vt 0.56025539 0.39185954
vt 0.56504389 0.39185954
vt 0.56983240 0.39185954
vt 0.57462091 0.39185954
vt 0.57940942 0.39185954
vt 0.58419792 0.39185954
vt 0.58898643 0.39185954
vt 0.59377494 0.39185954
vt 0.59856345 0.39185954
vt 0.60335196 0.39185954
vt 0.60814046 0.39185954
vt 0.61292897 0.39185954
vt 0.61771748 0.39185954
vt 0.62250599 0.39185954
vt 0.34477255 0.38707103
vt 0.34956105 0.38707103
vt 0.35434956 0.38707103
vt 0.35913807 0.38707103
vt 0.36392658 0.38707103
vt 0.36871508 0.38707103
vt 0.37350359 0.38707103
vt 0.37829210 0.38707103
vt 0.38308061 0.38707103
vt 0.38786911 0.38707103
vt 0.39265762 0.38707103
vt 0.39744613 0.38707103
vt 0.40223464 0.38707103
vt 0.40702314 0.38707103
vt 0.41181165 0.38707103
vt 0.41660016 0.38707103
vt 0.42138867 0.38707103
vt 0.42617717 0.38707103
vt 0.43096568 0.38707103
vt 0.43575419 0.38707103
vt 0.44054270 0.38707103
vt 0.44533121 0.38707103
vt 0.45011971 0.38707103
vt 0.45490822 0.38707103
vt 0.45969673 0.38707103
vt 0.46448524 0.38707103
vt 0.46927374 0.38707103
vt 0.47406225 0.38707103
vt 0.47885076 0.38707103
vt 0.48363927 0.38707103
vt 0.48842777 0.38707103
vt 0.49321628 0.38707103
vt 0.49800479 0.38707103
vt 0.50279330 0.38707103
vt 0.50758180 0.38707103
vt 0.51237031 0.38707103
vt 0.51715882 0.38707103
vt 0.52194733 0.38707103
vt 0.52673583 0.38707103
vt 0.53152434 0.38707103
vt 0.53631285 0.38707103
vt 0.54110136 0.38707103
vt 0.54588986 0.38707103
vt 0.55067837 0.38707103
vt 0.55546688 0.38707103
vt 0.56025539 0.38707103
vt 0.56504389 0.38707103
vt 0.56983240 0.38707103
vt 0.57462091 0.38707103
vt 0.57940942 0.38707103
vt 0.58419792 0.38707103
vt 0.58898643 0.38707103
vt 0.59377494 0.38707103
vt 0.59856345 0.38707103
vt 0.60335196 0.38707103
vt 0.60814046 0.38707103
vt 0.61292897 0.38707103
vt 0.61771748 0.38707103
vt 0.62250599 0.38707103
vt 0.33998404 0.38228252
vt 0.34477255 0.38228252
vt 0.34956105 0.38228252
vt 0.35434956 0.38228252
vt 0.35913807 0.38228252
vt 0.36392658 0.38228252
vt 0.36871508 0.38228252
vt 0.37350359 0.38228252
vt 0.37829210 0.38228252
vt 0.38308061 0.38228252
vt 0.38786911 0.38228252
vt 0.39265762 0.38228252
vt 0.39744613 0.38228252
vt 0.40223464 0.38228252
vt 0.40702314 0.38228252
vt 0.41181165 0.38228252
vt 0.41660016 0.38228252
vt 0.42138867 0.38228252
vt 0.42617717 0.38228252
vt 0.43096568 0.38228252
vt 0.43575419 0.38228252
vt 0.44054270 0.38228252
vt 0.44533121 0.38228252
vt 0.45011971 0.38228252
vt 0.45490822 0.38228252
vt 0.45969673 0.38228252
vt 0.46448524 0.38228252
vt 0.46927374 0.38228252
vt 0.47406225 0.38228252
vt 0.47885076 0.38228252
vt 0.48363927 0.38228252
vt 0.48842777 0.38228252
vt 0.49321628 0.38228252
vt 0.49800479 0.38228252
vt 0.50279330 0.38228252
vt 0.50758180 0.38228252
vt 0.51237031 0.38228252
vt 0.51715882 0.38228252
vt 0.52194733 0.38228252
vt 0.52673583 0.38228252
vt 0.53152434 0.38228252
vt 0.53631285 0.38228252
vt 0.54110136 0.38228252
vt 0.54588986 0.38228252
vt 0.55067837 0.38228252
vt 0.55546688 0.38228252
vt 0.56025539 0.38228252
vt 0.56504389 0.38228252
vt 0.56983240 0.38228252
vt 0.57462091 0.38228252
vt 0.57940942 0.38228252
vt 0.58419792 0.38228252
vt 0.58898643 0.38228252
vt 0.59377494 0.38228252
vt 0.59856345 0.38228252
vt 0.60335196 0.38228252
vt 0.60814046 0.38228252
vt 0.61292897 0.38228252
vt 0.61771748 0.38228252
vt 0.62250599 0.38228252
vt 0.33998404 0.37749401
vt 0.34477255 0.37749401
vt 0.34956105 0.37749401
vt 0.35434956 0.37749401
vt 0.35913807 0.37749401
vt 0.36392658 0.37749401
vt 0.36871508 0.37749401
vt 0.37350359 0.37749401
vt 0.37829210 0.37749401
vt 0.38308061 0.37749401
vt 0.38786911 0.37749401
vt 0.39265762 0.37749401
vt 0.39744613 0.37749401
vt 0.40223464 0.37749401
vt 0.40702314 0.37749401
vt 0.41181165 0.37749401
vt 0.41660016 0.37749401
vt 0.42138867 0.37749401
vt 0.42617717 0.37749401
vt 0.43096568 0.37749401
vt 0.43575419 0.37749401
vt 0.44054270 0.37749401
vt 0.44533121 0.37749401
vt 0.45011971 0.37749401
vt 0.45490822 0.37749401
vt 0.45969673 0.37749401
vt 0.46448524 0.37749401
vt 0.46927374 0.37749401
vt 0.47406225 0.37749401
vt 0.47885076 0.37749401
vt 0.48363927 0.37749401
vt 0.48842777 0.37749401
vt 0.49321628 0.37749401
vt 0.49800479 0.37749401
vt 0.50279330 0.37749401
vt 0.50758180 0.37749401
vt 0.51237031 0.37749401
vt 0.51715882 0.37749401
vt 0.52194733 0.37749401
vt 0.52673583 0.37749401
vt 0.53152434 0.37749401
vt 0.53631285 0.37749401
vt 0.54110136 0.37749401
vt 0.54588986 0.37749401
vt 0.55067837 0.37749401
vt 0.55546688 0.37749401
vt 0.56025539 0.37749401
vt 0.56504389 0.37749401
vt 0.56983240 0.37749401
vt 0.57462091 0.37749401
vt 0.57940942 0.37749401
vt 0.58419792 0.37749401
vt 0.58898643 0.37749401
vt 0.59377494 0.37749401
vt 0.59856345 0.37749401
vt 0.60335196 0.37749401
vt 0.60814046 0.37749401
vt 0.61292897 0.37749401
vt 0.61771748 0.37749401
vt 0.62250599 0.37749401
vt 0.62729449 0.37749401
vt 0.33519553 0.37270551
vt 0.33998404 0.37270551
vt 0.34477255 0.37270551
vt 0.34956105 0.37270551
vt 0.35434956 0.37270551
vt 0.35913807 0.37270551
vt 0.36392658 0.37270551
vt 0.36871508 0.37270551
vt 0.37350359 0.37270551
vt 0.37829210 0.37270551
vt 0.38308061 0.37270551
vt 0.38786911 0.37270551
vt 0.39265762 0.37270551
vt 0.39744613 0.37270551
vt 0.40223464 0.37270551
vt 0.40702314 0.37270551
vt 0.41181165 0.37270551
vt 0.41660016 0.37270551
vt 0.42138867 0.37270551
vt 0.42617717 0.37270551
vt 0.43096568 0.37270551
vt 0.43575419 0.37270551
vt 0.44054270 0.37270551
vt 0.44533121 0.37270551
vt 0.45011971 0.37270551
vt 0.45490822 0.37270551
vt 0.45969673 0.37270551
vt 0.46448524 0.37270551
vt 0.46927374 0.37270551
vt 0.47406225 0.37270551
vt 0.47885076 0.37270551
vt 0.48363927 0.37270551
vt 0.48842777 0.37270551
vt 0.49321628 0.37270551
vt 0.49800479 0.37270551
vt 0.50279330 0.37270551
vt 0.50758180 0.37270551
vt 0.51237031 0.37270551
vt 0.51715882 0.37270551
vt 0.52194733 0.37270551
vt 0.52673583 0.37270551
vt 0.53152434 0.37270551
vt 0.53631285 0.37270551
vt 0.54110136 0.37270551
vt 0.54588986 0.37270551
vt 0.55067837 0.37270551
vt 0.55546688 0.37270551
vt 0.56025539 0.37270551
vt 0.56504389 0.37270551
vt 0.56983240 0.37270551
vt 0.57462091 0.37270551
vt 0.57940942 0.37270551
vt 0.58419792 0.37270551
vt 0.58898643 0.37270551
vt 0.59377494 0.37270551
vt 0.59856345 0.37270551
vt 0.60335196 0.37270551
vt 0.60814046 0.37270551
vt 0.61292897 0.37270551
vt 0.61771748 0.37270551
vt 0.62250599 0.37270551
vt 0.62729449 0.37270551
vt 0.33519553 0.36791700
vt 0.33998404 0.36791700
vt 0.34477255 0.36791700
vt 0.34956105 0.36791700
vt 0.35434956 0.36791700
vt 0.35913807 0.36791700
vt 0.36392658 0.36791700
vt 0.36871508 0.36791700
vt 0.37350359 0.36791700
vt 0.37829210 0.36791700
vt 0.38308061 0.36791700
vt 0.38786911 0.36791700
vt 0.39265762 0.36791700
vt 0.39744613 0.36791700
vt 0.40223464 0.36791700
vt 0.40702314 0.36791700
vt 0.41181165 0.36791700
vt 0.41660016 0.36791700
vt 0.42138867 0.36791700
vt 0.42617717 0.36791700
vt 0.43096568 0.36791700
vt 0.43575419 0.36791700
vt 0.44054270 0.36791700
vt 0.44533121 0.36791700
vt 0.45011971 0.36791700
vt 0.45490822 0.36791700
vt 0.45969673 0.36791700
vt 0.46448524 0.36791700
vt 0.46927374 0.36791700
vt 0.47406225 0.36791700
vt 0.47885076 0.36791700
vt 0.48363927 0.36791700
vt 0.48842777 0.36791700
vt 0.49321628 0.36791700
vt 0.49800479 0.36791700
vt 0.50279330 0.36791700
vt 0.50758180 0.36791700
vt 0.51237031 0.36791700
vt 0.51715882 0.36791700
vt 0.52194733 0.36791700
vt 0.52673583 0.36791700
vt 0.53152434 0.36791700
vt 0.53631285 0.36791700
vt 0.54110136 0.36791700
vt 0.54588986 0.36791700
vt 0.55067837 0.36791700
vt 0.55546688 0.36791700
vt 0.56025539 0.36791700
vt 0.56504389 0.36791700
vt 0.56983240 0.36791700
vt 0.57462091 0.36791700
vt 0.57940942 0.36791700
vt 0.58419792 0.36791700
vt 0.58898643 0.36791700
vt 0.59377494 0.36791700
vt 0.59856345 0.36791700
vt 0.60335196 0.36791700
vt 0.60814046 0.36791700
vt 0.61292897 0.36791700
vt 0.61771748 0.36791700
vt 0.62250599 0.36791700
vt 0.62729449 0.36791700
vt 0.32561852 0.36312849
vt 0.33040702 0.36312849
vt 0.33519553 0.36312849
vt 0.33998404 0.36312849
vt 0.34477255 0.36312849
vt 0.34956105 0.36312849
vt 0.35434956 0.36312849
vt 0.35913807 0.36312849
vt 0.36392658 0.36312849
vt 0.36871508 0.36312849
vt 0.37350359 0.36312849
vt 0.37829210 0.36312849
vt 0.38308061 0.36312849
vt 0.38786911 0.36312849
vt 0.39265762 0.36312849
vt 0.39744613 0.36312849
vt 0.40223464 0.36312849
vt 0.40702314 0.36312849
vt 0.41181165 0.36312849
vt 0.41660016 0.36312849
vt 0.42138867 0.36312849
vt 0.42617717 0.36312849
vt 0.43096568 0.36312849
vt 0.43575419 0.36312849
vt 0.44054270 0.36312849
vt 0.44533121 0.36312849
vt 0.45011971 0.36312849
vt 0.45490822 0.36312849
vt 0.45969673 0.36312849
vt 0.46448524 0.36312849
vt 0.46927374 0.36312849
vt 0.47406225 0.36312849
vt 0.47885076 0.36312849
vt 0.48363927 0.36312849
vt 0.48842777 0.36312849
vt 0.49321628 0.36312849
vt 0.49800479 0.36312849
vt 0.50279330 0.36312849
vt 0.50758180 0.36312849
vt 0.51237031 0.36312849
vt 0.51715882 0.36312849
vt 0.52194733 0.36312849
vt 0.52673583 0.36312849
vt 0.53152434 0.36312849
vt 0.53631285 0.36312849
vt 0.54110136 0.36312849
vt 0.54588986 0.36312849
vt 0.55067837 0.36312849
vt 0.55546688 0.36312849
vt 0.56025539 0.36312849
vt 0.56504389 0.36312849
vt 0.56983240 0.36312849
vt 0.57462091 0.36312849
vt 0.57940942 0.36312849
vt 0.58419792 0.36312849
vt 0.58898643 0.36312849
vt 0.59377494 0.36312849
vt 0.59856345 0.36312849
vt 0.60335196 0.36312849
vt 0.60814046 0.36312849
vt 0.61292897 0.36312849
vt 0.61771748 0.36312849
vt 0.62250599 0.36312849
vt 0.62729449 0.36312849
vt 0.31125299 0.35833998
vt 0.31604150 0.35833998
vt 0.32083001 0.35833998
vt 0.32561852 0.35833998
vt 0.33040702 0.35833998
vt 0.33519553 0.35833998
vt 0.33998404 0.35833998
vt 0.34477255 0.35833998
vt 0.34956105 0.35833998
vt 0.35434956 0.35833998
vt 0.35913807 0.35833998
vt 0.36392658 0.35833998
vt 0.36871508 0.35833998
vt 0.37350359 0.35833998
vt 0.37829210 0.35833998
vt 0.38308061 0.35833998
vt 0.38786911 0.35833998
vt 0.39265762 0.35833998
vt 0.39744613 0.35833998
vt 0.40223464 0.35833998
vt 0.40702314 0.35833998
vt 0.41181165 0.35833998
vt 0.41660016 0.35833998
vt 0.42138867 0.35833998
vt 0.42617717 0.35833998
vt 0.43096568 0.35833998
vt 0.43575419 0.35833998
vt 0.44054270 0.35833998
vt 0.44533121 0.35833998
vt 0.45011971 0.35833998
vt 0.45490822 0.35833998
vt 0.45969673 0.35833998
vt 0.46448524 0.35833998
vt 0.46927374 0.35833998
vt 0.47406225 0.35833998
vt 0.47885076 0.35833998
vt 0.48363927 0.35833998
vt 0.48842777 0.35833998
vt 0.49321628 0.35833998
vt 0.49800479 0.35833998
vt 0.50279330 0.35833998
vt 0.50758180 0.35833998
vt 0.51237031 0.35833998
vt 0.51715882 0.35833998
vt 0.52194733 0.35833998
vt 0.52673583 0.35833998
vt 0.53152434 0.35833998
vt 0.53631285 0.35833998
vt 0.54110136 0.35833998
vt 0.54588986 0.35833998
vt 0.55067837 0.35833998
vt 0.55546688 0.35833998
vt 0.56025539 0.35833998
vt 0.56504389 0.35833998
vt 0.56983240 0.35833998
vt 0.57462091 0.35833998
vt 0.57940942 0.35833998
vt 0.58419792 0.35833998
vt 0.58898643 0.35833998
vt 0.59377494 0.35833998
vt 0.59856345 0.35833998
vt 0.60335196 0.35833998
vt 0.60814046 0.35833998
vt 0.61292897 0.35833998
vt 0.61771748 0.35833998
vt 0.62250599 0.35833998
vt 0.62729449 0.35833998
vt 0.63208300 0.35833998
vt 0.30646449 0.35355148
vt 0.31125299 0.35355148
vt 0.31604150 0.35355148
vt 0.32083001 0.35355148
vt 0.32561852 0.35355148
vt 0.33040702 0.35355148
vt 0.33519553 0.35355148
vt 0.33998404 0.35355148
vt 0.34477255 0.35355148
vt 0.34956105 0.35355148
vt 0.35434956 0.35355148
vt 0.35913807 0.35355148
vt 0.36392658 0.35355148
vt 0.36871508 0.35355148
vt 0.37350359 0.35355148
vt 0.37829210 0.35355148
vt 0.38308061 0.35355148
vt 0.38786911 0.35355148
vt 0.39265762 0.35355148
vt 0.39744613 0.35355148
vt 0.40223464 0.35355148
vt 0.40702314 0.35355148
vt 0.41181165 0.35355148
vt 0.41660016 0.35355148
vt 0.42138867 0.35355148
vt 0.42617717 0.35355148
vt 0.43096568 0.35355148
vt 0.43575419 0.35355148
vt 0.44054270 0.35355148
vt 0.44533121 0.35355148
vt 0.45011971 0.35355148
vt 0.45490822 0.35355148
vt 0.45969673 0.35355148
vt 0.46448524 0.35355148
vt 0.46927374 0.35355148
vt 0.47406225 0.35355148
vt 0.47885076 0.35355148
vt 0.48363927 0.35355148
vt 0.48842777 0.35355148
vt 0.49321628 0.35355148
vt 0.49800479 0.35355148
vt 0.50279330 0.35355148
vt 0.50758180 0.35355148
vt 0.51237031 0.35355148
vt 0.51715882 0.35355148
vt 0.52194733 0.35355148
vt 0.52673583 0.35355148
vt 0.53152434 0.35355148
vt 0.53631285 0.35355148
vt 0.54110136 0.35355148
vt 0.54588986 0.35355148
vt 0.55067837 0.35355148
vt 0.55546688 0.35355148
vt 0.56025539 0.35355148
vt 0.56504389 0.35355148
vt 0.56983240 0.35355148
vt 0.57462091 0.35355148
vt 0.57940942 0.35355148
vt 0.58419792 0.35355148
vt 0.58898643 0.35355148
vt 0.59377494 0.35355148
vt 0.59856345 0.35355148
vt 0.60335196 0.35355148
vt 0.60814046 0.35355148
vt 0.61292897 0.35355148
vt 0.61771748 0.35355148
vt 0.62250599 0.35355148
vt 0.62729449 0.35355148
vt 0.63208300 0.35355148
vt 0.30167598 0.34876297
vt 0.30646449 0.34876297
vt 0.31125299 0.34876297
vt 0.31604150 0.34876297
vt 0.32083001 0.34876297
vt 0.32561852 0.34876297
vt 0.33040702 0.34876297
vt 0.33519553 0.34876297
vt 0.33998404 0.34876297
vt 0.34477255 0.34876297
vt 0.34956105 0.34876297
vt 0.35434956 0.34876297
vt 0.35913807 0.34876297
vt 0.36392658 0.34876297
vt 0.36871508 0.34876297
vt 0.37350359 0.34876297
vt 0.37829210 0.34876297
vt 0.38308061 0.34876297
vt 0.38786911 0.34876297
vt 0.39265762 0.34876297
vt 0.39744613 0.34876297
vt 0.40223464 0.34876297
vt 0.40702314 0.34876297
vt 0.41181165 0.34876297
vt 0.41660016 0.34876297
vt 0.42138867 0.34876297
vt 0.42617717 0.34876297
vt 0.43096568 0.34876297
vt 0.43575419 0.34876297
vt 0.44054270 0.34876297
vt 0.44533121 0.34876297
vt 0.45011971 0.34876297
vt 0.45490822 0.34876297
vt 0.45969673 0.34876297
vt 0.46448524 0.34876297
vt 0.46927374 0.34876297
vt 0.47406225 0.34876297
vt 0.47885076 0.34876297
vt 0.48363927 0.34876297
vt 0.48842777 0.34876297
vt 0.49321628 0.34876297
vt 0.49800479 0.34876297
vt 0.50279330 0.34876297
vt 0.50758180 0.34876297
vt 0.51237031 0.34876297
vt 0.51715882 0.34876297
vt 0.52194733 0.34876297
vt 0.52673583 0.34876297
vt 0.53152434 0.34876297
vt 0.53631285 0.34876297
vt 0.54110136 0.34876297
vt 0.54588986 0.34876297
vt 0.55067837 0.34876297
vt 0.55546688 0.34876297
vt 0.56025539 0.34876297
vt 0.56504389 0.34876297
vt 0.56983240 0.34876297
vt 0.57462091 0.34876297
vt 0.57940942 0.34876297
vt 0.58419792 0.34876297
vt 0.58898643 0.34876297
vt 0.59377494 0.34876297
vt 0.59856345 0.34876297
vt 0.60335196 0.34876297
vt 0.60814046 0.34876297
vt 0.61292897 0.34876297
vt 0.61771748 0.34876297
vt 0.62250599 0.34876297
vt 0.62729449 0.34876297
vt 0.63208300 0.34876297
vt 0.63687151 0.34876297
vt 0.29688747 0.34397446
vt 0.30167598 0.34397446
vt 0.30646449 0.34397446
vt 0.31125299 0.34397446
vt 0.31604150 0.34397446
vt 0.32083001 0.34397446
vt 0.32561852 0.34397446
vt 0.33040702 0.34397446
vt 0.33519553 0.34397446
vt 0.33998404 0.34397446
vt 0.34477255 0.34397446
vt 0.34956105 0.34397446
vt 0.35434956 0.34397446
vt 0.35913807 0.34397446
vt 0.36392658 0.34397446
vt 0.36871508 0.34397446
vt 0.37350359 0.34397446
vt 0.37829210 0.34397446
vt 0.38308061 0.34397446
vt 0.38786911 0.34397446
vt 0.39265762 0.34397446
vt 0.39744613 0.34397446
vt 0.40223464 0.34397446
vt 0.40702314 0.34397446
vt 0.41181165 0.34397446
vt 0.41660016 0.34397446
vt 0.42138867 0.34397446
vt 0.42617717 0.34397446
vt 0.43096568 0.34397446
vt 0.43575419 0.34397446
vt 0.44054270 0.34397446
vt 0.44533121 0.34397446
vt 0.45011971 0.34397446
vt 0.45490822 0.34397446
vt 0.45969673 0.34397446
vt 0.46448524 0.34397446
vt 0.46927374 0.34397446
vt 0.47406225 0.34397446
vt 0.47885076 0.34397446
vt 0.48363927 0.34397446
vt 0.48842777 0.34397446
vt 0.49321628 0.34397446
vt 0.49800479 0.34397446
vt 0.50279330 0.34397446
vt 0.50758180 0.34397446
vt 0.51237031 0.34397446
vt 0.51715882 0.34397446
vt 0.52194733 0.34397446
vt 0.52673583 0.34397446
vt 0.53152434 0.34397446
vt 0.53631285 0.34397446
vt 0.54110136 0.34397446
vt 0.54588986 0.34397446
vt 0.55067837 0.34397446
vt 0.55546688 0.34397446
vt 0.56025539 0.34397446
vt 0.56504389 0.34397446
vt 0.56983240 0.34397446
vt 0.57462091 0.34397446
vt 0.57940942 0.34397446
vt 0.58419792 0.34397446
vt 0.58898643 0.34397446
vt 0.59377494 0.34397446
vt 0.59856345 0.34397446
vt 0.60335196 0.34397446
vt 0.60814046 0.34397446
vt 0.61292897 0.34397446
vt 0.61771748 0.34397446
vt 0.62250599 0.34397446
vt 0.62729449 0.34397446
vt 0.63208300 0.34397446
vt 0.63687151 0.34397446
vt 0.65602554 0.34397446
vt 0.29209896 0.33918595
vt 0.29688747 0.33918595
vt 0.30167598 0.33918595
vt 0.30646449 0.33918595
vt 0.31125299 0.33918595
vt 0.31604150 0.33918595
vt 0.32083001 0.33918595
vt 0.32561852 0.33918595
vt 0.33040702 0.33918595
vt 0.33519553 0.33918595
vt 0.33998404 0.33918595
vt 0.34477255 0.33918595
vt 0.34956105 0.33918595
vt 0.35434956 0.33918595
vt 0.35913807 0.33918595
vt 0.36392658 0.33918595
vt 0.36871508 0.33918595
vt 0.37350359 0.33918595
vt 0.37829210 0.33918595
vt 0.38308061 0.33918595
vt 0.38786911 0.33918595
vt 0.39265762 0.33918595
vt 0.39744613 0.33918595
vt 0.40223464 0.33918595
vt 0.40702314 0.33918595
vt 0.41181165 0.33918595
vt 0.41660016 0.33918595
vt 0.42138867 0.33918595
vt 0.42617717 0.33918595
vt 0.43096568 0.33918595
vt 0.43575419 0.33918595
vt 0.44054270 0.33918595
vt 0.44533121 0.33918595
vt 0.45011971 0.33918595
vt 0.45490822 0.33918595
vt 0.45969673 0.33918595
vt 0.46448524 0.33918595
vt 0.46927374 0.33918595
vt 0.47406225 0.33918595
vt 0.47885076 0.33918595
vt 0.48363927 0.33918595
vt 0.48842777 0.33918595
vt 0.49321628 0.33918595
vt 0.49800479 0.33918595
vt 0.50279330 0.33918595
vt 0.50758180 0.33918595
vt 0.51237031 0.33918595
vt 0.51715882 0.33918595
vt 0.52194733 0.33918595
vt 0.52673583 0.33918595
vt 0.53152434 0.33918595
vt 0.53631285 0.33918595
vt 0.54110136 0.33918595
vt 0.54588986 0.33918595
vt 0.55067837 0.33918595
vt 0.55546688 0.33918595
vt 0.56025539 0.33918595
vt 0.56504389 0.33918595
vt 0.56983240 0.33918595
vt 0.57462091 0.33918595
vt 0.57940942 0.33918595
vt 0.58419792 0.33918595
vt 0.58898643 0.33918595
vt 0.59377494 0.33918595
vt 0.59856345 0.33918595
vt 0.60335196 0.33918595
vt 0.60814046 0.33918595
vt 0.61292897 0.33918595
vt 0.61771748 0.33918595
vt 0.62250599 0.33918595
vt 0.62729449 0.33918595
vt 0.63208300 0.33918595
vt 0.63687151 0.33918595
vt 0.64166002 0.33918595
vt 0.64644852 0.33918595
vt 0.65123703 0.33918595
vt 0.65602554 0.33918595
vt 0.66081405 0.33918595
vt 0.29209896 0.33439745
vt 0.29688747 0.33439745
vt 0.30167598 0.33439745
vt 0.30646449 0.33439745
vt 0.31125299 0.33439745
vt 0.31604150 0.33439745
vt 0.32083001 0.33439745
vt 0.32561852 0.33439745
vt 0.33040702 0.33439745
vt 0.33519553 0.33439745
vt 0.33998404 0.33439745
vt 0.34477255 0.33439745
vt 0.34956105 0.33439745
vt 0.35434956 0.33439745
vt 0.35913807 0.33439745
vt 0.36392658 0.33439745
vt 0.36871508 0.33439745
vt 0.37350359 0.33439745
vt 0.37829210 0.33439745
vt 0.38308061 0.33439745
vt 0.38786911 0.33439745
vt 0.39265762 0.33439745
vt 0.39744613 0.33439745
vt 0.40223464 0.33439745
vt 0.40702314 0.33439745
vt 0.41181165 0.33439745
vt 0.41660016 0.33439745
vt 0.42138867 0.33439745
vt 0.42617717 0.33439745
vt 0.43096568 0.33439745
vt 0.43575419 0.33439745
vt 0.44054270 0.33439745
vt 0.44533121 0.33439745
vt 0.45011971 0.33439745
vt 0.45490822 0.33439745
vt 0.45969673 0.33439745
vt 0.46448524 0.33439745
vt 0.46927374 0.33439745
vt 0.47406225 0.33439745
vt 0.47885076 0.33439745
vt 0.48363927 0.33439745
vt 0.48842777 0.33439745
vt 0.49321628 0.33439745
vt 0.49800479 0.33439745
vt 0.50279330 0.33439745
vt 0.50758180 0.33439745
vt 0.51237031 0.33439745
vt 0.51715882 0.33439745
vt 0.52194733 0.33439745
vt 0.52673583 0.33439745
vt 0.53152434 0.33439745
vt 0.53631285 0.33439745
vt 0.54110136 0.33439745
vt 0.54588986 0.33439745
vt 0.55067837 0.33439745
vt 0.55546688 0.33439745
vt 0.56025539 0.33439745
vt 0.56504389 0.33439745
vt 0.56983240 0.33439745
vt 0.57462091 0.33439745
vt 0.57940942 0.33439745
vt 0.58419792 0.33439745
vt 0.58898643 0.33439745
vt 0.59377494 0.33439745
vt 0.59856345 0.33439745
vt 0.60335196 0.33439745
vt 0.60814046 0.33439745
vt 0.61292897 0.33439745
vt 0.61771748 0.33439745
vt 0.62250599 0.33439745
vt 0.62729449 0.33439745
vt 0.63208300 0.33439745
vt 0.63687151 0.33439745
vt 0.64166002 0.33439745
vt 0.64644852 0.33439745
vt 0.65123703 0.33439745
vt 0.65602554 0.33439745
vt 0.66081405 0.33439745
vt 0.66560255 0.33439745
vt 0.28731045 0.32960894
vt 0.29209896 0.32960894
vt 0.29688747 0.32960894
vt 0.30167598 0.32960894
vt 0.30646449 0.32960894
vt 0.31125299 0.32960894
vt 0.31604150 0.32960894
vt 0.32083001 0.32960894
vt 0.32561852 0.32960894
vt 0.33040702 0.32960894
vt 0.33519553 0.32960894
vt 0.33998404 0.32960894
vt 0.34477255 0.32960894
vt 0.34956105 0.32960894
vt 0.35434956 0.32960894
vt 0.35913807 0.32960894
vt 0.36392658 0.32960894
vt 0.36871508 0.32960894
vt 0.37350359 0.32960894
vt 0.37829210 0.32960894
vt 0.38308061 0.32960894
vt 0.38786911 0.32960894
vt 0.39265762 0.32960894
vt 0.39744613 0.32960894
vt 0.40223464 0.32960894
vt 0.40702314 0.32960894
vt 0.41181165 0.32960894
vt 0.41660016 0.32960894
vt 0.42138867 0.32960894
vt 0.42617717 0.32960894
vt 0.43096568 0.32960894
vt 0.43575419 0.32960894
vt 0.44054270 0.32960894
vt 0.44533121 0.32960894
vt 0.45011971 0.32960894
vt 0.45490822 0.32960894
vt 0.45969673 0.32960894
vt 0.46448524 0.32960894
vt 0.46927374 0.32960894
vt 0.47406225 0.32960894
vt 0.47885076 0.32960894
vt 0.48363927 0.32960894
vt 0.48842777 0.32960894
vt 0.49321628 0.32960894
vt 0.49800479 0.32960894
vt 0.50279330 0.32960894
vt 0.50758180 0.32960894
vt 0.51237031 0.32960894
vt 0.51715882 0.32960894
vt 0.52194733 0.32960894
vt 0.52673583 0.32960894
vt 0.53152434 0.32960894
vt 0.53631285 0.32960894
vt 0.54110136 0.32960894
vt 0.54588986 0.32960894
vt 0.55067837 0.32960894
vt 0.55546688 0.32960894
vt 0.56025539 0.32960894
vt 0.56504389 0.32960894
vt 0.56983240 0.32960894
vt 0.57462091 0.32960894
vt 0.57940942 0.32960894
vt 0.58419792 0.32960894
vt 0.58898643 0.32960894
vt 0.59377494 0.32960894
vt 0.59856345 0.32960894
vt 0.60335196 0.32960894
vt 0.60814046 0.32960894
vt 0.61292897 0.32960894
vt 0.61771748 0.32960894
vt 0.62250599 0.32960894
vt 0.62729449 0.32960894
vt 0.63208300 0.32960894
vt 0.63687151 0.32960894
vt 0.64166002 0.32960894
vt 0.64644852 0.32960894
vt 0.65123703 0.32960894
vt 0.65602554 0.32960894
vt 0.66081405 0.32960894
vt 0.66560255 0.32960894
vt 0.67039106 0.32960894
vt 0.27773344 0.32482043
vt 0.28252195 0.32482043
vt 0.28731045 0.32482043
vt 0.29209896 0.32482043
vt 0.29688747 0.32482043
vt 0.30167598 0.32482043
vt 0.30646449 0.32482043
vt 0.31125299 0.32482043
vt 0.31604150 0.32482043
vt 0.32083001 0.32482043
vt 0.32561852 0.32482043
vt 0.33040702 0.32482043
vt 0.33519553 0.32482043
vt 0.33998404 0.32482043
vt 0.34477255 0.32482043
vt 0.34956105 0.32482043
vt 0.35434956 0.32482043
vt 0.35913807 0.32482043
vt 0.36392658 0.32482043
vt 0.36871508 0.32482043
vt 0.37350359 0.32482043
vt 0.37829210 0.32482043
vt 0.38308061 0.32482043
vt 0.38786911 0.32482043
vt 0.39265762 0.32482043
vt 0.39744613 0.32482043
vt 0.40223464 0.32482043
vt 0.40702314 0.32482043
vt 0.41181165 0.32482043
vt 0.41660016 0.32482043
vt 0.42138867 0.32482043
vt 0.42617717 0.32482043
vt 0.43096568 0.32482043
vt 0.43575419 0.32482043
vt 0.44054270 0.32482043
vt 0.44533121 0.32482043
vt 0.45011971 0.32482043
vt 0.45490822 0.32482043
vt 0.45969673 0.32482043
vt 0.46448524 0.32482043
vt 0.46927374 0.32482043
vt 0.47406225 0.32482043
vt 0.47885076 0.32482043
vt 0.48363927 0.32482043
vt 0.48842777 0.32482043
vt 0.49321628 0.32482043
vt 0.49800479 0.32482043
vt 0.50279330 0.32482043
vt 0.50758180 0.32482043
vt 0.51237031 0.32482043
vt 0.51715882 0.32482043
vt 0.52194733 0.32482043
vt 0.52673583 0.32482043
vt 0.53152434 0.32482043
vt 0.53631285 0.32482043
vt 0.54110136 0.32482043
vt 0.54588986 0.32482043
vt 0.55067837 0.32482043
vt 0.55546688 0.32482043
vt 0.56025539 0.32482043
vt 0.56504389 0.32482043
vt 0.56983240 0.32482043
vt 0.57462091 0.32482043
vt 0.57940942 0.32482043
vt 0.58419792 0.32482043
vt 0.58898643 0.32482043
vt 0.59377494 0.32482043
vt 0.59856345 0.32482043
vt 0.60335196 0.32482043
vt 0.60814046 0.32482043
vt 0.61292897 0.32482043
vt 0.61771748 0.32482043
vt 0.62250599 0.32482043
vt 0.62729449 0.32482043
vt 0.63208300 0.32482043
vt 0.63687151 0.32482043
vt 0.64166002 0.32482043
vt 0.64644852 0.32482043
vt 0.65123703 0.32482043
vt 0.65602554 0.32482043
vt 0.66081405 0.32482043
vt 0.66560255 0.32482043
vt 0.67039106 0.32482043
vt 0.27773344 0.32003192
vt 0.28252195 0.32003192
vt 0.28731045 0.32003192
vt 0.29209896 0.32003192
vt 0.29688747 0.32003192
vt 0.30167598 0.32003192
vt 0.30646449 0.32003192
vt 0.31125299 0.32003192
vt 0.31604150 0.32003192
vt 0.32083001 0.32003192
vt 0.32561852 0.32003192
vt 0.33040702 0.32003192
vt 0.33519553 0.32003192
vt 0.33998404 0.32003192
vt 0.34477255 0.32003192
vt 0.34956105 0.32003192
vt 0.35434956 0.32003192
vt 0.35913807 0.32003192
vt 0.36392658 0.32003192
vt 0.36871508 0.32003192
vt 0.37350359 0.32003192
vt 0.37829210 0.32003192
vt 0.38308061 0.32003192
vt 0.38786911 0.32003192
vt 0.39265762 0.32003192
vt 0.39744613 0.32003192
vt 0.40223464 0.32003192
vt 0.40702314 0.32003192
vt 0.41181165 0.32003192
vt 0.41660016 0.32003192
vt 0.42138867 0.32003192
vt 0.42617717 0.32003192
vt 0.43096568 0.32003192
vt 0.43575419 0.32003192
vt 0.44054270 0.32003192
vt 0.44533121 0.32003192
vt 0.45011971 0.32003192
vt 0.45490822 0.32003192
vt 0.45969673 0.32003192
vt 0.46448524 0.32003192
vt 0.46927374 0.32003192
vt 0.47406225 0.32003192
vt 0.47885076 0.32003192
vt 0.48363927 0.32003192
vt 0.48842777 0.32003192
vt 0.49321628 0.32003192
vt 0.49800479 0.32003192
vt 0.50279330 0.32003192
vt 0.50758180 0.32003192
vt 0.51237031 0.32003192
vt 0.51715882 0.32003192
vt 0.52194733 0.32003192
vt 0.52673583 0.32003192
vt 0.53152434 0.32003192
vt 0.53631285 0.32003192
vt 0.54110136 0.32003192
vt 0.54588986 0.32003192
vt 0.55067837 0.32003192
vt 0.55546688 0.32003192
vt 0.56025539 0.32003192
vt 0.56504389 0.32003192
vt 0.56983240 0.32003192
vt 0.57462091 0.32003192
vt 0.57940942 0.32003192
vt 0.58419792 0.32003192
vt 0.58898643 0.32003192
vt 0.59377494 0.32003192
vt 0.59856345 0.32003192
vt 0.60335196 0.32003192
vt 0.60814046 0.32003192
vt 0.61292897 0.32003192
vt 0.61771748 0.32003192
vt 0.62250599 0.32003192
vt 0.62729449 0.32003192
vt 0.63208300 0.32003192
vt 0.63687151 0.32003192
vt 0.64166002 0.32003192
vt 0.64644852 0.32003192
vt 0.65123703 0.32003192
vt 0.65602554 0.32003192
vt 0.66081405 0.32003192
vt 0.66560255 0.32003192
vt 0.67039106 0.32003192
vt 0.67517957 0.32003192
vt 0.27773344 0.31524342
vt 0.28252195 0.31524342
vt 0.28731045 0.31524342
vt 0.29209896 0.31524342
vt 0.29688747 0.31524342
vt 0.30167598 0.31524342
vt 0.30646449 0.31524342
vt 0.31125299 0.31524342
vt 0.31604150 0.31524342
vt 0.32083001 0.31524342
vt 0.32561852 0.31524342
vt 0.33040702 0.31524342
vt 0.33519553 0.31524342
vt 0.33998404 0.31524342
vt 0.34477255 0.31524342
vt 0.34956105 0.31524342
vt 0.35434956 0.31524342
vt 0.35913807 0.31524342
vt 0.36392658 0.31524342
vt 0.36871508 0.31524342
vt 0.37350359 0.31524342
vt 0.37829210 0.31524342
vt 0.38308061 0.31524342
vt 0.38786911 0.31524342
vt 0.39265762 0.31524342
vt 0.39744613 0.31524342
vt 0.40223464 0.31524342
vt 0.40702314 0.31524342
vt 0.41181165 0.31524342
vt 0.41660016 0.31524342
vt 0.42138867 0.31524342
vt 0.42617717 0.31524342
vt 0.43096568 0.31524342
vt 0.43575419 0.31524342
vt 0.44054270 0.31524342
vt 0.44533121 0.31524342
vt 0.45011971 0.31524342
vt 0.45490822 0.31524342
vt 0.45969673 0.31524342
vt 0.46448524 0.31524342
vt 0.46927374 0.31524342
vt 0.47406225 0.31524342
vt 0.47885076 0.31524342
vt 0.48363927 0.31524342
vt 0.48842777 0.31524342
vt 0.49321628 0.31524342
vt 0.49800479 0.31524342
vt 0.50279330 0.31524342
vt 0.50758180 0.31524342
vt 0.51237031 0.31524342
vt 0.51715882 0.31524342
vt 0.52194733 0.31524342
vt 0.52673583 0.31524342
vt 0.53152434 0.31524342
vt 0.53631285 0.31524342
vt 0.54110136 0.31524342
vt 0.54588986 0.31524342
vt 0.55067837 0.31524342
vt 0.55546688 0.31524342
vt 0.56025539 0.31524342
vt 0.56504389 0.31524342
vt 0.56983240 0.31524342
vt 0.57462091 0.31524342
vt 0.57940942 0.31524342
vt 0.58419792 0.31524342
vt 0.58898643 0.31524342
vt 0.59377494 0.31524342
vt 0.59856345 0.31524342
vt 0.60335196 0.31524342
vt 0.60814046 0.31524342
vt 0.61292897 0.31524342
vt 0.61771748 0.31524342
vt 0.62250599 0.31524342
vt 0.62729449 0.31524342
vt 0.63208300 0.31524342
vt 0.63687151 0.31524342
vt 0.64166002 0.31524342
vt 0.64644852 0.31524342
vt 0.65123703 0.31524342
vt 0.65602554 0.31524342
vt 0.66081405 0.31524342
vt 0.66560255 0.31524342
vt 0.67039106 0.31524342
vt 0.67517957 0.31524342
vt 0.27773344 0.31045491
vt 0.28252195 0.31045491
vt 0.28731045 0.31045491
vt 0.29209896 0.31045491
vt 0.29688747 0.31045491
vt 0.30167598 0.31045491
vt 0.30646449 0.31045491
vt 0.31125299 0.31045491
vt 0.31604150 0.31045491
vt 0.32083001 0.31045491
vt 0.32561852 0.31045491
vt 0.33040702 0.31045491
vt 0.33519553 0.31045491
vt 0.33998404 0.31045491
vt 0.34477255 0.31045491
vt 0.34956105 0.31045491
vt 0.35434956 0.31045491
vt 0.35913807 0.31045491
vt 0.36392658 0.31045491
vt 0.36871508 0.31045491
vt 0.37350359 0.31045491
vt 0.37829210 0.31045491
vt 0.38308061 0.31045491
vt 0.38786911 0.31045491
vt 0.39265762 0.31045491
vt 0.39744613 0.31045491
vt 0.40223464 0.31045491
vt 0.40702314 0.31045491
vt 0.41181165 0.31045491
vt 0.41660016 0.31045491
vt 0.42138867 0.31045491
vt 0.42617717 0.31045491
vt 0.43096568 0.31045491
vt 0.43575419 0.31045491
vt 0.44054270 0.31045491
vt 0.44533121 0.31045491
vt 0.45011971 0.31045491
vt 0.45490822 0.31045491
vt 0.45969673 0.31045491
vt 0.46448524 0.31045491
vt 0.46927374 0.31045491
vt 0.47406225 0.31045491
vt 0.47885076 0.31045491
vt 0.48363927 0.31045491
vt 0.48842777 0.31045491
vt 0.49321628 0.31045491
vt 0.49800479 0.31045491
vt 0.50279330 0.31045491
vt 0.50758180 0.31045491
vt 0.51237031 0.31045491
vt 0.51715882 0.31045491
vt 0.52194733 0.31045491
vt 0.52673583 0.31045491
vt 0.53152434 0.31045491
vt 0.53631285 0.31045491
vt 0.54110136 0.31045491
vt 0.54588986 0.31045491
vt 0.55067837 0.31045491
vt 0.55546688 0.31045491
vt 0.56025539 0.31045491
vt 0.56504389 0.31045491
vt 0.56983240 0.31045491
vt 0.57462091 0.31045491
vt 0.57940942 0.31045491
vt 0.58419792 0.31045491
vt 0.58898643 0.31045491
vt 0.59377494 0.31045491
vt 0.59856345 0.31045491
vt 0.60335196 0.31045491
vt 0.60814046 0.31045491
vt 0.61292897 0.31045491
vt 0.61771748 0.31045491
vt 0.62250599 0.31045491
vt 0.62729449 0.31045491
vt 0.63208300 0.31045491
vt 0.63687151 0.31045491
vt 0.64166002 0.31045491
vt 0.64644852 0.31045491
vt 0.65123703 0.31045491
vt 0.65602554 0.31045491
vt 0.66081405 0.31045491
vt 0.66560255 0.31045491
vt 0.67039106 0.31045491
vt 0.67517957 0.31045491
vt 0.67996808 0.31045491
vt 0.27773344 0.30566640
vt 0.28252195 0.30566640
vt 0.28731045 0.30566640
vt 0.29209896 0.30566640
vt 0.29688747 0.30566640
vt 0.30167598 0.30566640
vt 0.30646449 0.30566640
vt 0.31125299 0.30566640
vt 0.31604150 0.30566640
vt 0.32083001 0.30566640
vt 0.32561852 0.30566640
vt 0.33040702 0.30566640
vt 0.33519553 0.30566640
vt 0.33998404 0.30566640
vt 0.34477255 0.30566640
vt 0.34956105 0.30566640
vt 0.35434956 0.30566640
vt 0.35913807 0.30566640
vt 0.36392658 0.30566640
vt 0.36871508 0.30566640
vt 0.37350359 0.30566640
vt 0.37829210 0.30566640
vt 0.38308061 0.30566640
vt 0.38786911 0.30566640
vt 0.39265762 0.30566640
vt 0.39744613 0.30566640
vt 0.40223464 0.30566640
vt 0.40702314 0.30566640
vt 0.41181165 0.30566640
vt 0.41660016 0.30566640
vt 0.42138867 0.30566640
vt 0.42617717 0.30566640
vt 0.43096568 0.30566640
vt 0.43575419 0.30566640
vt 0.44054270 0.30566640
vt 0.44533121 0.30566640
vt 0.45011971 0.30566640
vt 0.45490822 0.30566640
vt 0.45969673 0.30566640
vt 0.46448524 0.30566640
vt 0.46927374 0.30566640
vt 0.47406225 0.30566640
vt 0.47885076 0.30566640
vt 0.48363927 0.30566640
vt 0.48842777 0.30566640
vt 0.49321628 0.30566640
vt 0.49800479 0.30566640
vt 0.50279330 0.30566640
vt 0.50758180 0.30566640
vt 0.51237031 0.30566640
vt 0.51715882 0.30566640
vt 0.52194733 0.30566640
vt 0.52673583 0.30566640
vt 0.53152434 0.30566640
vt 0.53631285 0.30566640
vt 0.54110136 0.30566640
vt 0.54588986 0.30566640
vt 0.55067837 0.30566640
vt 0.55546688 0.30566640
vt 0.56025539 0.30566640
vt 0.56504389 0.30566640
vt 0.56983240 0.30566640
vt 0.57462091 0.30566640
vt 0.57940942 0.30566640
vt 0.58419792 0.30566640
vt 0.58898643 0.30566640
vt 0.59377494 0.30566640
vt 0.59856345 0.30566640
vt 0.60335196 0.30566640
vt 0.60814046 0.30566640
vt 0.61292897 0.30566640
vt 0.61771748 0.30566640
vt 0.62250599 0.30566640
vt 0.62729449 0.30566640
vt 0.63208300 0.30566640
vt 0.63687151 0.30566640
vt 0.64166002 0.30566640
vt 0.64644852 0.30566640
vt 0.65123703 0.30566640
vt 0.65602554 0.30566640
vt 0.66081405 0.30566640
vt 0.66560255 0.30566640
vt 0.67039106 0.30566640
vt 0.67517957 0.30566640
vt 0.67996808 0.30566640
vt 0.68475658 0.30566640
vt 0.27294493 0.30087789
vt 0.27773344 0.30087789
vt 0.28252195 0.30087789
vt 0.28731045 0.30087789
vt 0.29209896 0.30087789
vt 0.29688747 0.30087789
vt 0.30167598 0.30087789
vt 0.30646449 0.30087789
vt 0.31125299 0.30087789
vt 0.31604150 0.30087789
vt 0.32083001 0.30087789
vt 0.32561852 0.30087789
vt 0.33040702 0.30087789
vt 0.33519553 0.30087789
vt 0.33998404 0.30087789
vt 0.34477255 0.30087789
vt 0.34956105 0.30087789
vt 0.35434956 0.30087789
vt 0.35913807 0.30087789
vt 0.36392658 0.30087789
vt 0.36871508 0.30087789
vt 0.37350359 0.30087789
vt 0.37829210 0.30087789
vt 0.38308061 0.30087789
vt 0.38786911 0.30087789
vt 0.39265762 0.30087789
vt 0.39744613 0.30087789
vt 0.40223464 0.30087789
vt 0.40702314 0.30087789
vt 0.41181165 0.30087789
vt 0.41660016 0.30087789
vt 0.42138867 0.30087789
vt 0.42617717 0.30087789
vt 0.43096568 0.30087789
vt 0.43575419 0.30087789
vt 0.44054270 0.30087789
vt 0.44533121 0.30087789
vt 0.45011971 0.30087789
vt 0.45490822 0.30087789
vt 0.45969673 0.30087789
vt 0.46448524 0.30087789
vt 0.46927374 0.30087789
vt 0.47406225 0.30087789
vt 0.47885076 0.30087789
vt 0.48363927 0.30087789
vt 0.48842777 0.30087789
vt 0.49321628 0.30087789
vt 0.49800479 0.30087789
vt 0.50279330 0.30087789
vt 0.50758180 0.30087789
vt 0.51237031 0.30087789
vt 0.51715882 0.30087789
vt 0.52194733 0.30087789
vt 0.52673583 0.30087789
vt 0.53152434 0.30087789
vt 0.53631285 0.30087789
vt 0.54110136 0.30087789
vt 0.54588986 0.30087789
vt 0.55067837 0.30087789
vt 0.55546688 0.30087789
vt 0.56025539 0.30087789
vt 0.56504389 0.30087789
vt 0.56983240 0.30087789
vt 0.57462091 0.30087789
vt 0.57940942 0.30087789
vt 0.58419792 0.30087789
vt 0.58898643 0.30087789
vt 0.59377494 0.30087789
vt 0.59856345 0.30087789
vt 0.60335196 0.30087789
vt 0.60814046 0.30087789
vt 0.61292897 0.30087789
vt 0.61771748 0.30087789
vt 0.62250599 0.30087789
vt 0.62729449 0.30087789
vt 0.63208300 0.30087789
vt 0.63687151 0.30087789
vt 0.64166002 0.30087789
vt 0.64644852 0.30087789
vt 0.65123703 0.30087789
vt 0.65602554 0.30087789
vt 0.66081405 0.30087789
vt 0.66560255 0.30087789
vt 0.67039106 0.30087789
vt 0.67517957 0.30087789
vt 0.67996808 0.30087789
vt 0.68475658 0.30087789
vt 0.27294493 0.29608939
vt 0.27773344 0.29608939
vt 0.28252195 0.29608939
vt 0.28731045 0.29608939
vt 0.29209896 0.29608939
vt 0.29688747 0.29608939
vt 0.30167598 0.29608939
vt 0.30646449 0.29608939
vt 0.31125299 0.29608939
vt 0.31604150 0.29608939
vt 0.32083001 0.29608939
vt 0.32561852 0.29608939
vt 0.33040702 0.29608939
vt 0.33519553 0.29608939
vt 0.33998404 0.29608939
vt 0.34477255 0.29608939
vt 0.34956105 0.29608939
vt 0.35434956 0.29608939
vt 0.35913807 0.29608939
vt 0.36392658 0.29608939
vt 0.36871508 0.29608939
vt 0.37350359 0.29608939
vt 0.37829210 0.29608939
vt 0.38308061 0.29608939
vt 0.38786911 0.29608939
vt 0.39265762 0.29608939
vt 0.39744613 0.29608939
vt 0.40223464 0.29608939
vt 0.40702314 0.29608939
vt 0.41181165 0.29608939
vt 0.41660016 0.29608939
vt 0.42138867 0.29608939
vt 0.42617717 0.29608939
vt 0.43096568 0.29608939
vt 0.43575419 0.29608939
vt 0.44054270 0.29608939
vt 0.44533121 0.29608939
vt 0.45011971 0.29608939
vt 0.45490822 0.29608939
vt 0.45969673 0.29608939
vt 0.46448524 0.29608939
vt 0.46927374 0.29608939
vt 0.47406225 0.29608939
vt 0.47885076 0.29608939
vt 0.48363927 0.29608939
vt 0.48842777 0.29608939
vt 0.49321628 0.29608939
vt 0.49800479 0.29608939
vt 0.50279330 0.29608939
vt 0.50758180 0.29608939
vt 0.51237031 0.29608939
vt 0.51715882 0.29608939
vt 0.52194733 0.29608939
vt 0.52673583 0.29608939
vt 0.53152434 0.29608939
vt 0.53631285 0.29608939
vt 0.54110136 0.29608939
vt 0.54588986 0.29608939
vt 0.55067837 0.29608939
vt 0.55546688 0.29608939
vt 0.56025539 0.29608939
vt 0.56504389 0.29608939
vt 0.56983240 0.29608939
vt 0.57462091 0.29608939
vt 0.57940942 0.29608939
vt 0.58419792 0.29608939
vt 0.58898643 0.29608939
vt 0.59377494 0.29608939
vt 0.59856345 0.29608939
vt 0.60335196 0.29608939
vt 0.60814046 0.29608939
vt 0.61292897 0.29608939
vt 0.61771748 0.29608939
vt 0.62250599 0.29608939
vt 0.62729449 0.29608939
vt 0.63208300 0.29608939
vt 0.63687151 0.29608939
vt 0.64166002 0.29608939
vt 0.64644852 0.29608939
vt 0.65123703 0.29608939
vt 0.65602554 0.29608939
vt 0.66081405 0.29608939
vt 0.66560255 0.29608939
vt 0.67039106 0.29608939
vt 0.67517957 0.29608939
vt 0.67996808 0.29608939
vt 0.68475658 0.29608939
vt 0.27294493 0.29130088
vt 0.27773344 0.29130088
vt 0.28252195 0.29130088
vt 0.28731045 0.29130088
vt 0.29209896 0.29130088
vt 0.29688747 0.29130088
vt 0.30167598 0.29130088
vt 0.30646449 0.29130088
vt 0.31125299 0.29130088
vt 0.31604150 0.29130088
vt 0.32083001 0.29130088
vt 0.32561852 0.29130088
vt 0.33040702 0.29130088
vt 0.33519553 0.29130088
vt 0.33998404 0.29130088
vt 0.34477255 0.29130088
vt 0.34956105 0.29130088
vt 0.35434956 0.29130088
vt 0.35913807 0.29130088
vt 0.36392658 0.29130088
vt 0.36871508 0.29130088
vt 0.37350359 0.29130088
vt 0.37829210 0.29130088
vt 0.38308061 0.29130088
vt 0.38786911 0.29130088
vt 0.39265762 0.29130088
vt 0.39744613 0.29130088
vt 0.40223464 0.29130088
vt 0.40702314 0.29130088
vt 0.41181165 0.29130088
vt 0.41660016 0.29130088
vt 0.42138867 0.29130088
vt 0.42617717 0.29130088
vt 0.43096568 0.29130088
vt 0.43575419 0.29130088
vt 0.44054270 0.29130088
vt 0.44533121 0.29130088
vt 0.45011971 0.29130088
vt 0.45490822 0.29130088
vt 0.45969673 0.29130088
vt 0.46448524 0.29130088
vt 0.46927374 0.29130088
vt 0.47406225 0.29130088
vt 0.47885076 0.29130088
vt 0.48363927 0.29130088
vt 0.48842777 0.29130088
vt 0.49321628 0.29130088
vt 0.49800479 0.29130088
vt 0.50279330 0.29130088
vt 0.50758180 0.29130088
vt 0.51237031 0.29130088
vt 0.51715882 0.29130088
vt 0.52194733 0.29130088
vt 0.52673583 0.29130088
vt 0.53152434 0.29130088
vt 0.53631285 0.29130088
vt 0.54110136 0.29130088
vt 0.54588986 0.29130088
vt 0.55067837 0.29130088
vt 0.55546688 0.29130088
vt 0.56025539 0.29130088
vt 0.56504389 0.29130088
vt 0.56983240 0.29130088
vt 0.57462091 0.29130088
vt 0.57940942 0.29130088
vt 0.58419792 0.29130088
vt 0.58898643 0.29130088
vt 0.59377494 0.29130088
vt 0.59856345 0.29130088
vt 0.60335196 0.29130088
vt 0.60814046 0.29130088
vt 0.61292897 0.29130088
vt 0.61771748 0.29130088
vt 0.62250599 0.29130088
vt 0.62729449 0.29130088
vt 0.63208300 0.29130088
vt 0.63687151 0.29130088
vt 0.64166002 0.29130088
vt 0.64644852 0.29130088
vt 0.65123703 0.29130088
vt 0.65602554 0.29130088
vt 0.66081405 0.29130088
vt 0.66560255 0.29130088
vt 0.67039106 0.29130088
vt 0.67517957 0.29130088
vt 0.67996808 0.29130088
vt 0.68475658 0.29130088
vt 0.68954509 0.29130088
vt 0.26815642 0.28651237
vt 0.27294493 0.28651237
vt 0.27773344 0.28651237
vt 0.28252195 0.28651237
vt 0.28731045 0.28651237
vt 0.29209896 0.28651237
vt 0.29688747 0.28651237
vt 0.30167598 0.28651237
vt 0.30646449 0.28651237
vt 0.31125299 0.28651237
vt 0.31604150 0.28651237
vt 0.32083001 0.28651237
vt 0.32561852 0.28651237
vt 0.33040702 0.28651237
vt 0.33519553 0.28651237
vt 0.33998404 0.28651237
vt 0.34477255 0.28651237
vt 0.34956105 0.28651237
vt 0.35434956 0.28651237
vt 0.35913807 0.28651237
vt 0.36392658 0.28651237
vt 0.36871508 0.28651237
vt 0.37350359 0.28651237
vt 0.37829210 0.28651237
vt 0.38308061 0.28651237
vt 0.38786911 0.28651237
vt 0.39265762 0.28651237
vt 0.39744613 0.28651237
vt 0.40223464 0.28651237
vt 0.40702314 0.28651237
vt 0.41181165 0.28651237
vt 0.41660016 0.28651237
vt 0.42138867 0.28651237
vt 0.42617717 0.28651237
vt 0.43096568 0.28651237
vt 0.43575419 0.28651237
vt 0.44054270 0.28651237
vt 0.44533121 0.28651237
vt 0.45011971 0.28651237
vt 0.45490822 0.28651237
vt 0.45969673 0.28651237
vt 0.46448524 0.28651237
vt 0.46927374 0.28651237
vt 0.47406225 0.28651237
vt 0.47885076 0.28651237
vt 0.48363927 0.28651237
vt 0.48842777 0.28651237
vt 0.49321628 0.28651237
vt 0.49800479 0.28651237
vt 0.50279330 0.28651237
vt 0.50758180 0.28651237
vt 0.51237031 0.28651237
vt 0.51715882 0.28651237
vt 0.52194733 0.28651237
vt 0.52673583 0.28651237
vt 0.53152434 0.28651237
vt 0.53631285 0.28651237
vt 0.54110136 0.28651237
vt 0.54588986 0.28651237
vt 0.55067837 0.28651237
vt 0.55546688 0.28651237
vt 0.56025539 0.28651237
vt 0.56504389 0.28651237
vt 0.56983240 0.28651237
vt 0.57462091 0.28651237
vt 0.57940942 0.28651237
vt 0.58419792 0.28651237
vt 0.58898643 0.28651237
vt 0.59377494 0.28651237
vt 0.59856345 0.28651237
vt 0.60335196 0.28651237
vt 0.60814046 0.28651237
vt 0.61292897 0.28651237
vt 0.61771748 0.28651237
vt 0.62250599 0.28651237
vt 0.62729449 0.28651237
vt 0.63208300 0.28651237
vt 0.63687151 0.28651237
vt 0.64166002 0.28651237
vt 0.64644852 0.28651237
vt 0.65123703 0.28651237
vt 0.65602554 0.28651237
vt 0.66081405 0.28651237
vt 0.66560255 0.28651237
vt 0.67039106 0.28651237
vt 0.67517957 0.28651237
vt 0.67996808 0.28651237
vt 0.68475658 0.28651237
vt 0.68954509 0.28651237
vt 0.26815642 0.28172386
vt 0.27294493 0.28172386
vt 0.27773344 0.28172386
vt 0.28252195 0.28172386
vt 0.28731045 0.28172386
vt 0.29209896 0.28172386
vt 0.29688747 0.28172386
vt 0.30167598 0.28172386
vt 0.30646449 0.28172386
vt 0.31125299 0.28172386
vt 0.31604150 0.28172386
vt 0.32083001 0.28172386
vt 0.32561852 0.28172386
vt 0.33040702 0.28172386
vt 0.33519553 0.28172386
vt 0.33998404 0.28172386
vt 0.34477255 0.28172386
vt 0.34956105 0.28172386
vt 0.35434956 0.28172386
vt 0.35913807 0.28172386
vt 0.36392658 0.28172386
vt 0.36871508 0.28172386
vt 0.37350359 0.28172386
vt 0.37829210 0.28172386
vt 0.38308061 0.28172386
vt 0.38786911 0.28172386
vt 0.39265762 0.28172386
vt 0.39744613 0.28172386
vt 0.40223464 0.28172386
vt 0.40702314 0.28172386
vt 0.41181165 0.28172386
vt 0.41660016 0.28172386
vt 0.42138867 0.28172386
vt 0.42617717 0.28172386
vt 0.43096568 0.28172386
vt 0.43575419 0.28172386
vt 0.44054270 0.28172386
vt 0.44533121 0.28172386
vt 0.45011971 0.28172386
vt 0.45490822 0.28172386
vt 0.45969673 0.28172386
vt 0.46448524 0.28172386
vt 0.46927374 0.28172386
vt 0.47406225 0.28172386
vt 0.47885076 0.28172386
vt 0.48363927 0.28172386
vt 0.48842777 0.28172386
vt 0.49321628 0.28172386
vt 0.49800479 0.28172386
vt 0.50279330 0.28172386
vt 0.50758180 0.28172386
vt 0.51237031 0.28172386
vt 0.51715882 0.28172386
vt 0.52194733 0.28172386
vt 0.52673583 0.28172386
vt 0.53152434 0.28172386
vt 0.53631285 0.28172386
vt 0.54110136 0.28172386
vt 0.54588986 0.28172386
vt 0.55067837 0.28172386
vt 0.55546688 0.28172386
vt 0.56025539 0.28172386
vt 0.56504389 0.28172386
vt 0.56983240 0.28172386
vt 0.57462091 0.28172386
vt 0.57940942 0.28172386
vt 0.58419792 0.28172386
vt 0.58898643 0.28172386
vt 0.59377494 0.28172386
vt 0.59856345 0.28172386
vt 0.60335196 0.28172386
vt 0.60814046 0.28172386
vt 0.61292897 0.28172386
vt 0.61771748 0.28172386
vt 0.62250599 0.28172386
vt 0.62729449 0.28172386
vt 0.63208300 0.28172386
vt 0.63687151 0.28172386
vt 0.64166002 0.28172386
vt 0.64644852 0.28172386
vt 0.65123703 0.28172386
vt 0.65602554 0.28172386
vt 0.66081405 0.28172386
vt 0.66560255 0.28172386
vt 0.67039106 0.28172386
vt 0.67517957 0.28172386
vt 0.67996808 0.28172386
vt 0.68475658 0.28172386
vt 0.68954509 0.28172386
vt 0.26336792 0.27693536
vt 0.26815642 0.27693536
vt 0.27294493 0.27693536
vt 0.27773344 0.27693536
vt 0.28252195 0.27693536
vt 0.28731045 0.27693536
vt 0.29209896 0.27693536
vt 0.29688747 0.27693536
vt 0.30167598 0.27693536
vt 0.30646449 0.27693536
vt 0.31125299 0.27693536
vt 0.31604150 0.27693536
vt 0.32083001 0.27693536
vt 0.32561852 0.27693536
vt 0.33040702 0.27693536
vt 0.33519553 0.27693536
vt 0.33998404 0.27693536
vt 0.34477255 0.27693536
vt 0.34956105 0.27693536
vt 0.35434956 0.27693536
vt 0.35913807 0.27693536
vt 0.36392658 0.27693536
vt 0.36871508 0.27693536
vt 0.37350359 0.27693536
vt 0.37829210 0.27693536
vt 0.38308061 0.27693536
vt 0.38786911 0.27693536
vt 0.39265762 0.27693536
vt 0.39744613 0.27693536
vt 0.40223464 0.27693536
vt 0.40702314 0.27693536
vt 0.41181165 0.27693536
vt 0.41660016 0.27693536
vt 0.42138867 0.27693536
vt 0.42617717 0.27693536
vt 0.43096568 0.27693536
vt 0.43575419 0.27693536
vt 0.44054270 0.27693536
vt 0.44533121 0.27693536
vt 0.45011971 0.27693536
vt 0.45490822 0.27693536
vt 0.45969673 0.27693536
vt 0.46448524 0.27693536
vt 0.46927374 0.27693536
vt 0.47406225 0.27693536
vt 0.47885076 0.27693536
vt 0.48363927 0.27693536
vt 0.48842777 0.27693536
vt 0.49321628 0.27693536
vt 0.49800479 0.27693536
vt 0.50279330 0.27693536
vt 0.50758180 0.27693536
vt 0.51237031 0.27693536
vt 0.51715882 0.27693536
vt 0.52194733 0.27693536
vt 0.52673583 0.27693536
vt 0.53152434 0.27693536
vt 0.53631285 0.27693536
vt 0.54110136 0.27693536
vt 0.54588986 0.27693536
vt 0.55067837 0.27693536
vt 0.55546688 0.27693536
vt 0.56025539 0.27693536
vt 0.56504389 0.27693536
vt 0.56983240 0.27693536
vt 0.57462091 0.27693536
vt 0.57940942 0.27693536
vt 0.58419792 0.27693536
vt 0.58898643 0.27693536
vt 0.59377494 0.27693536
vt 0.59856345 0.27693536
vt 0.60335196 0.27693536
vt 0.60814046 0.27693536
vt 0.61292897 0.27693536
vt 0.61771748 0.27693536
vt 0.62250599 0.27693536
vt 0.62729449 0.27693536
vt 0.63208300 0.27693536
vt 0.63687151 0.27693536
vt 0.64166002 0.27693536
vt 0.64644852 0.27693536
vt 0.65123703 0.27693536
vt 0.65602554 0.27693536
vt 0.66081405 0.27693536
vt 0.66560255 0.27693536
vt 0.67039106 0.27693536
vt 0.67517957 0.27693536
vt 0.67996808 0.27693536
vt 0.68475658 0.27693536
vt 0.68954509 0.27693536
vt 0.69912211 0.27693536
vt 0.26336792 0.27214685
vt 0.26815642 0.27214685
vt 0.27294493 0.27214685
vt 0.27773344 0.27214685
vt 0.28252195 0.27214685
vt 0.28731045 0.27214685
vt 0.29209896 0.27214685
vt 0.29688747 0.27214685
vt 0.30167598 0.27214685
vt 0.30646449 0.27214685
vt 0.31125299 0.27214685
vt 0.31604150 0.27214685
vt 0.32083001 0.27214685
vt 0.32561852 0.27214685
vt 0.33040702 0.27214685
vt 0.33519553 0.27214685
vt 0.33998404 0.27214685
vt 0.34477255 0.27214685
vt 0.34956105 0.27214685
vt 0.35434956 0.27214685
vt 0.35913807 0.27214685
vt 0.36392658 0.27214685
vt 0.36871508 0.27214685
vt 0.37350359 0.27214685
vt 0.37829210 0.27214685
vt 0.38308061 0.27214685
vt 0.38786911 0.27214685
vt 0.39265762 0.27214685
vt 0.39744613 0.27214685
vt 0.40223464 0.27214685
vt 0.40702314 0.27214685
vt 0.41181165 0.27214685
vt 0.41660016 0.27214685
vt 0.42138867 0.27214685
vt 0.42617717 0.27214685
vt 0.43096568 0.27214685
vt 0.43575419 0.27214685
vt 0.44054270 0.27214685
vt 0.44533121 0.27214685
vt 0.45011971 0.27214685
vt 0.45490822 0.27214685
vt 0.45969673 0.27214685
vt 0.46448524 0.27214685
vt 0.46927374 0.27214685
vt 0.47406225 0.27214685
vt 0.47885076 0.27214685
vt 0.48363927 0.27214685
vt 0.48842777 0.27214685
vt 0.49321628 0.27214685
vt 0.49800479 0.27214685
vt 0.50279330 0.27214685
vt 0.50758180 0.27214685
vt 0.51237031 0.27214685
vt 0.51715882 0.27214685
vt 0.52194733 0.27214685
vt 0.52673583 0.27214685
vt 0.53152434 0.27214685
vt 0.53631285 0.27214685
vt 0.54110136 0.27214685
vt 0.54588986 0.27214685
vt 0.55067837 0.27214685
vt 0.55546688 0.27214685
vt 0.56025539 0.27214685
vt 0.56504389 0.27214685
vt 0.56983240 0.27214685
vt 0.57462091 0.27214685
vt 0.57940942 0.27214685
vt 0.58419792 0.27214685
vt 0.58898643 0.27214685
vt 0.59377494 0.27214685
vt 0.59856345 0.27214685
vt 0.60335196 0.27214685
vt 0.60814046 0.27214685
vt 0.61292897 0.27214685
vt 0.61771748 0.27214685
vt 0.62250599 0.27214685
vt 0.62729449 0.27214685
vt 0.63208300 0.27214685
vt 0.63687151 0.27214685
vt 0.64166002 0.27214685
vt 0.64644852 0.27214685
vt 0.65123703 0.27214685
vt 0.65602554 0.27214685
vt 0.66081405 0.27214685
vt 0.66560255 0.27214685
vt 0.67039106 0.27214685
vt 0.67517957 0.27214685
vt 0.67996808 0.27214685
vt 0.68475658 0.27214685
vt 0.68954509 0.27214685
vt 0.69912211 0.27214685
vt 0.70391061 0.27214685
vt 0.25857941 0.26735834
vt 0.26336792 0.26735834
vt 0.26815642 0.26735834
vt 0.27294493 0.26735834
vt 0.27773344 0.26735834
vt 0.28252195 0.26735834
vt 0.28731045 0.26735834
vt 0.29209896 0.26735834
vt 0.29688747 0.26735834
vt 0.30167598 0.26735834
vt 0.30646449 0.26735834
vt 0.31125299 0.26735834
vt 0.31604150 0.26735834
vt 0.32083001 0.26735834
vt 0.32561852 0.26735834
vt 0.33040702 0.26735834
vt 0.33519553 0.26735834
vt 0.33998404 0.26735834
vt 0.34477255 0.26735834
vt 0.34956105 0.26735834
vt 0.35434956 0.26735834
vt 0.35913807 0.26735834
vt 0.36392658 0.26735834
vt 0.36871508 0.26735834
vt 0.37350359 0.26735834
vt 0.37829210 0.26735834
vt 0.38308061 0.26735834
vt 0.38786911 0.26735834
vt 0.39265762 0.26735834
vt 0.39744613 0.26735834
vt 0.40223464 0.26735834
vt 0.40702314 0.26735834
vt 0.41181165 0.26735834
vt 0.41660016 0.26735834
vt 0.42138867 0.26735834
vt 0.42617717 0.26735834
vt 0.43096568 0.26735834
vt 0.43575419 0.26735834
vt 0.44054270 0.26735834
vt 0.44533121 0.26735834
vt 0.45011971 0.26735834
vt 0.45490822 0.26735834
vt 0.45969673 0.26735834
vt 0.46448524 0.26735834
vt 0.46927374 0.26735834
vt 0.47406225 0.26735834
vt 0.47885076 0.26735834
vt 0.48363927 0.26735834
vt 0.48842777 0.26735834
vt 0.49321628 0.26735834
vt 0.49800479 0.26735834
vt 0.50279330 0.26735834
vt 0.50758180 0.26735834
vt 0.51237031 0.26735834
vt 0.51715882 0.26735834
vt 0.52194733 0.26735834
vt 0.52673583 0.26735834
vt 0.53152434 0.26735834
vt 0.53631285 0.26735834
vt 0.54110136 0.26735834
vt 0.54588986 0.26735834
vt 0.55067837 0.26735834
vt 0.55546688 0.26735834
vt 0.56025539 0.26735834
vt 0.56504389 0.26735834
vt 0.56983240 0.26735834
vt 0.57462091 0.26735834
vt 0.57940942 0.26735834
vt 0.58419792 0.26735834
vt 0.58898643 0.26735834
vt 0.59377494 0.26735834
vt 0.59856345 0.26735834
vt 0.60335196 0.26735834
vt 0.60814046 0.26735834
vt 0.61292897 0.26735834
vt 0.61771748 0.26735834
vt 0.62250599 0.26735834
vt 0.62729449 0.26735834
vt 0.63208300 0.26735834
vt 0.63687151 0.26735834
vt 0.64166002 0.26735834
vt 0.64644852 0.26735834
vt 0.65123703 0.26735834
vt 0.65602554 0.26735834
vt 0.66081405 0.26735834
vt 0.66560255 0.26735834
vt 0.67039106 0.26735834
vt 0.67517957 0.26735834
vt 0.67996808 0.26735834
vt 0.68475658 0.26735834
vt 0.68954509 0.26735834
vt 0.69433360 0.26735834
vt 0.69912211 0.26735834
vt 0.70391061 0.26735834
vt 0.70869912 0.26735834
vt 0.71348763 0.26735834
vt 0.25857941 0.26256983
vt 0.26336792 0.26256983
vt 0.26815642 0.26256983
vt 0.27294493 0.26256983
vt 0.27773344 0.26256983
vt 0.28252195 0.26256983
vt 0.28731045 0.26256983
vt 0.29209896 0.26256983
vt 0.29688747 0.26256983
vt 0.30167598 0.26256983
vt 0.30646449 0.26256983
vt 0.31125299 0.26256983
vt 0.31604150 0.26256983
vt 0.32083001 0.26256983
vt 0.32561852 0.26256983
vt 0.33040702 0.26256983
vt 0.33519553 0.26256983
vt 0.33998404 0.26256983
vt 0.34477255 0.26256983
vt 0.34956105 0.26256983
vt 0.35434956 0.26256983
vt 0.35913807 0.26256983
vt 0.36392658 0.26256983
vt 0.36871508 0.26256983
vt 0.37350359 0.26256983
vt 0.37829210 0.26256983
vt 0.38308061 0.26256983
vt 0.38786911 0.26256983
vt 0.39265762 0.26256983
vt 0.39744613 0.26256983
vt 0.40223464 0.26256983
vt 0.40702314 0.26256983
vt 0.41181165 0.26256983
vt 0.41660016 0.26256983
vt 0.42138867 0.26256983
vt 0.42617717 0.26256983
vt 0.43096568 0.26256983
vt 0.43575419 0.26256983
vt 0.44054270 0.26256983
vt 0.44533121 0.26256983
vt 0.45011971 0.26256983
vt 0.45490822 0.26256983
vt 0.45969673 0.26256983
vt 0.46448524 0.26256983
vt 0.46927374 0.26256983
vt 0.47406225 0.26256983
vt 0.47885076 0.26256983
vt 0.48363927 0.26256983
vt 0.48842777 0.26256983
vt 0.49321628 0.26256983
vt 0.49800479 0.26256983
vt 0.50279330 0.26256983
vt 0.50758180 0.26256983
vt 0.51237031 0.26256983
vt 0.51715882 0.26256983
vt 0.52194733 0.26256983
vt 0.52673583 0.26256983
vt 0.53152434 0.26256983
vt 0.53631285 0.26256983
vt 0.54110136 0.26256983
vt 0.54588986 0.26256983
vt 0.55067837 0.26256983
vt 0.55546688 0.26256983
vt 0.56025539 0.26256983
vt 0.56504389 0.26256983
vt 0.56983240 0.26256983
vt 0.57462091 0.26256983
vt 0.57940942 0.26256983
vt 0.58419792 0.26256983
vt 0.58898643 0.26256983
vt 0.59377494 0.26256983
vt 0.59856345 0.26256983
vt 0.60335196 0.26256983
vt 0.60814046 0.26256983
vt 0.61292897 0.26256983
vt 0.61771748 0.26256983
vt 0.62250599 0.26256983
vt 0.62729449 0.26256983
vt 0.63208300 0.26256983
vt 0.63687151 0.26256983
vt 0.64166002 0.26256983
vt 0.64644852 0.26256983
vt 0.65123703 0.26256983
vt 0.65602554 0.26256983
vt 0.66081405 0.26256983
vt 0.66560255 0.26256983
vt 0.67039106 0.26256983
vt 0.67517957 0.26256983
vt 0.67996808 0.26256983
vt 0.68475658 0.26256983
vt 0.68954509 0.26256983
vt 0.69433360 0.26256983
vt 0.69912211 0.26256983
vt 0.70391061 0.26256983
vt 0.70869912 0.26256983
vt 0.71348763 0.26256983
vt 0.71827614 0.26256983
vt 0.25379090 0.25778132
vt 0.25857941 0.25778132
vt 0.26336792 0.25778132
vt 0.26815642 0.25778132
vt 0.27294493 0.25778132
vt 0.27773344 0.25778132
vt 0.28252195 0.25778132
vt 0.28731045 0.25778132
vt 0.29209896 0.25778132
vt 0.29688747 0.25778132
vt 0.30167598 0.25778132
vt 0.30646449 0.25778132
vt 0.31125299 0.25778132
vt 0.31604150 0.25778132
vt 0.32083001 0.25778132
vt 0.32561852 0.25778132
vt 0.33040702 0.25778132
vt 0.33519553 0.25778132
vt 0.33998404 0.25778132
vt 0.34477255 0.25778132
vt 0.34956105 0.25778132
vt 0.35434956 0.25778132
vt 0.35913807 0.25778132
vt 0.36392658 0.25778132
vt 0.36871508 0.25778132
vt 0.37350359 0.25778132
vt 0.37829210 0.25778132
vt 0.38308061 0.25778132
vt 0.38786911 0.25778132
vt 0.39265762 0.25778132
vt 0.39744613 0.25778132
vt 0.40223464 0.25778132
vt 0.40702314 0.25778132
vt 0.41181165 0.25778132
vt 0.41660016 0.25778132
vt 0.42138867 0.25778132
vt 0.42617717 0.25778132
vt 0.43096568 0.25778132
vt 0.43575419 0.25778132
vt 0.44054270 0.25778132
vt 0.44533121 0.25778132
vt 0.45011971 0.25778132
vt 0.45490822 0.25778132
vt 0.45969673 0.25778132
vt 0.46448524 0.25778132
vt 0.46927374 0.25778132
vt 0.47406225 0.25778132
vt 0.47885076 0.25778132
vt 0.48363927 0.25778132
vt 0.48842777 0.25778132
vt 0.49321628 0.25778132
vt 0.49800479 0.25778132
vt 0.50279330 0.25778132
vt 0.50758180 0.25778132
vt 0.51237031 0.25778132
vt 0.51715882 0.25778132
vt 0.52194733 0.25778132
vt 0.52673583 0.25778132
vt 0.53152434 0.25778132
vt 0.53631285 0.25778132
vt 0.54110136 0.25778132
vt 0.54588986 0.25778132
vt 0.55067837 0.25778132
vt 0.55546688 0.25778132
vt 0.56025539 0.25778132
vt 0.56504389 0.25778132
vt 0.56983240 0.25778132
vt 0.57462091 0.25778132
vt 0.57940942 0.25778132
vt 0.58419792 0.25778132
vt 0.58898643 0.25778132
vt 0.59377494 0.25778132
vt 0.59856345 0.25778132
vt 0.60335196 0.25778132
vt 0.60814046 0.25778132
vt 0.61292897 0.25778132
vt 0.61771748 0.25778132
vt 0.62250599 0.25778132
vt 0.62729449 0.25778132
vt 0.63208300 0.25778132
vt 0.63687151 0.25778132
vt 0.64166002 0.25778132
vt 0.64644852 0.25778132
vt 0.65123703 0.25778132
vt 0.65602554 0.25778132
vt 0.66081405 0.25778132
vt 0.66560255 0.25778132
vt 0.67039106 0.25778132
vt 0.67517957 0.25778132
vt 0.67996808 0.25778132
vt 0.68475658 0.25778132
vt 0.68954509 0.25778132
vt 0.69433360 0.25778132
vt 0.69912211 0.25778132
vt 0.70391061 0.25778132
vt 0.70869912 0.25778132
vt 0.71348763 0.25778132
vt 0.71827614 0.25778132
vt 0.72306464 0.25778132
vt 0.72785315 0.25778132
vt 0.24900239 0.25299282
vt 0.25379090 0.25299282
vt 0.25857941 0.25299282
vt 0.26336792 0.25299282
vt 0.26815642 0.25299282
vt 0.27294493 0.25299282
vt 0.27773344 0.25299282
vt 0.28252195 0.25299282
vt 0.28731045 0.25299282
vt 0.29209896 0.25299282
vt 0.29688747 0.25299282
vt 0.30167598 0.25299282
vt 0.30646449 0.25299282
vt 0.31125299 0.25299282
vt 0.31604150 0.25299282
vt 0.32083001 0.25299282
vt 0.32561852 0.25299282
vt 0.33040702 0.25299282
vt 0.33519553 0.25299282
vt 0.33998404 0.25299282
vt 0.34477255 0.25299282
vt 0.34956105 0.25299282
vt 0.35434956 0.25299282
vt 0.35913807 0.25299282
vt 0.36392658 0.25299282
vt 0.36871508 0.25299282
vt 0.37350359 0.25299282
vt 0.37829210 0.25299282
vt 0.38308061 0.25299282
vt 0.38786911 0.25299282
vt 0.39265762 0.25299282
vt 0.39744613 0.25299282
vt 0.40223464 0.25299282
vt 0.40702314 0.25299282
vt 0.41181165 0.25299282
vt 0.41660016 0.25299282
vt 0.42138867 0.25299282
vt 0.42617717 0.25299282
vt 0.43096568 0.25299282
vt 0.43575419 0.25299282
vt 0.44054270 0.25299282
vt 0.44533121 0.25299282
vt 0.45011971 0.25299282
vt 0.45490822 0.25299282
vt 0.45969673 0.25299282
vt 0.46448524 0.25299282
vt 0.46927374 0.25299282
vt 0.47406225 0.25299282
vt 0.47885076 0.25299282
vt 0.48363927 0.25299282
vt 0.48842777 0.25299282
vt 0.49321628 0.25299282
vt 0.49800479 0.25299282
vt 0.50279330 0.25299282
vt 0.50758180 0.25299282
vt 0.51237031 0.25299282
vt 0.51715882 0.25299282
vt 0.52194733 0.25299282
vt 0.52673583 0.25299282
vt 0.53152434 0.25299282
vt 0.53631285 0.25299282
vt 0.54110136 0.25299282
vt 0.54588986 0.25299282
vt 0.55067837 0.25299282
vt 0.55546688 0.25299282
vt 0.56025539 0.25299282
vt 0.56504389 0.25299282
vt 0.56983240 0.25299282
vt 0.57462091 0.25299282
vt 0.57940942 0.25299282
vt 0.58419792 0.25299282
vt 0.58898643 0.25299282
vt 0.59377494 0.25299282
vt 0.59856345 0.25299282
vt 0.60335196 0.25299282
vt 0.60814046 0.25299282
vt 0.61292897 0.25299282
vt 0.61771748 0.25299282
vt 0.62250599 0.25299282
vt 0.62729449 0.25299282
vt 0.63208300 0.25299282
vt 0.63687151 0.25299282
vt 0.64166002 0.25299282
vt 0.64644852 0.25299282
vt 0.65123703 0.25299282
vt 0.65602554 0.25299282
vt 0.66081405 0.25299282
vt 0.66560255 0.25299282
vt 0.67039106 0.25299282
vt 0.67517957 0.25299282
vt 0.67996808 0.25299282
vt 0.68475658 0.25299282
vt 0.68954509 0.25299282
vt 0.69433360 0.25299282
vt 0.69912211 0.25299282
vt 0.70391061 0.25299282
vt 0.70869912 0.25299282
vt 0.71348763 0.25299282
vt 0.71827614 0.25299282
vt 0.72306464 0.25299282
vt 0.72785315 0.25299282
vt 0.24900239 0.24820431
vt 0.25379090 0.24820431
vt 0.25857941 0.24820431
vt 0.26336792 0.24820431
vt 0.26815642 0.24820431
vt 0.27294493 0.24820431
vt 0.27773344 0.24820431
vt 0.28252195 0.24820431
vt 0.28731045 0.24820431
vt 0.29209896 0.24820431
vt 0.29688747 0.24820431
vt 0.30167598 0.24820431
vt 0.30646449 0.24820431
vt 0.31125299 0.24820431
vt 0.31604150 0.24820431
vt 0.32083001 0.24820431
vt 0.32561852 0.24820431
vt 0.33040702 0.24820431
vt 0.33519553 0.24820431
vt 0.33998404 0.24820431
vt 0.34477255 0.24820431
vt 0.34956105 0.24820431
vt 0.35434956 0.24820431
vt 0.35913807 0.24820431
vt 0.36392658 0.24820431
vt 0.36871508 0.24820431
vt 0.37350359 0.24820431
vt 0.37829210 0.24820431
vt 0.38308061 0.24820431
vt 0.38786911 0.24820431
vt 0.39265762 0.24820431
vt 0.39744613 0.24820431
vt 0.40223464 0.24820431
vt 0.40702314 0.24820431
vt 0.41181165 0.24820431
vt 0.41660016 0.24820431
vt 0.42138867 0.24820431
vt 0.42617717 0.24820431
vt 0.43096568 0.24820431
vt 0.43575419 0.24820431
vt 0.44054270 0.24820431
vt 0.44533121 0.24820431
vt 0.45011971 0.24820431
vt 0.45490822 0.24820431
vt 0.45969673 0.24820431
vt 0.46448524 0.24820431
vt 0.46927374 0.24820431
vt 0.47406225 0.24820431
vt 0.47885076 0.24820431
vt 0.48363927 0.24820431
vt 0.48842777 0.24820431
vt 0.49321628 0.24820431
vt 0.49800479 0.24820431
vt 0.50279330 0.24820431
vt 0.50758180 0.24820431
vt 0.51237031 0.24820431
vt 0.51715882 0.24820431
vt 0.52194733 0.24820431
vt 0.52673583 0.24820431
vt 0.53152434 0.24820431
vt 0.53631285 0.24820431
vt 0.54110136 0.24820431
vt 0.54588986 0.24820431
vt 0.55067837 0.24820431
vt 0.55546688 0.24820431
vt 0.56025539 0.24820431
vt 0.56504389 0.24820431
vt 0.56983240 0.24820431
vt 0.57462091 0.24820431
vt 0.57940942 0.24820431
vt 0.58419792 0.24820431
vt 0.58898643 0.24820431
vt 0.59377494 0.24820431
vt 0.59856345 0.24820431
vt 0.60335196 0.24820431
vt 0.60814046 0.24820431
vt 0.61292897 0.24820431
vt 0.61771748 0.24820431
vt 0.62250599 0.24820431
vt 0.62729449 0.24820431
vt 0.63208300 0.24820431
vt 0.63687151 0.24820431
vt 0.64166002 0.24820431
vt 0.64644852 0.24820431
vt 0.65123703 0.24820431
vt 0.65602554 0.24820431
vt 0.66081405 0.24820431
vt 0.66560255 0.24820431
vt 0.67039106 0.24820431
vt 0.67517957 0.24820431
vt 0.67996808 0.24820431
vt 0.68475658 0.24820431
vt 0.68954509 0.24820431
vt 0.69433360 0.24820431
vt 0.69912211 0.24820431
vt 0.70391061 0.24820431
vt 0.70869912 0.24820431
vt 0.71348763 0.24820431
vt 0.71827614 0.24820431
vt 0.72306464 0.24820431
vt 0.72785315 0.24820431
vt 0.24421389 0.24341580
vt 0.24900239 0.24341580
vt 0.25379090 0.24341580
vt 0.25857941 0.24341580
vt 0.26336792 0.24341580
vt 0.26815642 0.24341580
vt 0.27294493 0.24341580
vt 0.27773344 0.24341580
vt 0.28731045 0.24341580
vt 0.29209896 0.24341580
vt 0.29688747 0.24341580
vt 0.30167598 0.24341580
vt 0.30646449 0.24341580
vt 0.31125299 0.24341580
vt 0.31604150 0.24341580
vt 0.32083001 0.24341580
vt 0.32561852 0.24341580
vt 0.33040702 0.24341580
vt 0.33519553 0.24341580
vt 0.33998404 0.24341580
vt 0.34477255 0.24341580
vt 0.34956105 0.24341580
vt 0.35434956 0.24341580
vt 0.35913807 0.24341580
vt 0.36392658 0.24341580
vt 0.36871508 0.24341580
vt 0.37350359 0.24341580
vt 0.37829210 0.24341580
vt 0.38308061 0.24341580
vt 0.38786911 0.24341580
vt 0.39265762 0.24341580
vt 0.39744613 0.24341580
vt 0.40223464 0.24341580
vt 0.40702314 0.24341580
vt 0.41181165 0.24341580
vt 0.41660016 0.24341580
vt 0.42138867 0.24341580
vt 0.42617717 0.24341580
vt 0.43096568 0.24341580
vt 0.43575419 0.24341580
vt 0.44054270 0.24341580
vt 0.44533121 0.24341580
vt 0.45011971 0.24341580
vt 0.45490822 0.24341580
vt 0.45969673 0.24341580
vt 0.46448524 0.24341580
vt 0.46927374 0.24341580
vt 0.47406225 0.24341580
vt 0.47885076 0.24341580
vt 0.48363927 0.24341580
vt 0.48842777 0.24341580
vt 0.49321628 0.24341580
vt 0.49800479 0.24341580
vt 0.50279330 0.24341580
vt 0.50758180 0.24341580
vt 0.51237031 0.24341580
vt 0.51715882 0.24341580
vt 0.52194733 0.24341580
vt 0.52673583 0.24341580
vt 0.53152434 0.24341580
vt 0.53631285 0.24341580
vt 0.54110136 0.24341580
vt 0.54588986 0.24341580
vt 0.55067837 0.24341580
vt 0.55546688 0.24341580
vt 0.56025539 0.24341580
vt 0.56504389 0.24341580
vt 0.56983240 0.24341580
vt 0.57462091 0.24341580
vt 0.57940942 0.24341580
vt 0.58419792 0.24341580
vt 0.58898643 0.24341580
vt 0.59377494 0.24341580
vt 0.59856345 0.24341580
vt 0.60335196 0.24341580
vt 0.60814046 0.24341580
vt 0.61292897 0.24341580
vt 0.61771748 0.24341580
vt 0.62250599 0.24341580
vt 0.62729449 0.24341580
vt 0.63208300 0.24341580
vt 0.63687151 0.24341580
vt 0.64166002 0.24341580
vt 0.64644852 0.24341580
vt 0.65123703 0.24341580
vt 0.65602554 0.24341580
vt 0.66081405 0.24341580
vt 0.66560255 0.24341580
vt 0.67039106 0.24341580
vt 0.67517957 0.24341580
vt 0.67996808 0.24341580
vt 0.68475658 0.24341580
vt 0.68954509 0.24341580
vt 0.69433360 0.24341580
vt 0.69912211 0.24341580
vt 0.70391061 0.24341580
vt 0.70869912 0.24341580
vt 0.71348763 0.24341580
vt 0.71827614 0.24341580
vt 0.72306464 0.24341580
vt 0.24421389 0.23862729
vt 0.24900239 0.23862729
vt 0.25379090 0.23862729
vt 0.25857941 0.23862729
vt 0.26336792 0.23862729
vt 0.26815642 0.23862729
vt 0.27294493 0.23862729
vt 0.27773344 0.23862729
vt 0.28252195 0.23862729
vt 0.28731045 0.23862729
vt 0.29209896 0.23862729
vt 0.29688747 0.23862729
vt 0.30167598 0.23862729
vt 0.30646449 0.23862729
vt 0.31125299 0.23862729
vt 0.31604150 0.23862729
vt 0.32083001 0.23862729
vt 0.32561852 0.23862729
vt 0.33040702 0.23862729
vt 0.33519553 0.23862729
vt 0.33998404 0.23862729
vt 0.34477255 0.23862729
vt 0.34956105 0.23862729
vt 0.35434956 0.23862729
vt 0.35913807 0.23862729
vt 0.36392658 0.23862729
vt 0.36871508 0.23862729
vt 0.37350359 0.23862729
vt 0.37829210 0.23862729
vt 0.38308061 0.23862729
vt 0.38786911 0.23862729
vt 0.39265762 0.23862729
vt 0.39744613 0.23862729
vt 0.40223464 0.23862729
vt 0.40702314 0.23862729
vt 0.41181165 0.23862729
vt 0.41660016 0.23862729
vt 0.42138867 0.23862729
vt 0.42617717 0.23862729
vt 0.43096568 0.23862729
vt 0.43575419 0.23862729
vt 0.44054270 0.23862729
vt 0.44533121 0.23862729
vt 0.45011971 0.23862729
vt 0.45490822 0.23862729
vt 0.45969673 0.23862729
vt 0.46448524 0.23862729
vt 0.46927374 0.23862729
vt 0.47406225 0.23862729
vt 0.47885076 0.23862729
vt 0.48363927 0.23862729
vt 0.48842777 0.23862729
vt 0.49321628 0.23862729
vt 0.49800479 0.23862729
vt 0.50279330 0.23862729
vt 0.50758180 0.23862729
vt 0.51237031 0.23862729
vt 0.51715882 0.23862729
vt 0.52194733 0.23862729
vt 0.52673583 0.23862729
vt 0.53152434 0.23862729
vt 0.53631285 0.23862729
vt 0.54110136 0.23862729
vt 0.54588986 0.23862729
vt 0.55067837 0.23862729
vt 0.55546688 0.23862729
vt 0.56025539 0.23862729
vt 0.56504389 0.23862729
vt 0.56983240 0.23862729
vt 0.57462091 0.23862729
vt 0.57940942 0.23862729
vt 0.58419792 0.23862729
vt 0.58898643 0.23862729
vt 0.59377494 0.23862729
vt 0.59856345 0.23862729
vt 0.60335196 0.23862729
vt 0.60814046 0.23862729
vt 0.61292897 0.23862729
vt 0.61771748 0.23862729
vt 0.62250599 0.23862729
vt 0.62729449 0.23862729
vt 0.63208300 0.23862729
vt 0.63687151 0.23862729
vt 0.64166002 0.23862729
vt 0.64644852 0.23862729
vt 0.65123703 0.23862729
vt 0.65602554 0.23862729
vt 0.66081405 0.23862729
vt 0.66560255 0.23862729
vt 0.67039106 0.23862729
vt 0.67517957 0.23862729
vt 0.67996808 0.23862729
vt 0.68475658 0.23862729
vt 0.68954509 0.23862729
vt 0.69433360 0.23862729
vt 0.69912211 0.23862729
vt 0.70391061 0.23862729
vt 0.70869912 0.23862729
vt 0.71348763 0.23862729
vt 0.71827614 0.23862729
vt 0.72306464 0.23862729
vt 0.23942538 0.23383879
vt 0.24421389 0.23383879
vt 0.24900239 0.23383879
vt 0.25379090 0.23383879
vt 0.25857941 0.23383879
vt 0.26336792 0.23383879
vt 0.26815642 0.23383879
vt 0.27294493 0.23383879
vt 0.27773344 0.23383879
vt 0.28252195 0.23383879
vt 0.28731045 0.23383879
vt 0.29209896 0.23383879
vt 0.29688747 0.23383879
vt 0.30167598 0.23383879
vt 0.30646449 0.23383879
vt 0.31125299 0.23383879
vt 0.31604150 0.23383879
vt 0.32083001 0.23383879
vt 0.32561852 0.23383879
vt 0.33040702 0.23383879
vt 0.33519553 0.23383879
vt 0.33998404 0.23383879
vt 0.34477255 0.23383879
vt 0.34956105 0.23383879
vt 0.35434956 0.23383879
vt 0.35913807 0.23383879
vt 0.36392658 0.23383879
vt 0.36871508 0.23383879
vt 0.37350359 0.23383879
vt 0.37829210 0.23383879
vt 0.38308061 0.23383879
vt 0.38786911 0.23383879
vt 0.39265762 0.23383879
vt 0.39744613 0.23383879
vt 0.40223464 0.23383879
vt 0.40702314 0.23383879
vt 0.41181165 0.23383879
vt 0.41660016 0.23383879
vt 0.42138867 0.23383879
vt 0.42617717 0.23383879
vt 0.43096568 0.23383879
vt 0.43575419 0.23383879
vt 0.44054270 0.23383879
vt 0.44533121 0.23383879
vt 0.45011971 0.23383879
vt 0.45490822 0.23383879
vt 0.45969673 0.23383879
vt 0.46448524 0.23383879
vt 0.46927374 0.23383879
vt 0.47406225 0.23383879
vt 0.47885076 0.23383879
vt 0.48363927 0.23383879
vt 0.48842777 0.23383879
vt 0.49321628 0.23383879
vt 0.49800479 0.23383879
vt 0.50279330 0.23383879
vt 0.50758180 0.23383879
vt 0.51237031 0.23383879
vt 0.51715882 0.23383879
vt 0.52194733 0.23383879
vt 0.52673583 0.23383879
vt 0.53152434 0.23383879
vt 0.53631285 0.23383879
vt 0.54110136 0.23383879
vt 0.54588986 0.23383879
vt 0.55067837 0.23383879
vt 0.55546688 0.23383879
vt 0.56025539 0.23383879
vt 0.56504389 0.23383879
vt 0.56983240 0.23383879
vt 0.57462091 0.23383879
vt 0.57940942 0.23383879
vt 0.58419792 0.23383879
vt 0.58898643 0.23383879
vt 0.59377494 0.23383879
vt 0.59856345 0.23383879
vt 0.60335196 0.23383879
vt 0.60814046 0.23383879
vt 0.61292897 0.23383879
vt 0.61771748 0.23383879
vt 0.62250599 0.23383879
vt 0.62729449 0.23383879
vt 0.63208300 0.23383879
vt 0.63687151 0.23383879
vt 0.64166002 0.23383879
vt 0.64644852 0.23383879
vt 0.65123703 0.23383879
vt 0.65602554 0.23383879
vt 0.66081405 0.23383879
vt 0.66560255 0.23383879
vt 0.67039106 0.23383879
vt 0.67517957 0.23383879
vt 0.67996808 0.23383879
vt 0.68475658 0.23383879
vt 0.68954509 0.23383879
vt 0.69433360 0.23383879
vt 0.69912211 0.23383879
vt 0.70391061 0.23383879
vt 0.70869912 0.23383879
vt 0.71348763 0.23383879
vt 0.71827614 0.23383879
vt 0.72306464 0.23383879
vt 0.23463687 0.22905028
vt 0.23942538 0.22905028
vt 0.24421389 0.22905028
vt 0.24900239 0.22905028
vt 0.25379090 0.22905028
vt 0.25857941 0.22905028
vt 0.26336792 0.22905028
vt 0.26815642 0.22905028
vt 0.27294493 0.22905028
vt 0.27773344 0.22905028
vt 0.28252195 0.22905028
vt 0.28731045 0.22905028
vt 0.29209896 0.22905028
vt 0.29688747 0.22905028
vt 0.30167598 0.22905028
vt 0.30646449 0.22905028
vt 0.31125299 0.22905028
vt 0.31604150 0.22905028
vt 0.32083001 0.22905028
vt 0.32561852 0.22905028
vt 0.33040702 0.22905028
vt 0.33519553 0.22905028
vt 0.33998404 0.22905028
vt 0.34477255 0.22905028
vt 0.34956105 0.22905028
vt 0.35434956 0.22905028
vt 0.35913807 0.22905028
vt 0.36392658 0.22905028
vt 0.36871508 0.22905028
vt 0.37350359 0.22905028
vt 0.37829210 0.22905028
vt 0.38308061 0.22905028
vt 0.38786911 0.22905028
vt 0.39265762 0.22905028
vt 0.39744613 0.22905028
vt 0.40223464 0.22905028
vt 0.40702314 0.22905028
vt 0.41181165 0.22905028
vt 0.41660016 0.22905028
vt 0.42138867 0.22905028
vt 0.42617717 0.22905028
vt 0.43096568 0.22905028
vt 0.43575419 0.22905028
vt 0.44054270 0.22905028
vt 0.44533121 0.22905028
vt 0.45011971 0.22905028
vt 0.45490822 0.22905028
vt 0.45969673 0.22905028
vt 0.46448524 0.22905028
vt 0.46927374 0.22905028
vt 0.47406225 0.22905028
vt 0.47885076 0.22905028
vt 0.48363927 0.22905028
vt 0.48842777 0.22905028
vt 0.49321628 0.22905028
vt 0.49800479 0.22905028
vt 0.50279330 0.22905028
vt 0.50758180 0.22905028
vt 0.51237031 0.22905028
vt 0.51715882 0.22905028
vt 0.52194733 0.22905028
vt 0.52673583 0.22905028
vt 0.53152434 0.22905028
vt 0.53631285 0.22905028
vt 0.54110136 0.22905028
vt 0.54588986 0.22905028
vt 0.55067837 0.22905028
vt 0.55546688 0.22905028
vt 0.56025539 0.22905028
vt 0.56504389 0.22905028
vt 0.56983240 0.22905028
vt 0.57462091 0.22905028
vt 0.57940942 0.22905028
vt 0.58419792 0.22905028
vt 0.58898643 0.22905028
vt 0.59377494 0.22905028
vt 0.59856345 0.22905028
vt 0.60335196 0.22905028
vt 0.60814046 0.22905028
vt 0.61292897 0.22905028
vt 0.61771748 0.22905028
vt 0.62250599 0.22905028
vt 0.62729449 0.22905028
vt 0.63208300 0.22905028
vt 0.63687151 0.22905028
vt 0.64166002 0.22905028
vt 0.64644852 0.22905028
vt 0.65123703 0.22905028
vt 0.65602554 0.22905028
vt 0.66081405 0.22905028
vt 0.66560255 0.22905028
vt 0.67039106 0.22905028
vt 0.67517957 0.22905028
vt 0.67996808 0.22905028
vt 0.68475658 0.22905028
vt 0.68954509 0.22905028
vt 0.69433360 0.22905028
vt 0.69912211 0.22905028
vt 0.70391061 0.22905028
vt 0.70869912 0.22905028
vt 0.71348763 0.22905028
vt 0.71827614 0.22905028
vt 0.72306464 0.22905028
vt 0.22984836 0.22426177
vt 0.23463687 0.22426177
vt 0.23942538 0.22426177
vt 0.24421389 0.22426177
vt 0.24900239 0.22426177
vt 0.25379090 0.22426177
vt 0.25857941 0.22426177
vt 0.26336792 0.22426177
vt 0.26815642 0.22426177
vt 0.27294493 0.22426177
vt 0.27773344 0.22426177
vt 0.28252195 0.22426177
vt 0.28731045 0.22426177
vt 0.29209896 0.22426177
vt 0.29688747 0.22426177
vt 0.30167598 0.22426177
vt 0.30646449 0.22426177
vt 0.31125299 0.22426177
vt 0.31604150 0.22426177
vt 0.32083001 0.22426177
vt 0.32561852 0.22426177
vt 0.33040702 0.22426177
vt 0.33519553 0.22426177
vt 0.33998404 0.22426177
vt 0.34477255 0.22426177
vt 0.34956105 0.22426177
vt 0.35434956 0.22426177
vt 0.35913807 0.22426177
vt 0.36392658 0.22426177
vt 0.36871508 0.22426177
vt 0.37350359 0.22426177
vt 0.37829210 0.22426177
vt 0.38308061 0.22426177
vt 0.38786911 0.22426177
vt 0.39265762 0.22426177
vt 0.39744613 0.22426177
vt 0.40223464 0.22426177
vt 0.40702314 0.22426177
vt 0.41181165 0.22426177
vt 0.41660016 0.22426177
vt 0.42138867 0.22426177
vt 0.42617717 0.22426177
vt 0.43096568 0.22426177
vt 0.43575419 0.22426177
vt 0.44054270 0.22426177
vt 0.44533121 0.22426177
vt 0.45011971 0.22426177
vt 0.45490822 0.22426177
vt 0.45969673 0.22426177
vt 0.46448524 0.22426177
vt 0.46927374 0.22426177
vt 0.47406225 0.22426177
vt 0.47885076 0.22426177
vt 0.48363927 0.22426177
vt 0.48842777 0.22426177
vt 0.49321628 0.22426177
vt 0.49800479 0.22426177
vt 0.50279330 0.22426177
vt 0.50758180 0.22426177
vt 0.51237031 0.22426177
vt 0.51715882 0.22426177
vt 0.52194733 0.22426177
vt 0.52673583 0.22426177
vt 0.53152434 0.22426177
vt 0.53631285 0.22426177
vt 0.54110136 0.22426177
vt 0.54588986 0.22426177
vt 0.55067837 0.22426177
vt 0.55546688 0.22426177
vt 0.56025539 0.22426177
vt 0.56504389 0.22426177
vt 0.56983240 0.22426177
vt 0.57462091 0.22426177
vt 0.57940942 0.22426177
vt 0.58419792 0.22426177
vt 0.58898643 0.22426177
vt 0.59377494 0.22426177
vt 0.59856345 0.22426177
vt 0.60335196 0.22426177
vt 0.60814046 0.22426177
vt 0.61292897 0.22426177
vt 0.61771748 0.22426177
vt 0.62250599 0.22426177
vt 0.62729449 0.22426177
vt 0.63208300 0.22426177
vt 0.63687151 0.22426177
vt 0.64166002 0.22426177
vt 0.64644852 0.22426177
vt 0.65123703 0.22426177
vt 0.65602554 0.22426177
vt 0.66081405 0.22426177
vt 0.66560255 0.22426177
vt 0.67039106 0.22426177
vt 0.67517957 0.22426177
vt 0.67996808 0.22426177
vt 0.68475658 0.22426177
vt 0.68954509 0.22426177
vt 0.69433360 0.22426177
vt 0.69912211 0.22426177
vt 0.70391061 0.22426177
vt 0.70869912 0.22426177
vt 0.71348763 0.22426177
vt 0.71827614 0.22426177
vt 0.72306464 0.22426177
vt 0.22505986 0.21947326
vt 0.22984836 0.21947326
vt 0.23463687 0.21947326
vt 0.23942538 0.21947326
vt 0.24421389 0.21947326
vt 0.24900239 0.21947326
vt 0.25379090 0.21947326
vt 0.25857941 0.21947326
vt 0.26336792 0.21947326
vt 0.26815642 0.21947326
vt 0.27294493 0.21947326
vt 0.27773344 0.21947326
vt 0.28252195 0.21947326
vt 0.28731045 0.21947326
vt 0.29209896 0.21947326
vt 0.29688747 0.21947326
vt 0.30167598 0.21947326
vt 0.30646449 0.21947326
vt 0.31125299 0.21947326
vt 0.31604150 0.21947326
vt 0.32083001 0.21947326
vt 0.32561852 0.21947326
vt 0.33040702 0.21947326
vt 0.33519553 0.21947326
vt 0.33998404 0.21947326
vt 0.34477255 0.21947326
vt 0.34956105 0.21947326
vt 0.35434956 0.21947326
vt 0.35913807 0.21947326
vt 0.36392658 0.21947326
vt 0.36871508 0.21947326
vt 0.37350359 0.21947326
vt 0.37829210 0.21947326
vt 0.38308061 0.21947326
vt 0.38786911 0.21947326
vt 0.39265762 0.21947326
vt 0.39744613 0.21947326
vt 0.40223464 0.21947326
vt 0.40702314 0.21947326
vt 0.41181165 0.21947326
vt 0.41660016 0.21947326
vt 0.42138867 0.21947326
vt 0.42617717 0.21947326
vt 0.43096568 0.21947326
vt 0.43575419 0.21947326
vt 0.44054270 0.21947326
vt 0.44533121 0.21947326
vt 0.45011971 0.21947326
vt 0.45490822 0.21947326
vt 0.45969673 0.21947326
vt 0.46448524 0.21947326
vt 0.46927374 0.21947326
vt 0.47406225 0.21947326
vt 0.47885076 0.21947326
vt 0.48363927 0.21947326
vt 0.48842777 0.21947326
vt 0.49321628 0.21947326
vt 0.49800479 0.21947326
vt 0.50279330 0.21947326
vt 0.50758180 0.21947326
vt 0.51237031 0.21947326
vt 0.51715882 0.21947326
vt 0.52194733 0.21947326
vt 0.52673583 0.21947326
vt 0.53152434 0.21947326
vt 0.53631285 0.21947326
vt 0.54110136 0.21947326
vt 0.54588986 0.21947326
vt 0.55067837 0.21947326
vt 0.55546688 0.21947326
vt 0.56025539 0.21947326
vt 0.56504389 0.21947326
vt 0.56983240 0.21947326
vt 0.57462091 0.21947326
vt 0.57940942 0.21947326
vt 0.58419792 0.21947326
vt 0.58898643 0.21947326
vt 0.59377494 0.21947326
vt 0.59856345 0.21947326
vt 0.60335196 0.21947326
vt 0.60814046 0.21947326
vt 0.61292897 0.21947326
vt 0.61771748 0.21947326
vt 0.62250599 0.21947326
vt 0.62729449 0.21947326
vt 0.63208300 0.21947326
vt 0.63687151 0.21947326
vt 0.64166002 0.21947326
vt 0.64644852 0.21947326
vt 0.65123703 0.21947326
vt 0.65602554 0.21947326
vt 0.66081405 0.21947326
vt 0.66560255 0.21947326
vt 0.67039106 0.21947326
vt 0.67517957 0.21947326
vt 0.67996808 0.21947326
vt 0.68475658 0.21947326
vt 0.68954509 0.21947326
vt 0.69433360 0.21947326
vt 0.69912211 0.21947326
vt 0.70391061 0.21947326
vt 0.70869912 0.21947326
vt 0.71348763 0.21947326
vt 0.71827614 0.21947326
vt 0.72306464 0.21947326
vt 0.72785315 0.21947326
vt 0.22027135 0.21468476
vt 0.22505986 0.21468476
vt 0.22984836 0.21468476
vt 0.23463687 0.21468476
vt 0.23942538 0.21468476
vt 0.24421389 0.21468476
vt 0.24900239 0.21468476
vt 0.25379090 0.21468476
vt 0.25857941 0.21468476
vt 0.26336792 0.21468476
vt 0.26815642 0.21468476
vt 0.27294493 0.21468476
vt 0.27773344 0.21468476
vt 0.28252195 0.21468476
vt 0.28731045 0.21468476
vt 0.29209896 0.21468476
vt 0.29688747 0.21468476
vt 0.30167598 0.21468476
vt 0.30646449 0.21468476
vt 0.31125299 0.21468476
vt 0.31604150 0.21468476
vt 0.32083001 0.21468476
vt 0.32561852 0.21468476
vt 0.33040702 0.21468476
vt 0.33519553 0.21468476
vt 0.33998404 0.21468476
vt 0.34477255 0.21468476
vt 0.34956105 0.21468476
vt 0.35434956 0.21468476
vt 0.35913807 0.21468476
vt 0.36392658 0.21468476
vt 0.36871508 0.21468476
vt 0.37350359 0.21468476
vt 0.37829210 0.21468476
vt 0.38308061 0.21468476
vt 0.38786911 0.21468476
vt 0.39265762 0.21468476
vt 0.39744613 0.21468476
vt 0.40223464 0.21468476
vt 0.40702314 0.21468476
vt 0.41181165 0.21468476
vt 0.41660016 0.21468476
vt 0.42138867 0.21468476
vt 0.42617717 0.21468476
vt 0.43096568 0.21468476
vt 0.43575419 0.21468476
vt 0.44054270 0.21468476
vt 0.44533121 0.21468476
vt 0.45011971 0.21468476
vt 0.45490822 0.21468476
vt 0.45969673 0.21468476
vt 0.46448524 0.21468476
vt 0.46927374 0.21468476
vt 0.47406225 0.21468476
vt 0.47885076 0.21468476
vt 0.48363927 0.21468476
vt 0.48842777 0.21468476
vt 0.49321628 0.21468476
vt 0.49800479 0.21468476
vt 0.50279330 0.21468476
vt 0.50758180 0.21468476
vt 0.51237031 0.21468476
vt 0.51715882 0.21468476
vt 0.52194733 0.21468476
vt 0.52673583 0.21468476
vt 0.53152434 0.21468476
vt 0.53631285 0.21468476
vt 0.54110136 0.21468476
vt 0.54588986 0.21468476
vt 0.55067837 0.21468476
vt 0.55546688 0.21468476
vt 0.56025539 0.21468476
vt 0.56504389 0.21468476
vt 0.56983240 0.21468476
vt 0.57462091 0.21468476
vt 0.57940942 0.21468476
vt 0.58419792 0.21468476
vt 0.58898643 0.21468476
vt 0.59377494 0.21468476
vt 0.59856345 0.21468476
vt 0.60335196 0.21468476
vt 0.60814046 0.21468476
vt 0.61292897 0.21468476
vt 0.61771748 0.21468476
vt 0.62250599 0.21468476
vt 0.62729449 0.21468476
vt 0.63208300 0.21468476
vt 0.63687151 0.21468476
vt 0.64166002 0.21468476
vt 0.64644852 0.21468476
vt 0.65123703 0.21468476
vt 0.65602554 0.21468476
vt 0.66081405 0.21468476
vt 0.66560255 0.21468476
vt 0.67039106 0.21468476
vt 0.67517957 0.21468476
vt 0.67996808 0.21468476
vt 0.68475658 0.21468476
vt 0.68954509 0.21468476
vt 0.69433360 0.21468476
vt 0.69912211 0.21468476
vt 0.70391061 0.21468476
vt 0.70869912 0.21468476
vt 0.71348763 0.21468476
vt 0.71827614 0.21468476
vt 0.72306464 0.21468476
vt 0.72785315 0.21468476
vt 0.22027135 0.20989625
vt 0.22505986 0.20989625
vt 0.22984836 0.20989625
vt 0.23463687 0.20989625
vt 0.23942538 0.20989625
vt 0.24421389 0.20989625
vt 0.24900239 0.20989625
vt 0.25379090 0.20989625
vt 0.25857941 0.20989625
vt 0.26336792 0.20989625
vt 0.26815642 0.20989625
vt 0.27294493 0.20989625
vt 0.27773344 0.20989625
vt 0.28252195 0.20989625
vt 0.28731045 0.20989625
vt 0.29209896 0.20989625
vt 0.29688747 0.20989625
vt 0.30167598 0.20989625
vt 0.30646449 0.20989625
vt 0.31125299 0.20989625
vt 0.31604150 0.20989625
vt 0.32083001 0.20989625
vt 0.32561852 0.20989625
vt 0.33040702 0.20989625
vt 0.33519553 0.20989625
vt 0.33998404 0.20989625
vt 0.34477255 0.20989625
vt 0.34956105 0.20989625
vt 0.35434956 0.20989625
vt 0.35913807 0.20989625
vt 0.36392658 0.20989625
vt 0.36871508 0.20989625
vt 0.37350359 0.20989625
vt 0.37829210 0.20989625
vt 0.38308061 0.20989625
vt 0.38786911 0.20989625
vt 0.39265762 0.20989625
vt 0.39744613 0.20989625
vt 0.40223464 0.20989625
vt 0.40702314 0.20989625
vt 0.41181165 0.20989625
vt 0.41660016 0.20989625
vt 0.42138867 0.20989625
vt 0.42617717 0.20989625
vt 0.43096568 0.20989625
vt 0.43575419 0.20989625
vt 0.44054270 0.20989625
vt 0.44533121 0.20989625
vt 0.45011971 0.20989625
vt 0.45490822 0.20989625
vt 0.45969673 0.20989625
vt 0.46448524 0.20989625
vt 0.46927374 0.20989625
vt 0.47406225 0.20989625
vt 0.47885076 0.20989625
vt 0.48363927 0.20989625
vt 0.48842777 0.20989625
vt 0.49321628 0.20989625
vt 0.49800479 0.20989625
vt 0.50279330 0.20989625
vt 0.50758180 0.20989625
vt 0.51237031 0.20989625
vt 0.51715882 0.20989625
vt 0.52194733 0.20989625
vt 0.52673583 0.20989625
vt 0.53152434 0.20989625
vt 0.53631285 0.20989625
vt 0.54110136 0.20989625
vt 0.54588986 0.20989625
vt 0.55067837 0.20989625
vt 0.55546688 0.20989625
vt 0.56025539 0.20989625
vt 0.56504389 0.20989625
vt 0.56983240 0.20989625
vt 0.57462091 0.20989625
vt 0.57940942 0.20989625
vt 0.58419792 0.20989625
vt 0.58898643 0.20989625
vt 0.59377494 0.20989625
vt 0.59856345 0.20989625
vt 0.60335196 0.20989625
vt 0.60814046 0.20989625
vt 0.61292897 0.20989625
vt 0.61771748 0.20989625
vt 0.62250599 0.20989625
vt 0.62729449 0.20989625
vt 0.63208300 0.20989625
vt 0.63687151 0.20989625
vt 0.64166002 0.20989625
vt 0.64644852 0.20989625
vt 0.65123703 0.20989625
vt 0.65602554 0.20989625
vt 0.66081405 0.20989625
vt 0.66560255 0.20989625
vt 0.67039106 0.20989625
vt 0.67517957 0.20989625
vt 0.67996808 0.20989625
vt 0.68475658 0.20989625
vt 0.68954509 0.20989625
vt 0.69433360 0.20989625
vt 0.69912211 0.20989625
vt 0.70391061 0.20989625
vt 0.70869912 0.20989625
vt 0.71348763 0.20989625
vt 0.71827614 0.20989625
vt 0.72306464 0.20989625
vt 0.72785315 0.20989625
vt 0.73264166 0.20989625
vt 0.21548284 0.20510774
vt 0.22027135 0.20510774
vt 0.22505986 0.20510774
vt 0.22984836 0.20510774
vt 0.23463687 0.20510774
vt 0.23942538 0.20510774
vt 0.24421389 0.20510774
vt 0.24900239 0.20510774
vt 0.25379090 0.20510774
vt 0.25857941 0.20510774
vt 0.26336792 0.20510774
vt 0.26815642 0.20510774
vt 0.27294493 0.20510774
vt 0.27773344 0.20510774
vt 0.28252195 0.20510774
vt 0.28731045 0.20510774
vt 0.29209896 0.20510774
vt 0.29688747 0.20510774
vt 0.30167598 0.20510774
vt 0.30646449 0.20510774
vt 0.31125299 0.20510774
vt 0.31604150 0.20510774
vt 0.32083001 0.20510774
vt 0.32561852 0.20510774
vt 0.33040702 0.20510774
vt 0.33519553 0.20510774
vt 0.33998404 0.20510774
vt 0.34477255 0.20510774
vt 0.34956105 0.20510774
vt 0.35434956 0.20510774
vt 0.35913807 0.20510774
vt 0.36392658 0.20510774
vt 0.36871508 0.20510774
vt 0.37350359 0.20510774
vt 0.37829210 0.20510774
vt 0.38308061 0.20510774
vt 0.38786911 0.20510774
vt 0.39265762 0.20510774
vt 0.39744613 0.20510774
vt 0.40223464 0.20510774
vt 0.40702314 0.20510774
vt 0.41181165 0.20510774
vt 0.41660016 0.20510774
vt 0.42138867 0.20510774
vt 0.42617717 0.20510774
vt 0.43096568 0.20510774
vt 0.43575419 0.20510774
vt 0.44054270 0.20510774
vt 0.44533121 0.20510774
vt 0.45011971 0.20510774
vt 0.45490822 0.20510774
vt 0.45969673 0.20510774
vt 0.46448524 0.20510774
vt 0.46927374 0.20510774
vt 0.47406225 0.20510774
vt 0.47885076 0.20510774
vt 0.48363927 0.20510774
vt 0.48842777 0.20510774
vt 0.49321628 0.20510774
vt 0.49800479 0.20510774
vt 0.50279330 0.20510774
vt 0.50758180 0.20510774
vt 0.51237031 0.20510774
vt 0.51715882 0.20510774
vt 0.52194733 0.20510774
vt 0.52673583 0.20510774
vt 0.53152434 0.20510774
vt 0.53631285 0.20510774
vt 0.54110136 0.20510774
vt 0.54588986 0.20510774
vt 0.55067837 0.20510774
vt 0.55546688 0.20510774
vt 0.56025539 0.20510774
vt 0.56504389 0.20510774
vt 0.56983240 0.20510774
vt 0.57462091 0.20510774
vt 0.57940942 0.20510774
vt 0.58419792 0.20510774
vt 0.58898643 0.20510774
vt 0.59377494 0.20510774
vt 0.59856345 0.20510774
vt 0.60335196 0.20510774
vt 0.60814046 0.20510774
vt 0.61292897 0.20510774
vt 0.61771748 0.20510774
vt 0.62250599 0.20510774
vt 0.62729449 0.20510774
vt 0.63208300 0.20510774
vt 0.63687151 0.20510774
vt 0.64166002 0.20510774
vt 0.64644852 0.20510774
vt 0.65123703 0.20510774
vt 0.65602554 0.20510774
vt 0.66081405 0.20510774
vt 0.66560255 0.20510774
vt 0.67039106 0.20510774
vt 0.67517957 0.20510774
vt 0.67996808 0.20510774
vt 0.68475658 0.20510774
vt 0.68954509 0.20510774
vt 0.69433360 0.20510774
vt 0.69912211 0.20510774
vt 0.70391061 0.20510774
vt 0.70869912 0.20510774
vt 0.71348763 0.20510774
vt 0.71827614 0.20510774
vt 0.72306464 0.20510774
vt 0.72785315 0.20510774
vt 0.73264166 0.20510774
vt 0.21548284 0.20031923
vt 0.22027135 0.20031923
vt 0.22505986 0.20031923
vt 0.22984836 0.20031923
vt 0.23463687 0.20031923
vt 0.23942538 0.20031923
vt 0.24421389 0.20031923
vt 0.24900239 0.20031923
vt 0.25379090 0.20031923
vt 0.25857941 0.20031923
vt 0.26336792 0.20031923
vt 0.26815642 0.20031923
vt 0.27294493 0.20031923
vt 0.27773344 0.20031923
vt 0.28252195 0.20031923
vt 0.28731045 0.20031923
vt 0.29209896 0.20031923
vt 0.29688747 0.20031923
vt 0.30167598 0.20031923
vt 0.30646449 0.20031923
vt 0.31125299 0.20031923
vt 0.31604150 0.20031923
vt 0.32083001 0.20031923
vt 0.32561852 0.20031923
vt 0.33040702 0.20031923
vt 0.33519553 0.20031923
vt 0.33998404 0.20031923
vt 0.34477255 0.20031923
vt 0.34956105 0.20031923
vt 0.35434956 0.20031923
vt 0.35913807 0.20031923
vt 0.36392658 0.20031923
vt 0.36871508 0.20031923
vt 0.37350359 0.20031923
vt 0.37829210 0.20031923
vt 0.38308061 0.20031923
vt 0.38786911 0.20031923
vt 0.39265762 0.20031923
vt 0.39744613 0.20031923
vt 0.40223464 0.20031923
vt 0.40702314 0.20031923
vt 0.41181165 0.20031923
vt 0.41660016 0.20031923
vt 0.42138867 0.20031923
vt 0.42617717 0.20031923
vt 0.43096568 0.20031923
vt 0.43575419 0.20031923
vt 0.44054270 0.20031923
vt 0.44533121 0.20031923
vt 0.45011971 0.20031923
vt 0.45490822 0.20031923
vt 0.45969673 0.20031923
vt 0.46448524 0.20031923
vt 0.46927374 0.20031923
vt 0.47406225 0.20031923
vt 0.47885076 0.20031923
vt 0.48363927 0.20031923
vt 0.48842777 0.20031923
vt 0.49321628 0.20031923
vt 0.49800479 0.20031923
vt 0.50279330 0.20031923
vt 0.50758180 0.20031923
vt 0.51237031 0.20031923
vt 0.51715882 0.20031923
vt 0.52194733 0.20031923
vt 0.52673583 0.20031923
vt 0.53152434 0.20031923
vt 0.53631285 0.20031923
vt 0.54110136 0.20031923
vt 0.54588986 0.20031923
vt 0.55067837 0.20031923
vt 0.55546688 0.20031923
vt 0.56025539 0.20031923
vt 0.56504389 0.20031923
vt 0.56983240 0.20031923
vt 0.57462091 0.20031923
vt 0.57940942 0.20031923
vt 0.58419792 0.20031923
vt 0.58898643 0.20031923
vt 0.59377494 0.20031923
vt 0.59856345 0.20031923
vt 0.60335196 0.20031923
vt 0.60814046 0.20031923
vt 0.61292897 0.20031923
vt 0.61771748 0.20031923
vt 0.62250599 0.20031923
vt 0.62729449 0.20031923
vt 0.63208300 0.20031923
vt 0.63687151 0.20031923
vt 0.64166002 0.20031923
vt 0.64644852 0.20031923
vt 0.65123703 0.20031923
vt 0.65602554 0.20031923
vt 0.66081405 0.20031923
vt 0.66560255 0.20031923
vt 0.67039106 0.20031923
vt 0.67517957 0.20031923
vt 0.67996808 0.20031923
vt 0.68475658 0.20031923
vt 0.68954509 0.20031923
vt 0.69433360 0.20031923
vt 0.69912211 0.20031923
vt 0.70391061 0.20031923
vt 0.70869912 0.20031923
vt 0.71348763 0.20031923
vt 0.71827614 0.20031923
vt 0.72306464 0.20031923
vt 0.72785315 0.20031923
vt 0.73264166 0.20031923
vt 0.73743017 0.20031923
vt 0.21548284 0.19553073
vt 0.22027135 0.19553073
vt 0.22505986 0.19553073
vt 0.22984836 0.19553073
vt 0.23463687 0.19553073
vt 0.23942538 0.19553073
vt 0.24421389 0.19553073
vt 0.24900239 0.19553073
vt 0.25379090 0.19553073
vt 0.25857941 0.19553073
vt 0.26336792 0.19553073
vt 0.26815642 0.19553073
vt 0.27294493 0.19553073
vt 0.27773344 0.19553073
vt 0.28252195 0.19553073
vt 0.28731045 0.19553073
vt 0.29209896 0.19553073
vt 0.29688747 0.19553073
vt 0.30167598 0.19553073
vt 0.30646449 0.19553073
vt 0.31125299 0.19553073
vt 0.31604150 0.19553073
vt 0.32083001 0.19553073
vt 0.32561852 0.19553073
vt 0.33040702 0.19553073
vt 0.33519553 0.19553073
vt 0.33998404 0.19553073
vt 0.34477255 0.19553073
vt 0.34956105 0.19553073
vt 0.35434956 0.19553073
vt 0.35913807 0.19553073
vt 0.36392658 0.19553073
vt 0.36871508 0.19553073
vt 0.37350359 0.19553073
vt 0.37829210 0.19553073
vt 0.38308061 0.19553073
vt 0.38786911 0.19553073
vt 0.39265762 0.19553073
vt 0.39744613 0.19553073
vt 0.40223464 0.19553073
vt 0.40702314 0.19553073
vt 0.41181165 0.19553073
vt 0.41660016 0.19553073
vt 0.42138867 0.19553073
vt 0.42617717 0.19553073
vt 0.43096568 0.19553073
vt 0.43575419 0.19553073
vt 0.44054270 0.19553073
vt 0.44533121 0.19553073
vt 0.45011971 0.19553073
vt 0.45490822 0.19553073
vt 0.45969673 0.19553073
vt 0.46448524 0.19553073
vt 0.46927374 0.19553073
vt 0.47406225 0.19553073
vt 0.47885076 0.19553073
vt 0.48363927 0.19553073
vt 0.48842777 0.19553073
vt 0.49321628 0.19553073
vt 0.49800479 0.19553073
vt 0.50279330 0.19553073
vt 0.50758180 0.19553073
vt 0.51237031 0.19553073
vt 0.51715882 0.19553073
vt 0.52194733 0.19553073
vt 0.52673583 0.19553073
vt 0.53152434 0.19553073
vt 0.53631285 0.19553073
vt 0.54110136 0.19553073
vt 0.54588986 0.19553073
vt 0.55067837 0.19553073
vt 0.55546688 0.19553073
vt 0.56025539 0.19553073
vt 0.56504389 0.19553073
vt 0.56983240 0.19553073
vt 0.57462091 0.19553073
vt 0.57940942 0.19553073
vt 0.58419792 0.19553073
vt 0.58898643 0.19553073
vt 0.59377494 0.19553073
vt 0.59856345 0.19553073
vt 0.60335196 0.19553073
vt 0.60814046 0.19553073
vt 0.61292897 0.19553073
vt 0.61771748 0.19553073
vt 0.62250599 0.19553073
vt 0.62729449 0.19553073
vt 0.63208300 0.19553073
vt 0.63687151 0.19553073
vt 0.64166002 0.19553073
vt 0.64644852 0.19553073
vt 0.65123703 0.19553073
vt 0.65602554 0.19553073
vt 0.66081405 0.19553073
vt 0.66560255 0.19553073
vt 0.67039106 0.19553073
vt 0.67517957 0.19553073
vt 0.67996808 0.19553073
vt 0.68475658 0.19553073
vt 0.68954509 0.19553073
vt 0.69433360 0.19553073
vt 0.69912211 0.19553073
vt 0.70391061 0.19553073
vt 0.70869912 0.19553073
vt 0.71348763 0.19553073
vt 0.71827614 0.19553073
vt 0.72306464 0.19553073
vt 0.72785315 0.19553073
vt 0.73264166 0.19553073
vt 0.73743017 0.19553073
vt 0.21069433 0.19074222
vt 0.21548284 0.19074222
vt 0.22027135 0.19074222
vt 0.22505986 0.19074222
vt 0.22984836 0.19074222
vt 0.23463687 0.19074222
vt 0.23942538 0.19074222
vt 0.24421389 0.19074222
vt 0.24900239 0.19074222
vt 0.25379090 0.19074222
vt 0.25857941 0.19074222
vt 0.26336792 0.19074222
vt 0.26815642 0.19074222
vt 0.27294493 0.19074222
vt 0.27773344 0.19074222
vt 0.28252195 0.19074222
vt 0.28731045 0.19074222
vt 0.29209896 0.19074222
vt 0.29688747 0.19074222
vt 0.30167598 0.19074222
vt 0.30646449 0.19074222
vt 0.31125299 0.19074222
vt 0.31604150 0.19074222
vt 0.32083001 0.19074222
vt 0.32561852 0.19074222
vt 0.33040702 0.19074222
vt 0.33519553 0.19074222
vt 0.33998404 0.19074222
vt 0.34477255 0.19074222
vt 0.34956105 0.19074222
vt 0.35434956 0.19074222
vt 0.35913807 0.19074222
vt 0.36392658 0.19074222
vt 0.36871508 0.19074222
vt 0.37350359 0.19074222
vt 0.37829210 0.19074222
vt 0.38308061 0.19074222
vt 0.38786911 0.19074222
vt 0.39265762 0.19074222
vt 0.39744613 0.19074222
vt 0.40223464 0.19074222
vt 0.40702314 0.19074222
vt 0.41181165 0.19074222
vt 0.41660016 0.19074222
vt 0.42138867 0.19074222
vt 0.42617717 0.19074222
vt 0.43096568 0.19074222
vt 0.43575419 0.19074222
vt 0.44054270 0.19074222
vt 0.44533121 0.19074222
vt 0.45011971 0.19074222
vt 0.45490822 0.19074222
vt 0.45969673 0.19074222
vt 0.46448524 0.19074222
vt 0.46927374 0.19074222
vt 0.47406225 0.19074222
vt 0.47885076 0.19074222
vt 0.48363927 0.19074222
vt 0.48842777 0.19074222
vt 0.49321628 0.19074222
vt 0.49800479 0.19074222
vt 0.50279330 0.19074222
vt 0.50758180 0.19074222
vt 0.51237031 0.19074222
vt 0.51715882 0.19074222
vt 0.52194733 0.19074222
vt 0.52673583 0.19074222
vt 0.53152434 0.19074222
vt 0.53631285 0.19074222
vt 0.54110136 0.19074222
vt 0.54588986 0.19074222
vt 0.55067837 0.19074222
vt 0.55546688 0.19074222
vt 0.56025539 0.19074222
vt 0.56504389 0.19074222
vt 0.56983240 0.19074222
vt 0.57462091 0.19074222
vt 0.57940942 0.19074222
vt 0.58419792 0.19074222
vt 0.58898643 0.19074222
vt 0.59377494 0.19074222
vt 0.59856345 0.19074222
vt 0.60335196 0.19074222
vt 0.60814046 0.19074222
vt 0.61292897 0.19074222
vt 0.61771748 0.19074222
vt 0.62250599 0.19074222
vt 0.62729449 0.19074222
vt 0.63208300 0.19074222
vt 0.63687151 0.19074222
vt 0.64166002 0.19074222
vt 0.64644852 0.19074222
vt 0.65123703 0.19074222
vt 0.65602554 0.19074222
vt 0.66081405 0.19074222
vt 0.66560255 0.19074222
vt 0.67039106 0.19074222
vt 0.67517957 0.19074222
vt 0.67996808 0.19074222
vt 0.68475658 0.19074222
vt 0.68954509 0.19074222
vt 0.69433360 0.19074222
vt 0.69912211 0.19074222
vt 0.70391061 0.19074222
vt 0.70869912 0.19074222
vt 0.71348763 0.19074222
vt 0.71827614 0.19074222
vt 0.72306464 0.19074222
vt 0.72785315 0.19074222
vt 0.73264166 0.19074222
vt 0.73743017 0.19074222
vt 0.21548284 0.18595371
vt 0.22027135 0.18595371
vt 0.22505986 0.18595371
vt 0.22984836 0.18595371
vt 0.23463687 0.18595371
vt 0.23942538 0.18595371
vt 0.24421389 0.18595371
vt 0.24900239 0.18595371
vt 0.25379090 0.18595371
vt 0.25857941 0.18595371
vt 0.26336792 0.18595371
vt 0.26815642 0.18595371
vt 0.27294493 0.18595371
vt 0.27773344 0.18595371
vt 0.28252195 0.18595371
vt 0.28731045 0.18595371
vt 0.29209896 0.18595371
vt 0.29688747 0.18595371
vt 0.30167598 0.18595371
vt 0.30646449 0.18595371
vt 0.31125299 0.18595371
vt 0.31604150 0.18595371
vt 0.32083001 0.18595371
vt 0.32561852 0.18595371
vt 0.33040702 0.18595371
vt 0.33519553 0.18595371
vt 0.33998404 0.18595371
vt 0.34477255 0.18595371
vt 0.35434956 0.18595371
vt 0.35913807 0.18595371
vt 0.36392658 0.18595371
vt 0.36871508 0.18595371
vt 0.37350359 0.18595371
vt 0.37829210 0.18595371
vt 0.38308061 0.18595371
vt 0.38786911 0.18595371
vt 0.39265762 0.18595371
vt 0.39744613 0.18595371
vt 0.40223464 0.18595371
vt 0.40702314 0.18595371
vt 0.41181165 0.18595371
vt 0.41660016 0.18595371
vt 0.42138867 0.18595371
vt 0.42617717 0.18595371
vt 0.43096568 0.18595371
vt 0.43575419 0.18595371
vt 0.44054270 0.18595371
vt 0.44533121 0.18595371
vt 0.45011971 0.18595371
vt 0.45490822 0.18595371
vt 0.45969673 0.18595371
vt 0.46448524 0.18595371
vt 0.46927374 0.18595371
vt 0.47406225 0.18595371
vt 0.47885076 0.18595371
vt 0.48363927 0.18595371
vt 0.48842777 0.18595371
vt 0.49321628 0.18595371
vt 0.49800479 0.18595371
vt 0.50279330 0.18595371
vt 0.50758180 0.18595371
vt 0.51237031 0.18595371
vt 0.51715882 0.18595371
vt 0.52194733 0.18595371
vt 0.52673583 0.18595371
vt 0.53152434 0.18595371
vt 0.53631285 0.18595371
vt 0.54110136 0.18595371
vt 0.54588986 0.18595371
vt 0.55067837 0.18595371
vt 0.55546688 0.18595371
vt 0.56025539 0.18595371
vt 0.56504389 0.18595371
vt 0.56983240 0.18595371
vt 0.57462091 0.18595371
vt 0.57940942 0.18595371
vt 0.58419792 0.18595371
vt 0.58898643 0.18595371
vt 0.59377494 0.18595371
vt 0.59856345 0.18595371
vt 0.60335196 0.18595371
vt 0.60814046 0.18595371
vt 0.61292897 0.18595371
vt 0.61771748 0.18595371
vt 0.62250599 0.18595371
vt 0.62729449 0.18595371
vt 0.63208300 0.18595371
vt 0.63687151 0.18595371
vt 0.64166002 0.18595371
vt 0.64644852 0.18595371
vt 0.65123703 0.18595371
vt 0.65602554 0.18595371
vt 0.66081405 0.18595371
vt 0.66560255 0.18595371
vt 0.67039106 0.18595371
vt 0.67517957 0.18595371
vt 0.67996808 0.18595371
vt 0.68475658 0.18595371
vt 0.68954509 0.18595371
vt 0.69433360 0.18595371
vt 0.69912211 0.18595371
vt 0.70391061 0.18595371
vt 0.70869912 0.18595371
vt 0.71348763 0.18595371
vt 0.71827614 0.18595371
vt 0.72306464 0.18595371
vt 0.72785315 0.18595371
vt 0.73264166 0.18595371
vt 0.73743017 0.18595371
vt 0.22505986 0.18116520
vt 0.22984836 0.18116520
vt 0.23463687 0.18116520
vt 0.23942538 0.18116520
vt 0.24421389 0.18116520
vt 0.24900239 0.18116520
vt 0.25379090 0.18116520
vt 0.25857941 0.18116520
vt 0.26336792 0.18116520
vt 0.26815642 0.18116520
vt 0.27294493 0.18116520
vt 0.27773344 0.18116520
vt 0.28252195 0.18116520
vt 0.28731045 0.18116520
vt 0.29209896 0.18116520
vt 0.29688747 0.18116520
vt 0.30167598 0.18116520
vt 0.30646449 0.18116520
vt 0.31125299 0.18116520
vt 0.31604150 0.18116520
vt 0.32083001 0.18116520
vt 0.32561852 0.18116520
vt 0.33040702 0.18116520
vt 0.33519553 0.18116520
vt 0.33998404 0.18116520
vt 0.34477255 0.18116520
vt 0.34956105 0.18116520
vt 0.35434956 0.18116520
vt 0.35913807 0.18116520
vt 0.36392658 0.18116520
vt 0.36871508 0.18116520
vt 0.37350359 0.18116520
vt 0.37829210 0.18116520
vt 0.38308061 0.18116520
vt 0.38786911 0.18116520
vt 0.39265762 0.18116520
vt 0.39744613 0.18116520
vt 0.40223464 0.18116520
vt 0.40702314 0.18116520
vt 0.41181165 0.18116520
vt 0.41660016 0.18116520
vt 0.42138867 0.18116520
vt 0.42617717 0.18116520
vt 0.43096568 0.18116520
vt 0.43575419 0.18116520
vt 0.44054270 0.18116520
vt 0.44533121 0.18116520
vt 0.45011971 0.18116520
vt 0.45490822 0.18116520
vt 0.45969673 0.18116520
vt 0.46448524 0.18116520
vt 0.46927374 0.18116520
vt 0.47406225 0.18116520
vt 0.47885076 0.18116520
vt 0.48363927 0.18116520
vt 0.48842777 0.18116520
vt 0.49321628 0.18116520
vt 0.49800479 0.18116520
vt 0.50279330 0.18116520
vt 0.50758180 0.18116520
vt 0.51237031 0.18116520
vt 0.51715882 0.18116520
vt 0.52194733 0.18116520
vt 0.52673583 0.18116520
vt 0.53152434 0.18116520
vt 0.53631285 0.18116520
vt 0.54110136 0.18116520
vt 0.54588986 0.18116520
vt 0.55067837 0.18116520
vt 0.55546688 0.18116520
vt 0.56025539 0.18116520
vt 0.56504389 0.18116520
vt 0.56983240 0.18116520
vt 0.57462091 0.18116520
vt 0.57940942 0.18116520
vt 0.58419792 0.18116520
vt 0.58898643 0.18116520
vt 0.59377494 0.18116520
vt 0.59856345 0.18116520
vt 0.60335196 0.18116520
vt 0.60814046 0.18116520
vt 0.61292897 0.18116520
vt 0.61771748 0.18116520
vt 0.62250599 0.18116520
vt 0.62729449 0.18116520
vt 0.63208300 0.18116520
vt 0.63687151 0.18116520
vt 0.64166002 0.18116520
vt 0.64644852 0.18116520
vt 0.65123703 0.18116520
vt 0.65602554 0.18116520
vt 0.66081405 0.18116520
vt 0.66560255 0.18116520
vt 0.67039106 0.18116520
vt 0.67517957 0.18116520
vt 0.67996808 0.18116520
vt 0.68475658 0.18116520
vt 0.68954509 0.18116520
vt 0.69433360 0.18116520
vt 0.69912211 0.18116520
vt 0.70391061 0.18116520
vt 0.70869912 0.18116520
vt 0.71348763 0.18116520
vt 0.71827614 0.18116520
vt 0.72306464 0.18116520
vt 0.72785315 0.18116520
vt 0.73264166 0.18116520
vt 0.73743017 0.18116520
vt 0.24421389 0.17637670
vt 0.24900239 0.17637670
vt 0.25379090 0.17637670
vt 0.25857941 0.17637670
vt 0.26336792 0.17637670
vt 0.26815642 0.17637670
vt 0.27294493 0.17637670
vt 0.27773344 0.17637670
vt 0.28252195 0.17637670
vt 0.28731045 0.17637670
vt 0.29209896 0.17637670
vt 0.29688747 0.17637670
vt 0.30167598 0.17637670
vt 0.30646449 0.17637670
vt 0.31125299 0.17637670
vt 0.31604150 0.17637670
vt 0.32083001 0.17637670
vt 0.32561852 0.17637670
vt 0.33040702 0.17637670
vt 0.33519553 0.17637670
vt 0.33998404 0.17637670
vt 0.34477255 0.17637670
vt 0.34956105 0.17637670
vt 0.35434956 0.17637670
vt 0.35913807 0.17637670
vt 0.36392658 0.17637670
vt 0.36871508 0.17637670
vt 0.37350359 0.17637670
vt 0.37829210 0.17637670
vt 0.38308061 0.17637670
vt 0.38786911 0.17637670
vt 0.39265762 0.17637670
vt 0.39744613 0.17637670
vt 0.40223464 0.17637670
vt 0.40702314 0.17637670
vt 0.41181165 0.17637670
vt 0.41660016 0.17637670
vt 0.42138867 0.17637670
vt 0.42617717 0.17637670
vt 0.43096568 0.17637670
vt 0.43575419 0.17637670
vt 0.44054270 0.17637670
vt 0.44533121 0.17637670
vt 0.45011971 0.17637670
vt 0.45490822 0.17637670
vt 0.45969673 0.17637670
vt 0.46448524 0.17637670
vt 0.46927374 0.17637670
vt 0.47406225 0.17637670
vt 0.47885076 0.17637670
vt 0.48363927 0.17637670
vt 0.48842777 0.17637670
vt 0.49321628 0.17637670
vt 0.49800479 0.17637670
vt 0.50279330 0.17637670
vt 0.50758180 0.17637670
vt 0.51237031 0.17637670
vt 0.51715882 0.17637670
vt 0.52194733 0.17637670
vt 0.52673583 0.17637670
vt 0.53152434 0.17637670
vt 0.53631285 0.17637670
vt 0.54110136 0.17637670
vt 0.54588986 0.17637670
vt 0.55067837 0.17637670
vt 0.55546688 0.17637670
vt 0.56025539 0.17637670
vt 0.56504389 0.17637670
vt 0.56983240 0.17637670
vt 0.57462091 0.17637670
vt 0.57940942 0.17637670
vt 0.58419792 0.17637670
vt 0.58898643 0.17637670
vt 0.59377494 0.17637670
vt 0.59856345 0.17637670
vt 0.60335196 0.17637670
vt 0.60814046 0.17637670
vt 0.61292897 0.17637670
vt 0.61771748 0.17637670
vt 0.62250599 0.17637670
vt 0.62729449 0.17637670
vt 0.63208300 0.17637670
vt 0.63687151 0.17637670
vt 0.64166002 0.17637670
vt 0.64644852 0.17637670
vt 0.65123703 0.17637670
vt 0.65602554 0.17637670
vt 0.66081405 0.17637670
vt 0.66560255 0.17637670
vt 0.67039106 0.17637670
vt 0.67517957 0.17637670
vt 0.67996808 0.17637670
vt 0.68475658 0.17637670
vt 0.68954509 0.17637670
vt 0.69433360 0.17637670
vt 0.69912211 0.17637670
vt 0.70391061 0.17637670
vt 0.70869912 0.17637670
vt 0.71348763 0.17637670
vt 0.71827614 0.17637670
vt 0.72306464 0.17637670
vt 0.72785315 0.17637670
vt 0.73264166 0.17637670
vt 0.73743017 0.17637670
vt 0.74221868 0.17637670
vt 0.24900239 0.17158819
vt 0.25379090 0.17158819
vt 0.25857941 0.17158819
vt 0.26336792 0.17158819
vt 0.26815642 0.17158819
vt 0.27294493 0.17158819
vt 0.27773344 0.17158819
vt 0.28252195 0.17158819
vt 0.28731045 0.17158819
vt 0.29209896 0.17158819
vt 0.29688747 0.17158819
vt 0.30167598 0.17158819
vt 0.30646449 0.17158819
vt 0.31125299 0.17158819
vt 0.31604150 0.17158819
vt 0.32083001 0.17158819
vt 0.32561852 0.17158819
vt 0.33040702 0.17158819
vt 0.33519553 0.17158819
vt 0.33998404 0.17158819
vt 0.34477255 0.17158819
vt 0.34956105 0.17158819
vt 0.35434956 0.17158819
vt 0.35913807 0.17158819
vt 0.36392658 0.17158819
vt 0.36871508 0.17158819
vt 0.37350359 0.17158819
vt 0.37829210 0.17158819
vt 0.38308061 0.17158819
vt 0.38786911 0.17158819
vt 0.39265762 0.17158819
vt 0.39744613 0.17158819
vt 0.40223464 0.17158819
vt 0.40702314 0.17158819
vt 0.41181165 0.17158819
vt 0.41660016 0.17158819
vt 0.42138867 0.17158819
vt 0.42617717 0.17158819
vt 0.43096568 0.17158819
vt 0.43575419 0.17158819
vt 0.44054270 0.17158819
vt 0.44533121 0.17158819
vt 0.45011971 0.17158819
vt 0.45490822 0.17158819
vt 0.45969673 0.17158819
vt 0.46448524 0.17158819
vt 0.46927374 0.17158819
vt 0.47406225 0.17158819
vt 0.47885076 0.17158819
vt 0.48363927 0.17158819
vt 0.48842777 0.17158819
vt 0.49321628 0.17158819
vt 0.49800479 0.17158819
vt 0.50279330 0.17158819
vt 0.50758180 0.17158819
vt 0.51237031 0.17158819
vt 0.51715882 0.17158819
vt 0.52194733 0.17158819
vt 0.52673583 0.17158819
vt 0.53152434 0.17158819
vt 0.53631285 0.17158819
vt 0.54110136 0.17158819
vt 0.54588986 0.17158819
vt 0.55067837 0.17158819
vt 0.55546688 0.17158819
vt 0.56025539 0.17158819
vt 0.56504389 0.17158819
vt 0.56983240 0.17158819
vt 0.57462091 0.17158819
vt 0.57940942 0.17158819
vt 0.58419792 0.17158819
vt 0.58898643 0.17158819
vt 0.59377494 0.17158819
vt 0.59856345 0.17158819
vt 0.60335196 0.17158819
vt 0.60814046 0.17158819
vt 0.61292897 0.17158819
vt 0.61771748 0.17158819
vt 0.62250599 0.17158819
vt 0.62729449 0.17158819
vt 0.63208300 0.17158819
vt 0.63687151 0.17158819
vt 0.64166002 0.17158819
vt 0.64644852 0.17158819
vt 0.65123703 0.17158819
vt 0.65602554 0.17158819
vt 0.66081405 0.17158819
vt 0.66560255 0.17158819
vt 0.67039106 0.17158819
vt 0.67517957 0.17158819
vt 0.67996808 0.17158819
vt 0.68475658 0.17158819
vt 0.68954509 0.17158819
vt 0.69433360 0.17158819
vt 0.69912211 0.17158819
vt 0.70391061 0.17158819
vt 0.70869912 0.17158819
vt 0.71348763 0.17158819
vt 0.71827614 0.17158819
vt 0.72306464 0.17158819
vt 0.72785315 0.17158819
vt 0.73264166 0.17158819
vt 0.73743017 0.17158819
vt 0.74221868 0.17158819
vt 0.27294493 0.16679968
vt 0.27773344 0.16679968
vt 0.28252195 0.16679968
vt 0.28731045 0.16679968
vt 0.29209896 0.16679968
vt 0.29688747 0.16679968
vt 0.30167598 0.16679968
vt 0.30646449 0.16679968
vt 0.31125299 0.16679968
vt 0.31604150 0.16679968
vt 0.32083001 0.16679968
vt 0.32561852 0.16679968
vt 0.33040702 0.16679968
vt 0.33519553 0.16679968
vt 0.33998404 0.16679968
vt 0.34477255 0.16679968
vt 0.34956105 0.16679968
vt 0.35434956 0.16679968
vt 0.35913807 0.16679968
vt 0.36392658 0.16679968
vt 0.36871508 0.16679968
vt 0.37350359 0.16679968
vt 0.37829210 0.16679968
vt 0.38308061 0.16679968
vt 0.38786911 0.16679968
vt 0.39265762 0.16679968
vt 0.39744613 0.16679968
vt 0.40223464 0.16679968
vt 0.40702314 0.16679968
vt 0.41181165 0.16679968
vt 0.41660016 0.16679968
vt 0.42138867 0.16679968
vt 0.42617717 0.16679968
vt 0.43096568 0.16679968
vt 0.43575419 0.16679968
vt 0.44054270 0.16679968
vt 0.44533121 0.16679968
vt 0.45011971 0.16679968
vt 0.45490822 0.16679968
vt 0.45969673 0.16679968
vt 0.46448524 0.16679968
vt 0.46927374 0.16679968
vt 0.47406225 0.16679968
vt 0.47885076 0.16679968
vt 0.48363927 0.16679968
vt 0.48842777 0.16679968
vt 0.49321628 0.16679968
vt 0.49800479 0.16679968
vt 0.50279330 0.16679968
vt 0.50758180 0.16679968
vt 0.51237031 0.16679968
vt 0.51715882 0.16679968
vt 0.52194733 0.16679968
vt 0.52673583 0.16679968
vt 0.53152434 0.16679968
vt 0.53631285 0.16679968
vt 0.54110136 0.16679968
vt 0.54588986 0.16679968
vt 0.55067837 0.16679968
vt 0.55546688 0.16679968
vt 0.56025539 0.16679968
vt 0.56504389 0.16679968
vt 0.56983240 0.16679968
vt 0.57462091 0.16679968
vt 0.57940942 0.16679968
vt 0.58419792 0.16679968
vt 0.58898643 0.16679968
vt 0.59377494 0.16679968
vt 0.59856345 0.16679968
vt 0.60335196 0.16679968
vt 0.60814046 0.16679968
vt 0.61292897 0.16679968
vt 0.61771748 0.16679968
vt 0.62250599 0.16679968
vt 0.62729449 0.16679968
vt 0.63208300 0.16679968
vt 0.63687151 0.16679968
vt 0.64166002 0.16679968
vt 0.64644852 0.16679968
vt 0.65123703 0.16679968
vt 0.65602554 0.16679968
vt 0.66081405 0.16679968
vt 0.66560255 0.16679968
vt 0.67039106 0.16679968
vt 0.67517957 0.16679968
vt 0.67996808 0.16679968
vt 0.68475658 0.16679968
vt 0.68954509 0.16679968
vt 0.69433360 0.16679968
vt 0.69912211 0.16679968
vt 0.70391061 0.16679968
vt 0.70869912 0.16679968
vt 0.71348763 0.16679968
vt 0.71827614 0.16679968
vt 0.72306464 0.16679968
vt 0.72785315 0.16679968
vt 0.73264166 0.16679968
vt 0.73743017 0.16679968
vt 0.74221868 0.16679968
vt 0.74700718 0.16679968
vt 0.28252195 0.16201117
vt 0.28731045 0.16201117
vt 0.29209896 0.16201117
vt 0.29688747 0.16201117
vt 0.30167598 0.16201117
vt 0.30646449 0.16201117
vt 0.31125299 0.16201117
vt 0.31604150 0.16201117
vt 0.32083001 0.16201117
vt 0.32561852 0.16201117
vt 0.33040702 0.16201117
vt 0.33519553 0.16201117
vt 0.33998404 0.16201117
vt 0.34477255 0.16201117
vt 0.34956105 0.16201117
vt 0.35434956 0.16201117
vt 0.35913807 0.16201117
vt 0.36392658 0.16201117
vt 0.36871508 0.16201117
vt 0.37350359 0.16201117
vt 0.37829210 0.16201117
vt 0.38308061 0.16201117
vt 0.38786911 0.16201117
vt 0.39265762 0.16201117
vt 0.39744613 0.16201117
vt 0.40223464 0.16201117
vt 0.40702314 0.16201117
vt 0.41181165 0.16201117
vt 0.41660016 0.16201117
vt 0.42138867 0.16201117
vt 0.42617717 0.16201117
vt 0.43096568 0.16201117
vt 0.43575419 0.16201117
vt 0.44054270 0.16201117
vt 0.44533121 0.16201117
vt 0.45011971 0.16201117
vt 0.45490822 0.16201117
vt 0.45969673 0.16201117
vt 0.46448524 0.16201117
vt 0.46927374 0.16201117
vt 0.47406225 0.16201117
vt 0.47885076 0.16201117
vt 0.48363927 0.16201117
vt 0.48842777 0.16201117
vt 0.49321628 0.16201117
vt 0.49800479 0.16201117
vt 0.50279330 0.16201117
vt 0.50758180 0.16201117
vt 0.51237031 0.16201117
vt 0.51715882 0.16201117
vt 0.52194733 0.16201117
vt 0.52673583 0.16201117
vt 0.53152434 0.16201117
vt 0.53631285 0.16201117
vt 0.54110136 0.16201117
vt 0.54588986 0.16201117
vt 0.55067837 0.16201117
vt 0.55546688 0.16201117
vt 0.56025539 0.16201117
vt 0.56504389 0.16201117
vt 0.56983240 0.16201117
vt 0.57462091 0.16201117
vt 0.57940942 0.16201117
vt 0.58419792 0.16201117
vt 0.58898643 0.16201117
vt 0.59377494 0.16201117
vt 0.59856345 0.16201117
vt 0.60335196 0.16201117
vt 0.60814046 0.16201117
vt 0.61292897 0.16201117
vt 0.61771748 0.16201117
vt 0.62250599 0.16201117
vt 0.62729449 0.16201117
vt 0.63208300 0.16201117
vt 0.63687151 0.16201117
vt 0.64166002 0.16201117
vt 0.64644852 0.16201117
vt 0.65123703 0.16201117
vt 0.65602554 0.16201117
vt 0.66081405 0.16201117
vt 0.66560255 0.16201117
vt 0.67039106 0.16201117
vt 0.67517957 0.16201117
vt 0.67996808 0.16201117
vt 0.68475658 0.16201117
vt 0.68954509 0.16201117
vt 0.69433360 0.16201117
vt 0.69912211 0.16201117
vt 0.70391061 0.16201117
vt 0.70869912 0.16201117
vt 0.71348763 0.16201117
vt 0.71827614 0.16201117
vt 0.72306464 0.16201117
vt 0.72785315 0.16201117
vt 0.73264166 0.16201117
vt 0.73743017 0.16201117
vt 0.74221868 0.16201117
vt 0.74700718 0.16201117
vt 0.30167598 0.15722267
vt 0.30646449 0.15722267
vt 0.31125299 0.15722267
vt 0.31604150 0.15722267
vt 0.32083001 0.15722267
vt 0.32561852 0.15722267
vt 0.33040702 0.15722267
vt 0.33519553 0.15722267
vt 0.33998404 0.15722267
vt 0.34477255 0.15722267
vt 0.34956105 0.15722267
vt 0.35434956 0.15722267
vt 0.35913807 0.15722267
vt 0.36392658 0.15722267
vt 0.36871508 0.15722267
vt 0.37350359 0.15722267
vt 0.37829210 0.15722267
vt 0.38308061 0.15722267
vt 0.38786911 0.15722267
vt 0.39265762 0.15722267
vt 0.39744613 0.15722267
vt 0.40223464 0.15722267
vt 0.40702314 0.15722267
vt 0.41181165 0.15722267
vt 0.41660016 0.15722267
vt 0.42138867 0.15722267
vt 0.42617717 0.15722267
vt 0.43096568 0.15722267
vt 0.43575419 0.15722267
vt 0.44054270 0.15722267
vt 0.44533121 0.15722267
vt 0.45011971 0.15722267
vt 0.45490822 0.15722267
vt 0.45969673 0.15722267
vt 0.46448524 0.15722267
vt 0.46927374 0.15722267
vt 0.47406225 0.15722267
vt 0.47885076 0.15722267
vt 0.48363927 0.15722267
vt 0.48842777 0.15722267
vt 0.49321628 0.15722267
vt 0.49800479 0.15722267
vt 0.50279330 0.15722267
vt 0.50758180 0.15722267
vt 0.51237031 0.15722267
vt 0.51715882 0.15722267
vt 0.52194733 0.15722267
vt 0.52673583 0.15722267
vt 0.53152434 0.15722267
vt 0.53631285 0.15722267
vt 0.54110136 0.15722267
vt 0.54588986 0.15722267
vt 0.55067837 0.15722267
vt 0.55546688 0.15722267
vt 0.56025539 0.15722267
vt 0.56504389 0.15722267
vt 0.56983240 0.15722267
vt 0.57462091 0.15722267
vt 0.57940942 0.15722267
vt 0.58419792 0.15722267
vt 0.58898643 0.15722267
vt 0.59377494 0.15722267
vt 0.59856345 0.15722267
vt 0.60335196 0.15722267
vt 0.60814046 0.15722267
vt 0.61292897 0.15722267
vt 0.61771748 0.15722267
vt 0.62250599 0.15722267
vt 0.62729449 0.15722267
vt 0.63208300 0.15722267
vt 0.63687151 0.15722267
vt 0.64166002 0.15722267
vt 0.64644852 0.15722267
vt 0.65123703 0.15722267
vt 0.65602554 0.15722267
vt 0.66081405 0.15722267
vt 0.66560255 0.15722267
vt 0.67039106 0.15722267
vt 0.67517957 0.15722267
vt 0.67996808 0.15722267
vt 0.68475658 0.15722267
vt 0.68954509 0.15722267
vt 0.69433360 0.15722267
vt 0.69912211 0.15722267
vt 0.70391061 0.15722267
vt 0.70869912 0.15722267
vt 0.71348763 0.15722267
vt 0.71827614 0.15722267
vt 0.72306464 0.15722267
vt 0.72785315 0.15722267
vt 0.73264166 0.15722267
vt 0.73743017 0.15722267
vt 0.74221868 0.15722267
vt 0.31125299 0.15243416
vt 0.31604150 0.15243416
vt 0.32083001 0.15243416
vt 0.32561852 0.15243416
vt 0.33040702 0.15243416
vt 0.33519553 0.15243416
vt 0.33998404 0.15243416
vt 0.34477255 0.15243416
vt 0.34956105 0.15243416
vt 0.35434956 0.15243416
vt 0.35913807 0.15243416
vt 0.36392658 0.15243416
vt 0.36871508 0.15243416
vt 0.37350359 0.15243416
vt 0.37829210 0.15243416
vt 0.38308061 0.15243416
vt 0.38786911 0.15243416
vt 0.39265762 0.15243416
vt 0.39744613 0.15243416
vt 0.40223464 0.15243416
vt 0.40702314 0.15243416
vt 0.41181165 0.15243416
vt 0.41660016 0.15243416
vt 0.42138867 0.15243416
vt 0.42617717 0.15243416
vt 0.43096568 0.15243416
vt 0.43575419 0.15243416
vt 0.44054270 0.15243416
vt 0.44533121 0.15243416
vt 0.45011971 0.15243416
vt 0.45490822 0.15243416
vt 0.45969673 0.15243416
vt 0.46448524 0.15243416
vt 0.46927374 0.15243416
vt 0.47406225 0.15243416
vt 0.47885076 0.15243416
vt 0.48363927 0.15243416
vt 0.48842777 0.15243416
vt 0.49321628 0.15243416
vt 0.49800479 0.15243416
vt 0.50279330 0.15243416
vt 0.50758180 0.15243416
vt 0.51237031 0.15243416
vt 0.51715882 0.15243416
vt 0.52194733 0.15243416
vt 0.52673583 0.15243416
vt 0.53152434 0.15243416
vt 0.53631285 0.15243416
vt 0.54110136 0.15243416
vt 0.54588986 0.15243416
vt 0.55067837 0.15243416
vt 0.55546688 0.15243416
vt 0.56025539 0.15243416
vt 0.56504389 0.15243416
vt 0.56983240 0.15243416
vt 0.57462091 0.15243416
vt 0.57940942 0.15243416
vt 0.58419792 0.15243416
vt 0.58898643 0.15243416
vt 0.59377494 0.15243416
vt 0.59856345 0.15243416
vt 0.60335196 0.15243416
vt 0.60814046 0.15243416
vt 0.61292897 0.15243416
vt 0.61771748 0.15243416
vt 0.62250599 0.15243416
vt 0.62729449 0.15243416
vt 0.63208300 0.15243416
vt 0.63687151 0.15243416
vt 0.64166002 0.15243416
vt 0.64644852 0.15243416
vt 0.65123703 0.15243416
vt 0.65602554 0.15243416
vt 0.66081405 0.15243416
vt 0.66560255 0.15243416
vt 0.67039106 0.15243416
vt 0.67517957 0.15243416
vt 0.67996808 0.15243416
vt 0.68475658 0.15243416
vt 0.68954509 0.15243416
vt 0.69433360 0.15243416
vt 0.69912211 0.15243416
vt 0.70391061 0.15243416
vt 0.70869912 0.15243416
vt 0.71348763 0.15243416
vt 0.71827614 0.15243416
vt 0.72306464 0.15243416
vt 0.72785315 0.15243416
vt 0.32083001 0.14764565
vt 0.32561852 0.14764565
vt 0.33040702 0.14764565
vt 0.33519553 0.14764565
vt 0.33998404 0.14764565
vt 0.34477255 0.14764565
vt 0.34956105 0.14764565
vt 0.35434956 0.14764565
vt 0.35913807 0.14764565
vt 0.36392658 0.14764565
vt 0.36871508 0.14764565
vt 0.37350359 0.14764565
vt 0.37829210 0.14764565
vt 0.38308061 0.14764565
vt 0.38786911 0.14764565
vt 0.39265762 0.14764565
vt 0.39744613 0.14764565
vt 0.40223464 0.14764565
vt 0.40702314 0.14764565
vt 0.41181165 0.14764565
vt 0.41660016 0.14764565
vt 0.42138867 0.14764565
vt 0.42617717 0.14764565
vt 0.43096568 0.14764565
vt 0.43575419 0.14764565
vt 0.44054270 0.14764565
vt 0.44533121 0.14764565
vt 0.45011971 0.14764565
vt 0.45490822 0.14764565
vt 0.45969673 0.14764565
vt 0.46448524 0.14764565
vt 0.46927374 0.14764565
vt 0.47406225 0.14764565
vt 0.47885076 0.14764565
vt 0.48363927 0.14764565
vt 0.48842777 0.14764565
vt 0.49321628 0.14764565
vt 0.49800479 0.14764565
vt 0.50279330 0.14764565
vt 0.50758180 0.14764565
vt 0.51237031 0.14764565
vt 0.51715882 0.14764565
vt 0.52194733 0.14764565
vt 0.52673583 0.14764565
vt 0.53152434 0.14764565
vt 0.53631285 0.14764565
vt 0.54110136 0.14764565
vt 0.54588986 0.14764565
vt 0.55067837 0.14764565
vt 0.55546688 0.14764565
vt 0.56025539 0.14764565
vt 0.56504389 0.14764565
vt 0.56983240 0.14764565
vt 0.57462091 0.14764565
vt 0.57940942 0.14764565
vt 0.58419792 0.14764565
vt 0.58898643 0.14764565
vt 0.59377494 0.14764565
vt 0.59856345 0.14764565
vt 0.60335196 0.14764565
vt 0.60814046 0.14764565
vt 0.61292897 0.14764565
vt 0.61771748 0.14764565
vt 0.62250599 0.14764565
vt 0.62729449 0.14764565
vt 0.63208300 0.14764565
vt 0.63687151 0.14764565
vt 0.64166002 0.14764565
vt 0.64644852 0.14764565
vt 0.65123703 0.14764565
vt 0.65602554 0.14764565
vt 0.66081405 0.14764565
vt 0.66560255 0.14764565
vt 0.67039106 0.14764565
vt 0.67517957 0.14764565
vt 0.67996808 0.14764565
vt 0.68475658 0.14764565
vt 0.68954509 0.14764565
vt 0.69433360 0.14764565
vt 0.69912211 0.14764565
vt 0.70391061 0.14764565
vt 0.70869912 0.14764565
vt 0.33519553 0.14285714
vt 0.33998404 0.14285714
vt 0.34477255 0.14285714
vt 0.34956105 0.14285714
vt 0.35434956 0.14285714
vt 0.35913807 0.14285714
vt 0.36392658 0.14285714
vt 0.36871508 0.14285714
vt 0.37350359 0.14285714
vt 0.37829210 0.14285714
vt 0.38308061 0.14285714
vt 0.38786911 0.14285714
vt 0.39265762 0.14285714
vt 0.39744613 0.14285714
vt 0.40223464 0.14285714
vt 0.40702314 0.14285714
vt 0.41181165 0.14285714
vt 0.41660016 0.14285714
vt 0.42138867 0.14285714
vt 0.42617717 0.14285714
vt 0.43096568 0.14285714
vt 0.43575419 0.14285714
vt 0.44054270 0.14285714
vt 0.44533121 0.14285714
vt 0.45011971 0.14285714
vt 0.45490822 0.14285714
vt 0.45969673 0.14285714
vt 0.46448524 0.14285714
vt 0.46927374 0.14285714
vt 0.47406225 0.14285714
vt 0.47885076 0.14285714
vt 0.48363927 0.14285714
vt 0.48842777 0.14285714
vt 0.49321628 0.14285714
vt 0.49800479 0.14285714
vt 0.50279330 0.14285714
vt 0.50758180 0.14285714
vt 0.51237031 0.14285714
vt 0.51715882 0.14285714
vt 0.52194733 0.14285714
vt 0.52673583 0.14285714
vt 0.53152434 0.14285714
vt 0.53631285 0.14285714
vt 0.54110136 0.14285714
vt 0.54588986 0.14285714
vt 0.55067837 0.14285714
vt 0.55546688 0.14285714
vt 0.56025539 0.14285714
vt 0.56504389 0.14285714
vt 0.56983240 0.14285714
vt 0.57462091 0.14285714
vt 0.57940942 0.14285714
vt 0.58419792 0.14285714
vt 0.58898643 0.14285714
vt 0.59377494 0.14285714
vt 0.59856345 0.14285714
vt 0.60335196 0.14285714
vt 0.60814046 0.14285714
vt 0.61292897 0.14285714
vt 0.61771748 0.14285714
vt 0.62250599 0.14285714
vt 0.62729449 0.14285714
vt 0.63208300 0.14285714
vt 0.63687151 0.14285714
vt 0.64166002 0.14285714
vt 0.64644852 0.14285714
vt 0.65123703 0.14285714
vt 0.65602554 0.14285714
vt 0.66081405 0.14285714
vt 0.66560255 0.14285714
vt 0.67039106 0.14285714
vt 0.67517957 0.14285714
vt 0.67996808 0.14285714
vt 0.68475658 0.14285714
vt 0.68954509 0.14285714
vt 0.69433360 0.14285714
vt 0.35434956 0.13806864
vt 0.35913807 0.13806864
vt 0.36392658 0.13806864
vt 0.36871508 0.13806864
vt 0.37350359 0.13806864
vt 0.37829210 0.13806864
vt 0.38308061 0.13806864
vt 0.38786911 0.13806864
vt 0.39265762 0.13806864
vt 0.39744613 0.13806864
vt 0.40223464 0.13806864
vt 0.40702314 0.13806864
vt 0.41181165 0.13806864
vt 0.41660016 0.13806864
vt 0.42138867 0.13806864
vt 0.42617717 0.13806864
vt 0.43096568 0.13806864
vt 0.43575419 0.13806864
vt 0.44054270 0.13806864
vt 0.44533121 0.13806864
vt 0.45011971 0.13806864
vt 0.45490822 0.13806864
vt 0.45969673 0.13806864
vt 0.46448524 0.13806864
vt 0.46927374 0.13806864
vt 0.47406225 0.13806864
vt 0.47885076 0.13806864
vt 0.48363927 0.13806864
vt 0.48842777 0.13806864
vt 0.49321628 0.13806864
vt 0.49800479 0.13806864
vt 0.50279330 0.13806864
vt 0.50758180 0.13806864
vt 0.51237031 0.13806864
vt 0.51715882 0.13806864
vt 0.52194733 0.13806864
vt 0.52673583 0.13806864
vt 0.53152434 0.13806864
vt 0.53631285 0.13806864
vt 0.54110136 0.13806864
vt 0.54588986 0.13806864
vt 0.55067837 0.13806864
vt 0.55546688 0.13806864
vt 0.56025539 0.13806864
vt 0.56504389 0.13806864
vt 0.56983240 0.13806864
vt 0.57462091 0.13806864
vt 0.57940942 0.13806864
vt 0.58419792 0.13806864
vt 0.58898643 0.13806864
vt 0.59377494 0.13806864
vt 0.59856345 0.13806864
vt 0.60335196 0.13806864
vt 0.60814046 0.13806864
vt 0.61292897 0.13806864
vt 0.61771748 0.13806864
vt 0.62250599 0.13806864
vt 0.62729449 0.13806864
vt 0.63208300 0.13806864
vt 0.63687151 0.13806864
vt 0.64166002 0.13806864
vt 0.64644852 0.13806864
vt 0.65123703 0.13806864
vt 0.47885076 0.13328013
vt 0.48363927 0.13328013
vt 0.48842777 0.13328013
vt 0.49321628 0.13328013
vt 0.49800479 0.13328013
vt 0.50279330 0.13328013
vt 0.50758180 0.13328013
vt 0.51237031 0.13328013
vt 0.51715882 0.13328013
vt 0.52194733 0.13328013
vt 0.52673583 0.13328013
vt 0.53152434 0.13328013
vt 0.53631285 0.13328013
vt 0.56025539 0.13328013
vt 0.56504389 0.13328013
vt 0.56983240 0.13328013
vt 0.57462091 0.13328013
vt 0.57940942 0.13328013
vt 0.58419792 0.13328013
vt 0.58898643 0.13328013
vt 0.59377494 0.13328013
vt 0.59856345 0.13328013
vt 0.60335196 0.13328013
vt 0.60814046 0.13328013
vt 0.61292897 0.13328013
vt 0.61771748 0.13328013
vt 0.62250599 0.13328013
vt 0.62729449 0.13328013
vt 0.63208300 0.13328013
f 1/1 2/2 5/5
f 1/1 5/5 4/4
f 3/3 4/4 10/10
f 3/3 10/10 9/9
f 4/4 5/5 11/11
f 4/4 11/11 10/10
f 5/5 6/6 12/12
f 5/5 12/12 11/11
f 6/6 7/7 13/13
f 6/6 13/13 12/12
f 8/8 9/9 15/15
f 8/8 15/15 14/14
f 9/9 10/10 16/16
f 9/9 16/16 15/15
f 10/10 11/11 17/17
f 10/10 17/17 16/16
f 11/11 12/12 18/18
f 11/11 18/18 17/17
f 12/12 13/13 19/19
f 12/12 19/19 18/18
f 14/14 15/15 24/24
f 14/14 24/24 23/23
f 15/15 16/16 25/25
f 15/15 25/25 24/24
f 16/16 17/17 26/26
f 16/16 26/26 25/25
f 17/17 18/18 27/27
f 17/17 27/27 26/26
f 18/18 19/19 28/28
f 18/18 28/28 27/27
f 19/19 20/20 29/29
f 19/19 29/29 28/28
f 21/21 22/22 33/33
f 21/21 33/33 32/32
f 22/22 23/23 34/34
f 22/22 34/34 33/33
f 23/23 24/24 35/35
f 23/23 35/35 34/34
f 24/24 25/25 36/36
f 24/24 36/36 35/35
f 25/25 26/26 37/37
f 25/25 37/37 36/36
f 26/26 27/27 38/38
f 26/26 38/38 37/37
f 27/27 28/28 39/39
f 27/27 39/39 38/38
f 28/28 29/29 40/40
f 28/28 40/40 39/39
f 29/29 30/30 41/41
f 29/29 41/41 40/40
f 31/31 32/32 45/45
f 31/31 45/45 44/44
f 32/32 33/33 46/46
f 32/32 46/46 45/45
f 33/33 34/34 47/47
f 33/33 47/47 46/46
f 34/34 35/35 48/48
f 34/34 48/48 47/47
f 35/35 36/36 49/49
f 35/35 49/49 48/48
f 36/36 37/37 50/50
f 36/36 50/50 49/49
f 37/37 38/38 51/51
f 37/37 51/51 50/50
f 38/38 39/39 52/52
f 38/38 52/52 51/51
f 39/39 40/40 53/53
f 39/39 53/53 52/52
f 40/40 41/41 54/54
f 40/40 54/54 53/53
f 41/41 42/42 55/55
f 41/41 55/55 54/54
f 43/43 44/44 57/57
f 43/43 57/57 56/56
f 44/44 45/45 58/58
f 44/44 58/58 57/57
f 45/45 46/46 59/59
f 45/45 59/59 58/58
f 46/46 47/47 60/60
f 46/46 60/60 59/59
f 47/47 48/48 61/61
f 47/47 61/61 60/60
f 48/48 49/49 62/62
f 48/48 62/62 61/61
f 49/49 50/50 63/63
f 49/49 63/63 62/62
f 50/50 51/51 64/64
f 50/50 64/64 63/63
f 51/51 52/52 65/65
f 51/51 65/65 64/64
f 52/52 53/53 66/66
f 52/52 66/66 65/65
f 53/53 54/54 67/67
f 53/53 67/67 66/66
f 54/54 55/55 68/68
f 54/54 68/68 67/67
f 56/56 57/57 72/72
f 56/56 72/72 71/71
f 57/57 58/58 73/73
f 57/57 73/73 72/72
f 58/58 59/59 74/74
f 58/58 74/74 73/73
f 59/59 60/60 75/75
f 59/59 75/75 74/74
f 60/60 61/61 76/76
f 60/60 76/76 75/75
f 61/61 62/62 77/77
f 61/61 77/77 76/76
f 62/62 63/63 78/78
f 62/62 78/78 77/77
f 63/63 64/64 79/79
f 63/63 79/79 78/78
f 64/64 65/65 80/80
f 64/64 80/80 79/79
f 65/65 66/66 81/81
f 65/65 81/81 80/80
f 66/66 67/67 82/82
f 66/66 82/82 81/81
f 67/67 68/68 83/83
f 67/67 83/83 82/82
f 68/68 69/69 84/84
f 68/68 84/84 83/83
f 70/70 71/71 87/87
f 70/70 87/87 86/86
f 71/71 72/72 88/88
f 71/71 88/88 87/87
f 72/72 73/73 89/89
f 72/72 89/89 88/88
f 73/73 74/74 90/90
f 73/73 90/90 89/89
f 74/74 75/75 91/91
f 74/74 91/91 90/90
f 75/75 76/76 92/92
f 75/75 92/92 91/91
f 76/76 77/77 93/93
f 76/76 93/93 92/92
f 77/77 78/78 94/94
f 77/77 94/94 93/93
f 78/78 79/79 95/95
f 78/78 95/95 94/94
f 79/79 80/80 96/96
f 79/79 96/96 95/95
f 80/80 81/81 97/97
f 80/80 97/97 96/96
f 81/81 82/82 98/98
f 81/81 98/98 97/97
f 82/82 83/83 99/99
f 82/82 99/99 98/98
f 83/83 84/84 100/100
f 83/83 100/100 99/99
f 85/85 86/86 105/105
f 85/85 105/105 104/104
f 86/86 87/87 106/106
f 86/86 106/106 105/105
f 87/87 88/88 107/107
f 87/87 107/107 106/106
f 88/88 89/89 108/108
f 88/88 108/108 107/107
f 89/89 90/90 109/109
f 89/89 109/109 108/108
f 90/90 91/91 110/110
f 90/90 110/110 109/109
f 91/91 92/92 111/111
f 91/91 111/111 110/110
f 92/92 93/93 112/112
f 92/92 112/112 111/111
f 93/93 94/94 113/113
f 93/93 113/113 112/112
f 94/94 95/95 114/114
f 94/94 114/114 113/113
f 95/95 96/96 115/115
f 95/95 115/115 114/114
f 96/96 97/97 116/116
f 96/96 116/116 115/115
f 97/97 98/98 117/117
f 97/97 117/117 116/116
f 98/98 99/99 118/118
f 98/98 118/118 117/117
f 99/99 100/100 119/119
f 99/99 119/119 118/118
f 100/100 101/101 120/120
f 100/100 120/120 119/119
f 101/101 102/102 121/121
f 101/101 121/121 120/120
f 103/103 104/104 123/123
f 103/103 123/123 122/122
f 104/104 105/105 124/124
f 104/104 124/124 123/123
f 105/105 106/106 125/125
f 105/105 125/125 124/124
f 106/106 107/107 126/126
f 106/106 126/126 125/125
f 107/107 108/108 127/127
f 107/107 127/127 126/126
f 108/108 109/109 128/128
f 108/108 128/128 127/127
f 109/109 110/110 129/129
f 109/109 129/129 128/128
f 110/110 111/111 130/130
f 110/110 130/130 129/129
f 111/111 112/112 131/131
f 111/111 131/131 130/130
f 112/112 113/113 132/132
f 112/112 132/132 131/131
f 113/113 114/114 133/133
f 113/113 133/133 132/132
f 114/114 115/115 134/134
f 114/114 134/134 133/133
f 115/115 116/116 135/135
f 115/115 135/135 134/134
f 116/116 117/117 136/136
f 116/116 136/136 135/135
f 117/117 118/118 137/137
f 117/117 137/137 136/136
f 118/118 119/119 138/138
f 118/118 138/138 137/137
f 119/119 120/120 139/139
f 119/119 139/139 138/138
f 120/120 121/121 140/140
f 120/120 140/140 139/139
f 122/122 123/123 144/144
f 122/122 144/144 143/143
f 123/123 124/124 145/145
f 123/123 145/145 144/144
f 124/124 125/125 146/146
f 124/124 146/146 145/145
f 125/125 126/126 147/147
f 125/125 147/147 146/146
f 126/126 127/127 148/148
f 126/126 148/148 147/147
f 127/127 128/128 149/149
f 127/127 149/149 148/148
f 128/128 129/129 150/150
f 128/128 150/150 149/149
f 129/129 130/130 151/151
f 129/129 151/151 150/150
f 130/130 131/131 152/152
f 130/130 152/152 151/151
f 131/131 132/132 153/153
f 131/131 153/153 152/152
f 132/132 133/133 154/154
f 132/132 154/154 153/153
f 133/133 134/134 155/155
f 133/133 155/155 154/154
f 134/134 135/135 156/156
f 134/134 156/156 155/155
f 135/135 136/136 157/157
f 135/135 157/157 156/156
f 136/136 137/137 158/158
f 136/136 158/158 157/157
f 137/137 138/138 159/159
f 137/137 159/159 158/158
f 138/138 139/139 160/160
f 138/138 160/160 159/159
f 139/139 140/140 161/161
f 139/139 161/161 160/160
f 140/140 141/141 162/162
f 140/140 162/162 161/161
f 142/142 143/143 165/165
f 142/142 165/165 164/164
f 143/143 144/144 166/166
f 143/143 166/166 165/165
f 144/144 145/145 167/167
f 144/144 167/167 166/166
f 145/145 146/146 168/168
f 145/145 168/168 167/167
f 146/146 147/147 169/169
f 146/146 169/169 168/168
f 147/147 148/148 170/170
f 147/147 170/170 169/169
f 148/148 149/149 171/171
f 148/148 171/171 170/170
f 149/149 150/150 172/172
f 149/149 172/172 171/171
f 150/150 151/151 173/173
f 150/150 173/173 172/172
f 151/151 152/152 174/174
f 151/151 174/174 173/173
f 152/152 153/153 175/175
f 152/152 175/175 174/174
f 153/153 154/154 176/176
f 153/153 176/176 175/175
f 154/154 155/155 177/177
f 154/154 177/177 176/176
f 155/155 156/156 178/178
f 155/155 178/178 177/177
f 156/156 157/157 179/179
f 156/156 179/179 178/178
f 157/157 158/158 180/180
f 157/157 180/180 179/179
f 158/158 159/159 181/181
f 158/158 181/181 180/180
f 159/159 160/160 182/182
f 159/159 182/182 181/181
f 160/160 161/161 183/183
f 160/160 183/183 182/182
f 161/161 162/162 184/184
f 161/161 184/184 183/183
f 162/162 163/163 185/185
f 162/162 185/185 184/184
f 164/164 165/165 195/195
f 164/164 195/195 194/194
f 165/165 166/166 196/196
f 165/165 196/196 195/195
f 166/166 167/167 197/197
f 166/166 197/197 196/196
f 167/167 168/168 198/198
f 167/167 198/198 197/197
f 168/168 169/169 199/199
f 168/168 199/199 198/198
f 169/169 170/170 200/200
f 169/169 200/200 199/199
f 170/170 171/171 201/201
f 170/170 201/201 200/200
f 171/171 172/172 202/202
f 171/171 202/202 201/201
f 172/172 173/173 203/203
f 172/172 203/203 202/202
f 173/173 174/174 204/204
f 173/173 204/204 203/203
f 174/174 175/175 205/205
f 174/174 205/205 204/204
f 175/175 176/176 206/206
f 175/175 206/206 205/205
f 176/176 177/177 207/207
f 176/176 207/207 206/206
f 177/177 178/178 208/208
f 177/177 208/208 207/207
f 178/178 179/179 209/209
f 178/178 209/209 208/208
f 179/179 180/180 210/210
f 179/179 210/210 209/209
f 180/180 181/181 211/211
f 180/180 211/211 210/210
f 181/181 182/182 212/212
f 181/181 212/212 211/211
f 182/182 183/183 213/213
f 182/182 213/213 212/212
f 183/183 184/184 214/214
f 183/183 214/214 213/213
f 184/184 185/185 215/215
f 184/184 215/215 214/214
f 185/185 186/186 216/216
f 185/185 216/216 215/215
f 186/186 187/187 217/217
f 186/186 217/217 216/216
f 187/187 188/188 218/218
f 187/187 218/218 217/217
f 188/188 189/189 219/219
f 188/188 219/219 218/218
f 189/189 190/190 220/220
f 189/189 220/220 219/219
f 190/190 191/191 221/221
f 190/190 221/221 220/220
f 191/191 192/192 222/222
f 191/191 222/222 221/221
f 193/193 194/194 229/229
f 193/193 229/229 228/228
f 194/194 195/195 230/230
f 194/194 230/230 229/229
f 195/195 196/196 231/231
f 195/195 231/231 230/230
f 196/196 197/197 232/232
f 196/196 232/232 231/231
f 197/197 198/198 233/233
f 197/197 233/233 232/232
f 198/198 199/199 234/234
f 198/198 234/234 233/233
f 199/199 200/200 235/235
f 199/199 235/235 234/234
f 200/200 201/201 236/236
f 200/200 236/236 235/235
f 201/201 202/202 237/237
f 201/201 237/237 236/236
f 202/202 203/203 238/238
f 202/202 238/238 237/237
f 203/203 204/204 239/239
f 203/203 239/239 238/238
f 204/204 205/205 240/240
f 204/204 240/240 239/239
f 205/205 206/206 241/241
f 205/205 241/241 240/240
f 206/206 207/207 242/242
f 206/206 242/242 241/241
f 207/207 208/208 243/243
f 207/207 243/243 242/242
f 208/208 209/209 244/244
f 208/208 244/244 243/243
f 209/209 210/210 245/245
f 209/209 245/245 244/244
f 210/210 211/211 246/246
f 210/210 246/246 245/245
f 211/211 212/212 247/247
f 211/211 247/247 246/246
f 212/212 213/213 248/248
f 212/212 248/248 247/247
f 213/213 214/214 249/249
f 213/213 249/249 248/248
f 214/214 215/215 250/250
f 214/214 250/250 249/249
f 215/215 216/216 251/251
f 215/215 251/251 250/250
f 216/216 217/217 252/252
f 216/216 252/252 251/251
f 217/217 218/218 253/253
f 217/217 253/253 252/252
f 218/218 219/219 254/254
f 218/218 254/254 253/253
f 219/219 220/220 255/255
f 219/219 255/255 254/254
f 220/220 221/221 256/256
f 220/220 256/256 255/255
f 221/221 222/222 257/257
f 221/221 257/257 256/256
f 222/222 223/223 258/258
f 222/222 258/258 257/257
f 224/224 225/225 261/261
f 224/224 261/261 260/260
f 225/225 226/226 262/262
f 225/225 262/262 261/261
f 227/227 228/228 265/265
f 227/227 265/265 264/264
f 228/228 229/229 266/266
f 228/228 266/266 265/265
f 229/229 230/230 267/267
f 229/229 267/267 266/266
f 230/230 231/231 268/268
f 230/230 268/268 267/267
f 231/231 232/232 269/269
f 231/231 269/269 268/268
f 232/232 233/233 270/270
f 232/232 270/270 269/269
f 233/233 234/234 271/271
f 233/233 271/271 270/270
f 234/234 235/235 272/272
f 234/234 272/272 271/271
f 235/235 236/236 273/273
f 235/235 273/273 272/272
f 236/236 237/237 274/274
f 236/236 274/274 273/273
f 237/237 238/238 275/275
f 237/237 275/275 274/274
f 238/238 239/239 276/276
f 238/238 276/276 275/275
f 239/239 240/240 277/277
f 239/239 277/277 276/276
f 240/240 241/241 278/278
f 240/240 278/278 277/277
f 241/241 242/242 279/279
f 241/241 279/279 278/278
f 242/242 243/243 280/280
f 242/242 280/280 279/279
f 243/243 244/244 281/281
f 243/243 281/281 280/280
f 244/244 245/245 282/282
f 244/244 282/282 281/281
f 245/245 246/246 283/283
f 245/245 283/283 282/282
f 246/246 247/247 284/284
f 246/246 284/284 283/283
f 247/247 248/248 285/285
f 247/247 285/285 284/284
f 248/248 249/249 286/286
f 248/248 286/286 285/285
f 249/249 250/250 287/287
f 249/249 287/287 286/286
f 250/250 251/251 288/288
f 250/250 288/288 287/287
f 251/251 252/252 289/289
f 251/251 289/289 288/288
f 252/252 253/253 290/290
f 252/252 290/290 289/289
f 253/253 254/254 291/291
f 253/253 291/291 290/290
f 254/254 255/255 292/292
f 254/254 292/292 291/291
f 255/255 256/256 293/293
f 255/255 293/293 292/292
f 256/256 257/257 294/294
f 256/256 294/294 293/293
f 257/257 258/258 295/295
f 257/257 295/295 294/294
f 258/258 259/259 296/296
f 258/258 296/296 295/295
f 259/259 260/260 297/297
f 259/259 297/297 296/296
f 260/260 261/261 298/298
f 260/260 298/298 297/297
f 261/261 262/262 299/299
f 261/261 299/299 298/298
f 262/262 263/263 300/300
f 262/262 300/300 299/299
f 264/264 265/265 303/303
f 264/264 303/303 302/302
f 265/265 266/266 304/304
f 265/265 304/304 303/303
f 266/266 267/267 305/305
f 266/266 305/305 304/304
f 267/267 268/268 306/306
f 267/267 306/306 305/305
f 268/268 269/269 307/307
f 268/268 307/307 306/306
f 269/269 270/270 308/308
f 269/269 308/308 307/307
f 270/270 271/271 309/309
f 270/270 309/309 308/308
f 271/271 272/272 310/310
f 271/271 310/310 309/309
f 272/272 273/273 311/311
f 272/272 311/311 310/310
f 273/273 274/274 312/312
f 273/273 312/312 311/311
f 274/274 275/275 313/313
f 274/274 313/313 312/312
f 275/275 276/276 314/314
f 275/275 314/314 313/313
f 276/276 277/277 315/315
f 276/276 315/315 314/314
f 277/277 278/278 316/316
f 277/277 316/316 315/315
f 278/278 279/279 317/317
f 278/278 317/317 316/316
f 279/279 280/280 318/318
f 279/279 318/318 317/317
f 280/280 281/281 319/319
f 280/280 319/319 318/318
f 281/281 282/282 320/320
f 281/281 320/320 319/319
f 282/282 283/283 321/321
f 282/282 321/321 320/320
f 283/283 284/284 322/322
f 283/283 322/322 321/321
f 284/284 285/285 323/323
f 284/284 323/323 322/322
f 285/285 286/286 324/324
f 285/285 324/324 323/323
f 286/286 287/287 325/325
f 286/286 325/325 324/324
f 287/287 288/288 326/326
f 287/287 326/326 325/325
f 288/288 289/289 327/327
f 288/288 327/327 326/326
f 289/289 290/290 328/328
f 289/289 328/328 327/327
f 290/290 291/291 329/329
f 290/290 329/329 328/328
f 291/291 292/292 330/330
f 291/291 330/330 329/329
f 292/292 293/293 331/331
f 292/292 331/331 330/330
f 293/293 294/294 332/332
f 293/293 332/332 331/331
f 294/294 295/295 333/333
f 294/294 333/333 332/332
f 295/295 296/296 334/334
f 295/295 334/334 333/333
f 296/296 297/297 335/335
f 296/296 335/335 334/334
f 297/297 298/298 336/336
f 297/297 336/336 335/335
f 298/298 299/299 337/337
f 298/298 337/337 336/336
f 299/299 300/300 338/338
f 299/299 338/338 337/337
f 301/301 302/302 341/341
f 301/301 341/341 340/340
f 302/302 303/303 342/342
f 302/302 342/342 341/341
f 303/303 304/304 343/343
f 303/303 343/343 342/342
f 304/304 305/305 344/344
f 304/304 344/344 343/343
f 305/305 306/306 345/345
f 305/305 345/345 344/344
f 306/306 307/307 346/346
f 306/306 346/346 345/345
f 307/307 308/308 347/347
f 307/307 347/347 346/346
f 308/308 309/309 348/348
f 308/308 348/348 347/347
f 309/309 310/310 349/349
f 309/309 349/349 348/348
f 310/310 311/311 350/350
f 310/310 350/350 349/349
f 311/311 312/312 351/351
f 311/311 351/351 350/350
f 312/312 313/313 352/352
f 312/312 352/352 351/351
f 313/313 314/314 353/353
f 313/313 353/353 352/352
f 314/314 315/315 354/354
f 314/314 354/354 353/353
f 315/315 316/316 355/355
f 315/315 355/355 354/354
f 316/316 317/317 356/356
f 316/316 356/356 355/355
f 317/317 318/318 357/357
f 317/317 357/357 356/356
f 318/318 319/319 358/358
f 318/318 358/358 357/357
f 319/319 320/320 359/359
f 319/319 359/359 358/358
f 320/320 321/321 360/360
f 320/320 360/360 359/359
f 321/321 322/322 361/361
f 321/321 361/361 360/360
f 322/322 323/323 362/362
f 322/322 362/362 361/361
f 323/323 324/324 363/363
f 323/323 363/363 362/362
f 324/324 325/325 364/364
f 324/324 364/364 363/363
f 325/325 326/326 365/365
f 325/325 365/365 364/364
f 326/326 327/327 366/366
f 326/326 366/366 365/365
f 327/327 328/328 367/367
f 327/327 367/367 366/366
f 328/328 329/329 368/368
f 328/328 368/368 367/367
f 329/329 330/330 369/369
f 329/329 369/369 368/368
f 330/330 331/331 370/370
f 330/330 370/370 369/369
f 331/331 332/332 371/371
f 331/331 371/371 370/370
f 332/332 333/333 372/372
f 332/332 372/372 371/371
f 333/333 334/334 373/373
f 333/333 373/373 372/372
f 334/334 335/335 374/374
f 334/334 374/374 373/373
f 335/335 336/336 375/375
f 335/335 375/375 374/374
f 336/336 337/337 376/376
f 336/336 376/376 375/375
f 337/337 338/338 377/377
f 337/337 377/377 376/376
f 338/338 339/339 378/378
f 338/338 378/378 377/377
f 340/340 341/341 381/381
f 340/340 381/381 380/380
f 341/341 342/342 382/382
f 341/341 382/382 381/381
f 342/342 343/343 383/383
f 342/342 383/383 382/382
f 343/343 344/344 384/384
f 343/343 384/384 383/383
f 344/344 345/345 385/385
f 344/344 385/385 384/384
f 345/345 346/346 386/386
f 345/345 386/386 385/385
f 346/346 347/347 387/387
f 346/346 387/387 386/386
f 347/347 348/348 388/388
f 347/347 388/388 387/387
f 348/348 349/349 389/389
f 348/348 389/389 388/388
f 349/349 350/350 390/390
f 349/349 390/390 389/389
f 350/350 351/351 391/391
f 350/350 391/391 390/390
f 351/351 352/352 392/392
f 351/351 392/392 391/391
f 352/352 353/353 393/393
f 352/352 393/393 392/392
f 353/353 354/354 394/394
f 353/353 394/394 393/393
f 354/354 355/355 395/395
f 354/354 395/395 394/394
f 355/355 356/356 396/396
f 355/355 396/396 395/395
f 356/356 357/357 397/397
f 356/356 397/397 396/396
f 357/357 358/358 398/398
f 357/357 398/398 397/397
f 358/358 359/359 399/399
f 358/358 399/399 398/398
f 359/359 360/360 400/400
f 359/359 400/400 399/399
f 360/360 361/361 401/401
f 360/360 401/401 400/400
f 361/361 362/362 402/402
f 361/361 402/402 401/401
f 362/362 363/363 403/403
f 362/362 403/403 402/402
f 363/363 364/364 404/404
f 363/363 404/404 403/403
f 364/364 365/365 405/405
f 364/364 405/405 404/404
f 365/365 366/366 406/406
f 365/365 406/406 405/405
f 366/366 367/367 407/407
f 366/366 407/407 406/406
f 367/367 368/368 408/408
f 367/367 408/408 407/407
f 368/368 369/369 409/409
f 368/368 409/409 408/408
f 369/369 370/370 410/410
f 369/369 410/410 409/409
f 370/370 371/371 411/411
f 370/370 411/411 410/410
f 371/371 372/372 412/412
f 371/371 412/412 411/411
f 372/372 373/373 413/413
f 372/372 413/413 412/412
f 373/373 374/374 414/414
f 373/373 414/414 413/413
f 374/374 375/375 415/415
f 374/374 415/415 414/414
f 375/375 376/376 416/416
f 375/375 416/416 415/415
f 376/376 377/377 417/417
f 376/376 417/417 416/416
f 377/377 378/378 418/418
f 377/377 418/418 417/417
f 379/379 380/380 420/420
f 379/379 420/420 419/419
f 380/380 381/381 421/421
f 380/380 421/421 420/420
f 381/381 382/382 422/422
f 381/381 422/422 421/421
f 382/382 383/383 423/423
f 382/382 423/423 422/422
f 383/383 384/384 424/424
f 383/383 424/424 423/423
f 384/384 385/385 425/425
f 384/384 425/425 424/424
f 385/385 386/386 426/426
f 385/385 426/426 425/425
f 386/386 387/387 427/427
f 386/386 427/427 426/426
f 387/387 388/388 428/428
f 387/387 428/428 427/427
f 388/388 389/389 429/429
f 388/388 429/429 428/428
f 389/389 390/390 430/430
f 389/389 430/430 429/429
f 390/390 391/391 431/431
f 390/390 431/431 430/430
f 391/391 392/392 432/432
f 391/391 432/432 431/431
f 392/392 393/393 433/433
f 392/392 433/433 432/432
f 393/393 394/394 434/434
f 393/393 434/434 433/433
f 394/394 395/395 435/435
f 394/394 435/435 434/434
f 395/395 396/396 436/436
f 395/395 436/436 435/435
f 396/396 397/397 437/437
f 396/396 437/437 436/436
f 397/397 398/398 438/438
f 397/397 438/438 437/437
f 398/398 399/399 439/439
f 398/398 439/439 438/438
f 399/399 400/400 440/440
f 399/399 440/440 439/439
f 400/400 401/401 441/441
f 400/400 441/441 440/440
f 401/401 402/402 442/442
f 401/401 442/442 441/441
f 402/402 403/403 443/443
f 402/402 443/443 442/442
f 403/403 404/404 444/444
f 403/403 444/444 443/443
f 404/404 405/405 445/445
f 404/404 445/445 444/444
f 405/405 406/406 446/446
f 405/405 446/446 445/445
f 406/406 407/407 447/447
f 406/406 447/447 446/446
f 407/407 408/408 448/448
f 407/407 448/448 447/447
f 408/408 409/409 449/449
f 408/408 449/449 448/448
f 409/409 410/410 450/450
f 409/409 450/450 449/449
f 410/410 411/411 451/451
f 410/410 451/451 450/450
f 411/411 412/412 452/452
f 411/411 452/452 451/451
f 412/412 413/413 453/453
f 412/412 453/453 452/452
f 413/413 414/414 454/454
f 413/413 454/454 453/453
f 414/414 415/415 455/455
f 414/414 455/455 454/454
f 415/415 416/416 456/456
f 415/415 456/456 455/455
f 416/416 417/417 457/457
f 416/416 457/457 456/456
f 417/417 418/418 458/458
f 417/417 458/458 457/457
f 419/419 420/420 463/463
f 419/419 463/463 462/462
f 420/420 421/421 464/464
f 420/420 464/464 463/463
f 421/421 422/422 465/465
f 421/421 465/465 464/464
f 422/422 423/423 466/466
f 422/422 466/466 465/465
f 423/423 424/424 467/467
f 423/423 467/467 466/466
f 424/424 425/425 468/468
f 424/424 468/468 467/467
f 425/425 426/426 469/469
f 425/425 469/469 468/468
f 426/426 427/427 470/470
f 426/426 470/470 469/469
f 427/427 428/428 471/471
f 427/427 471/471 470/470
f 428/428 429/429 472/472
f 428/428 472/472 471/471
f 429/429 430/430 473/473
f 429/429 473/473 472/472
f 430/430 431/431 474/474
f 430/430 474/474 473/473
f 431/431 432/432 475/475
f 431/431 475/475 474/474
f 432/432 433/433 476/476
f 432/432 476/476 475/475
f 433/433 434/434 477/477
f 433/433 477/477 476/476
f 434/434 435/435 478/478
f 434/434 478/478 477/477
f 435/435 436/436 479/479
f 435/435 479/479 478/478
f 436/436 437/437 480/480
f 436/436 480/480 479/479
f 437/437 438/438 481/481
f 437/437 481/481 480/480
f 438/438 439/439 482/482
f 438/438 482/482 481/481
f 439/439 440/440 483/483
f 439/439 483/483 482/482
f 440/440 441/441 484/484
f 440/440 484/484 483/483
f 441/441 442/442 485/485
f 441/441 485/485 484/484
f 442/442 443/443 486/486
f 442/442 486/486 485/485
f 443/443 444/444 487/487
f 443/443 487/487 486/486
f 444/444 445/445 488/488
f 444/444 488/488 487/487
f 445/445 446/446 489/489
f 445/445 489/489 488/488
f 446/446 447/447 490/490
f 446/446 490/490 489/489
f 447/447 448/448 491/491
f 447/447 491/491 490/490
f 448/448 449/449 492/492
f 448/448 492/492 491/491
f 449/449 450/450 493/493
f 449/449 493/493 492/492
f 450/450 451/451 494/494
f 450/450 494/494 493/493
f 451/451 452/452 495/495
f 451/451 495/495 494/494
f 452/452 453/453 496/496
f 452/452 496/496 495/495
f 453/453 454/454 497/497
f 453/453 497/497 496/496
f 454/454 455/455 498/498
f 454/454 498/498 497/497
f 455/455 456/456 499/499
f 455/455 499/499 498/498
f 456/456 457/457 500/500
f 456/456 500/500 499/499
f 457/457 458/458 501/501
f 457/457 501/501 500/500
f 459/459 460/460 506/506
f 459/459 506/506 505/505
f 460/460 461/461 507/507
f 460/460 507/507 506/506
f 461/461 462/462 508/508
f 461/461 508/508 507/507
f 462/462 463/463 509/509
f 462/462 509/509 508/508
f 463/463 464/464 510/510
f 463/463 510/510 509/509
f 464/464 465/465 511/511
f 464/464 511/511 510/510
f 465/465 466/466 512/512
f 465/465 512/512 511/511
f 466/466 467/467 513/513
f 466/466 513/513 512/512
f 467/467 468/468 514/514
f 467/467 514/514 513/513
f 468/468 469/469 515/515
f 468/468 515/515 514/514
f 469/469 470/470 516/516
f 469/469 516/516 515/515
f 470/470 471/471 517/517
f 470/470 517/517 516/516
f 471/471 472/472 518/518
f 471/471 518/518 517/517
f 472/472 473/473 519/519
f 472/472 519/519 518/518
f 473/473 474/474 520/520
f 473/473 520/520 519/519
f 474/474 475/475 521/521
f 474/474 521/521 520/520
f 475/475 476/476 522/522
f 475/475 522/522 521/521
f 476/476 477/477 523/523
f 476/476 523/523 522/522
f 477/477 478/478 524/524
f 477/477 524/524 523/523
f 478/478 479/479 525/525
f 478/478 525/525 524/524
f 479/479 480/480 526/526
f 479/479 526/526 525/525
f 480/480 481/481 527/527
f 480/480 527/527 526/526
f 481/481 482/482 528/528
f 481/481 528/528 527/527
f 482/482 483/483 529/529
f 482/482 529/529 528/528
f 483/483 484/484 530/530
f 483/483 530/530 529/529
f 484/484 485/485 531/531
f 484/484 531/531 530/530
f 485/485 486/486 532/532
f 485/485 532/532 531/531
f 486/486 487/487 533/533
f 486/486 533/533 532/532
f 487/487 488/488 534/534
f 487/487 534/534 533/533
f 488/488 489/489 535/535
f 488/488 535/535 534/534
f 489/489 490/490 536/536
f 489/489 536/536 535/535
f 490/490 491/491 537/537
f 490/490 537/537 536/536
f 491/491 492/492 538/538
f 491/491 538/538 537/537
f 492/492 493/493 539/539
f 492/492 539/539 538/538
f 493/493 494/494 540/540
f 493/493 540/540 539/539
f 494/494 495/495 541/541
f 494/494 541/541 540/540
f 495/495 496/496 542/542
f 495/495 542/542 541/541
f 496/496 497/497 543/543
f 496/496 543/543 542/542
f 497/497 498/498 544/544
f 497/497 544/544 543/543
f 498/498 499/499 545/545
f 498/498 545/545 544/544
f 499/499 500/500 546/546
f 499/499 546/546 545/545
f 500/500 501/501 547/547
f 500/500 547/547 546/546
f 501/501 502/502 548/548
f 501/501 548/548 547/547
f 503/503 504/504 552/552
f 503/503 552/552 551/551
f 504/504 505/505 553/553
f 504/504 553/553 552/552
f 505/505 506/506 554/554
f 505/505 554/554 553/553
f 506/506 507/507 555/555
f 506/506 555/555 554/554
f 507/507 508/508 556/556
f 507/507 556/556 555/555
f 508/508 509/509 557/557
f 508/508 557/557 556/556
f 509/509 510/510 558/558
f 509/509 558/558 557/557
f 510/510 511/511 559/559
f 510/510 559/559 558/558
f 511/511 512/512 560/560
f 511/511 560/560 559/559
f 512/512 513/513 561/561
f 512/512 561/561 560/560
f 513/513 514/514 562/562
f 513/513 562/562 561/561
f 514/514 515/515 563/563
f 514/514 563/563 562/562
f 515/515 516/516 564/564
f 515/515 564/564 563/563
f 516/516 517/517 565/565
f 516/516 565/565 564/564
f 517/517 518/518 566/566
f 517/517 566/566 565/565
f 518/518 519/519 567/567
f 518/518 567/567 566/566
f 519/519 520/520 568/568
f 519/519 568/568 567/567
f 520/520 521/521 569/569
f 520/520 569/569 568/568
f 521/521 522/522 570/570
f 521/521 570/570 569/569
f 522/522 523/523 571/571
f 522/522 571/571 570/570
f 523/523 524/524 572/572
f 523/523 572/572 571/571
f 524/524 525/525 573/573
f 524/524 573/573 572/572
f 525/525 526/526 574/574
f 525/525 574/574 573/573
f 526/526 527/527 575/575
f 526/526 575/575 574/574
f 527/527 528/528 576/576
f 527/527 576/576 575/575
f 528/528 529/529 577/577
f 528/528 577/577 576/576
f 529/529 530/530 578/578
f 529/529 578/578 577/577
f 530/530 531/531 579/579
f 530/530 579/579 578/578
f 531/531 532/532 580/580
f 531/531 580/580 579/579
f 532/532 533/533 581/581
f 532/532 581/581 580/580
f 533/533 534/534 582/582
f 533/533 582/582 581/581
f 534/534 535/535 583/583
f 534/534 583/583 582/582
f 535/535 536/536 584/584
f 535/535 584/584 583/583
f 536/536 537/537 585/585
f 536/536 585/585 584/584
f 537/537 538/538 586/586
f 537/537 586/586 585/585
f 538/538 539/539 587/587
f 538/538 587/587 586/586
f 539/539 540/540 588/588
f 539/539 588/588 587/587
f 540/540 541/541 589/589
f 540/540 589/589 588/588
f 541/541 542/542 590/590
f 541/541 590/590 589/589
f 542/542 543/543 591/591
f 542/542 591/591 590/590
f 543/543 544/544 592/592
f 543/543 592/592 591/591
f 544/544 545/545 593/593
f 544/544 593/593 592/592
f 545/545 546/546 594/594
f 545/545 594/594 593/593
f 546/546 547/547 595/595
f 546/546 595/595 594/594
f 547/547 548/548 596/596
f 547/547 596/596 595/595
f 548/548 549/549 597/597
f 548/548 597/597 596/596
f 550/550 551/551 601/601
f 550/550 601/601 600/600
f 551/551 552/552 602/602
f 551/551 602/602 601/601
f 552/552 553/553 603/603
f 552/552 603/603 602/602
f 553/553 554/554 604/604
f 553/553 604/604 603/603
f 554/554 555/555 605/605
f 554/554 605/605 604/604
f 555/555 556/556 606/606
f 555/555 606/606 605/605
f 556/556 557/557 607/607
f 556/556 607/607 606/606
f 557/557 558/558 608/608
f 557/557 608/608 607/607
f 558/558 559/559 609/609
f 558/558 609/609 608/608
f 559/559 560/560 610/610
f 559/559 610/610 609/609
f 560/560 561/561 611/611
f 560/560 611/611 610/610
f 561/561 562/562 612/612
f 561/561 612/612 611/611
f 562/562 563/563 613/613
f 562/562 613/613 612/612
f 563/563 564/564 614/614
f 563/563 614/614 613/613
f 564/564 565/565 615/615
f 564/564 615/615 614/614
f 565/565 566/566 616/616
f 565/565 616/616 615/615
f 566/566 567/567 617/617
f 566/566 617/617 616/616
f 567/567 568/568 618/618
f 567/567 618/618 617/617
f 568/568 569/569 619/619
f 568/568 619/619 618/618
f 569/569 570/570 620/620
f 569/569 620/620 619/619
f 570/570 571/571 621/621
f 570/570 621/621 620/620
f 571/571 572/572 622/622
f 571/571 622/622 621/621
f 572/572 573/573 623/623
f 572/572 623/623 622/622
f 573/573 574/574 624/624
f 573/573 624/624 623/623
f 574/574 575/575 625/625
f 574/574 625/625 624/624
f 575/575 576/576 626/626
f 575/575 626/626 625/625
f 576/576 577/577 627/627
f 576/576 627/627 626/626
f 577/577 578/578 628/628
f 577/577 628/628 627/627
f 578/578 579/579 629/629
f 578/578 629/629 628/628
f 579/579 580/580 630/630
f 579/579 630/630 629/629
f 580/580 581/581 631/631
f 580/580 631/631 630/630
f 581/581 582/582 632/632
f 581/581 632/632 631/631
f 582/582 583/583 633/633
f 582/582 633/633 632/632
f 583/583 584/584 634/634
f 583/583 634/634 633/633
f 584/584 585/585 635/635
f 584/584 635/635 634/634
f 585/585 586/586 636/636
f 585/585 636/636 635/635
f 586/586 587/587 637/637
f 586/586 637/637 636/636
f 587/587 588/588 638/638
f 587/587 638/638 637/637
f 588/588 589/589 639/639
f 588/588 639/639 638/638
f 589/589 590/590 640/640
f 589/589 640/640 639/639
f 590/590 591/591 641/641
f 590/590 641/641 640/640
f 591/591 592/592 642/642
f 591/591 642/642 641/641
f 592/592 593/593 643/643
f 592/592 643/643 642/642
f 593/593 594/594 644/644
f 593/593 644/644 643/643
f 594/594 595/595 645/645
f 594/594 645/645 644/644
f 595/595 596/596 646/646
f 595/595 646/646 645/645
f 596/596 597/597 647/647
f 596/596 647/647 646/646
f 597/597 598/598 648/648
f 597/597 648/648 647/647
f 598/598 599/599 649/649
f 598/598 649/649 648/648
f 600/600 601/601 653/653
f 600/600 653/653 652/652
f 601/601 602/602 654/654
f 601/601 654/654 653/653
f 602/602 603/603 655/655
f 602/602 655/655 654/654
f 603/603 604/604 656/656
f 603/603 656/656 655/655
f 604/604 605/605 657/657
f 604/604 657/657 656/656
f 605/605 606/606 658/658
f 605/605 658/658 657/657
f 606/606 607/607 659/659
f 606/606 659/659 658/658
f 607/607 608/608 660/660
f 607/607 660/660 659/659
f 608/608 609/609 661/661
f 608/608 661/661 660/660
f 609/609 610/610 662/662
f 609/609 662/662 661/661
f 610/610 611/611 663/663
f 610/610 663/663 662/662
f 611/611 612/612 664/664
f 611/611 664/664 663/663
f 612/612 613/613 665/665
f 612/612 665/665 664/664
f 613/613 614/614 666/666
f 613/613 666/666 665/665
f 614/614 615/615 667/667
f 614/614 667/667 666/666
f 615/615 616/616 668/668
f 615/615 668/668 667/667
f 616/616 617/617 669/669
f 616/616 669/669 668/668
f 617/617 618/618 670/670
f 617/617 670/670 669/669
f 618/618 619/619 671/671
f 618/618 671/671 670/670
f 619/619 620/620 672/672
f 619/619 672/672 671/671
f 620/620 621/621 673/673
f 620/620 673/673 672/672
f 621/621 622/622 674/674
f 621/621 674/674 673/673
f 622/622 623/623 675/675
f 622/622 675/675 674/674
f 623/623 624/624 676/676
f 623/623 676/676 675/675
f 624/624 625/625 677/677
f 624/624 677/677 676/676
f 625/625 626/626 678/678
f 625/625 678/678 677/677
f 626/626 627/627 679/679
f 626/626 679/679 678/678
f 627/627 628/628 680/680
f 627/627 680/680 679/679
f 628/628 629/629 681/681
f 628/628 681/681 680/680
f 629/629 630/630 682/682
f 629/629 682/682 681/681
f 630/630 631/631 683/683
f 630/630 683/683 682/682
f 631/631 632/632 684/684
f 631/631 684/684 683/683
f 632/632 633/633 685/685
f 632/632 685/685 684/684
f 633/633 634/634 686/686
f 633/633 686/686 685/685
f 634/634 635/635 687/687
f 634/634 687/687 686/686
f 635/635 636/636 688/688
f 635/635 688/688 687/687
f 636/636 637/637 689/689
f 636/636 689/689 688/688
f 637/637 638/638 690/690
f 637/637 690/690 689/689
f 638/638 639/639 691/691
f 638/638 691/691 690/690
f 639/639 640/640 692/692
f 639/639 692/692 691/691
f 640/640 641/641 693/693
f 640/640 693/693 692/692
f 641/641 642/642 694/694
f 641/641 694/694 693/693
f 642/642 643/643 695/695
f 642/642 695/695 694/694
f 643/643 644/644 696/696
f 643/643 696/696 695/695
f 644/644 645/645 697/697
f 644/644 697/697 696/696
f 645/645 646/646 698/698
f 645/645 698/698 697/697
f 646/646 647/647 699/699
f 646/646 699/699 698/698
f 647/647 648/648 700/700
f 647/647 700/700 699/699
f 648/648 649/649 701/701
f 648/648 701/701 700/700
f 649/649 650/650 702/702
f 649/649 702/702 701/701
f 651/651 652/652 705/705
f 651/651 705/705 704/704
f 652/652 653/653 706/706
f 652/652 706/706 705/705
f 653/653 654/654 707/707
f 653/653 707/707 706/706
f 654/654 655/655 708/708
f 654/654 708/708 707/707
f 655/655 656/656 709/709
f 655/655 709/709 708/708
f 656/656 657/657 710/710
f 656/656 710/710 709/709
f 657/657 658/658 711/711
f 657/657 711/711 710/710
f 658/658 659/659 712/712
f 658/658 712/712 711/711
f 659/659 660/660 713/713
f 659/659 713/713 712/712
f 660/660 661/661 714/714
f 660/660 714/714 713/713
f 661/661 662/662 715/715
f 661/661 715/715 714/714
f 662/662 663/663 716/716
f 662/662 716/716 715/715
f 663/663 664/664 717/717
f 663/663 717/717 716/716
f 664/664 665/665 718/718
f 664/664 718/718 717/717
f 665/665 666/666 719/719
f 665/665 719/719 718/718
f 666/666 667/667 720/720
f 666/666 720/720 719/719
f 667/667 668/668 721/721
f 667/667 721/721 720/720
f 668/668 669/669 722/722
f 668/668 722/722 721/721
f 669/669 670/670 723/723
f 669/669 723/723 722/722
f 670/670 671/671 724/724
f 670/670 724/724 723/723
f 671/671 672/672 725/725
f 671/671 725/725 724/724
f 672/672 673/673 726/726
f 672/672 726/726 725/725
f 673/673 674/674 727/727
f 673/673 727/727 726/726
f 674/674 675/675 728/728
f 674/674 728/728 727/727
f 675/675 676/676 729/729
f 675/675 729/729 728/728
f 676/676 677/677 730/730
f 676/676 730/730 729/729
f 677/677 678/678 731/731
f 677/677 731/731 730/730
f 678/678 679/679 732/732
f 678/678 732/732 731/731
f 679/679 680/680 733/733
f 679/679 733/733 732/732
f 680/680 681/681 734/734
f 680/680 734/734 733/733
f 681/681 682/682 735/735
f 681/681 735/735 734/734
f 682/682 683/683 736/736
f 682/682 736/736 735/735
f 683/683 684/684 737/737
f 683/683 737/737 736/736
f 684/684 685/685 738/738
f 684/684 738/738 737/737
f 685/685 686/686 739/739
f 685/685 739/739 738/738
f 686/686 687/687 740/740
f 686/686 740/740 739/739
f 687/687 688/688 741/741
f 687/687 741/741 740/740
f 688/688 689/689 742/742
f 688/688 742/742 741/741
f 689/689 690/690 743/743
f 689/689 743/743 742/742
f 690/690 691/691 744/744
f 690/690 744/744 743/743
f 691/691 692/692 745/745
f 691/691 745/745 744/744
f 692/692 693/693 746/746
f 692/692 746/746 745/745
f 693/693 694/694 747/747
f 693/693 747/747 746/746
f 694/694 695/695 748/748
f 694/694 748/748 747/747
f 695/695 696/696 749/749
f 695/695 749/749 748/748
f 696/696 697/697 750/750
f 696/696 750/750 749/749
f 697/697 698/698 751/751
f 697/697 751/751 750/750
f 698/698 699/699 752/752
f 698/698 752/752 751/751
f 699/699 700/700 753/753
f 699/699 753/753 752/752
f 700/700 701/701 754/754
f 700/700 754/754 753/753
f 701/701 702/702 755/755
f 701/701 755/755 754/754
f 702/702 703/703 756/756
f 702/702 756/756 755/755
f 704/704 705/705 760/760
f 704/704 760/760 759/759
f 705/705 706/706 761/761
f 705/705 761/761 760/760
f 706/706 707/707 762/762
f 706/706 762/762 761/761
f 707/707 708/708 763/763
f 707/707 763/763 762/762
f 708/708 709/709 764/764
f 708/708 764/764 763/763
f 709/709 710/710 765/765
f 709/709 765/765 764/764
f 710/710 711/711 766/766
f 710/710 766/766 765/765
f 711/711 712/712 767/767
f 711/711 767/767 766/766
f 712/712 713/713 768/768
f 712/712 768/768 767/767
f 713/713 714/714 769/769
f 713/713 769/769 768/768
f 714/714 715/715 770/770
f 714/714 770/770 769/769
f 715/715 716/716 771/771
f 715/715 771/771 770/770
f 716/716 717/717 772/772
f 716/716 772/772 771/771
f 717/717 718/718 773/773
f 717/717 773/773 772/772
f 718/718 719/719 774/774
f 718/718 774/774 773/773
f 719/719 720/720 775/775
f 719/719 775/775 774/774
f 720/720 721/721 776/776
f 720/720 776/776 775/775
f 721/721 722/722 777/777
f 721/721 777/777 776/776
f 722/722 723/723 778/778
f 722/722 778/778 777/777
f 723/723 724/724 779/779
f 723/723 779/779 778/778
f 724/724 725/725 780/780
f 724/724 780/780 779/779
f 725/725 726/726 781/781
f 725/725 781/781 780/780
f 726/726 727/727 782/782
f 726/726 782/782 781/781
f 727/727 728/728 783/783
f 727/727 783/783 782/782
f 728/728 729/729 784/784
f 728/728 784/784 783/783
f 729/729 730/730 785/785
f 729/729 785/785 784/784
f 730/730 731/731 786/786
f 730/730 786/786 785/785
f 731/731 732/732 787/787
f 731/731 787/787 786/786
f 732/732 733/733 788/788
f 732/732 788/788 787/787
f 733/733 734/734 789/789
f 733/733 789/789 788/788
f 734/734 735/735 790/790
f 734/734 790/790 789/789
f 735/735 736/736 791/791
f 735/735 791/791 790/790
f 736/736 737/737 792/792
f 736/736 792/792 791/791
f 737/737 738/738 793/793
f 737/737 793/793 792/792
f 738/738 739/739 794/794
f 738/738 794/794 793/793
f 739/739 740/740 795/795
f 739/739 795/795 794/794
f 740/740 741/741 796/796
f 740/740 796/796 795/795
f 741/741 742/742 797/797
f 741/741 797/797 796/796
f 742/742 743/743 798/798
f 742/742 798/798 797/797
f 743/743 744/744 799/799
f 743/743 799/799 798/798
f 744/744 745/745 800/800
f 744/744 800/800 799/799
f 745/745 746/746 801/801
f 745/745 801/801 800/800
f 746/746 747/747 802/802
f 746/746 802/802 801/801
f 747/747 748/748 803/803
f 747/747 803/803 802/802
f 748/748 749/749 804/804
f 748/748 804/804 803/803
f 749/749 750/750 805/805
f 749/749 805/805 804/804
f 750/750 751/751 806/806
f 750/750 806/806 805/805
f 751/751 752/752 807/807
f 751/751 807/807 806/806
f 752/752 753/753 808/808
f 752/752 808/808 807/807
f 753/753 754/754 809/809
f 753/753 809/809 808/808
f 754/754 755/755 810/810
f 754/754 810/810 809/809
f 755/755 756/756 811/811
f 755/755 811/811 810/810
f 757/757 758/758 814/814
f 757/757 814/814 813/813
f 758/758 759/759 815/815
f 758/758 815/815 814/814
f 759/759 760/760 816/816
f 759/759 816/816 815/815
f 760/760 761/761 817/817
f 760/760 817/817 816/816
f 761/761 762/762 818/818
f 761/761 818/818 817/817
f 762/762 763/763 819/819
f 762/762 819/819 818/818
f 763/763 764/764 820/820
f 763/763 820/820 819/819
f 764/764 765/765 821/821
f 764/764 821/821 820/820
f 765/765 766/766 822/822
f 765/765 822/822 821/821
f 766/766 767/767 823/823
f 766/766 823/823 822/822
f 767/767 768/768 824/824
f 767/767 824/824 823/823
f 768/768 769/769 825/825
f 768/768 825/825 824/824
f 769/769 770/770 826/826
f 769/769 826/826 825/825
f 770/770 771/771 827/827
f 770/770 827/827 826/826
f 771/771 772/772 828/828
f 771/771 828/828 827/827
f 772/772 773/773 829/829
f 772/772 829/829 828/828
f 773/773 774/774 830/830
f 773/773 830/830 829/829
f 774/774 775/775 831/831
f 774/774 831/831 830/830
f 775/775 776/776 832/832
f 775/775 832/832 831/831
f 776/776 777/777 833/833
f 776/776 833/833 832/832
f 777/777 778/778 834/834
f 777/777 834/834 833/833
f 778/778 779/779 835/835
f 778/778 835/835 834/834
f 779/779 780/780 836/836
f 779/779 836/836 835/835
f 780/780 781/781 837/837
f 780/780 837/837 836/836
f 781/781 782/782 838/838
f 781/781 838/838 837/837
f 782/782 783/783 839/839
f 782/782 839/839 838/838
f 783/783 784/784 840/840
f 783/783 840/840 839/839
f 784/784 785/785 841/841
f 784/784 841/841 840/840
f 785/785 786/786 842/842
f 785/785 842/842 841/841
f 786/786 787/787 843/843
f 786/786 843/843 842/842
f 787/787 788/788 844/844
f 787/787 844/844 843/843
f 788/788 789/789 845/845
f 788/788 845/845 844/844
f 789/789 790/790 846/846
f 789/789 846/846 845/845
f 790/790 791/791 847/847
f 790/790 847/847 846/846
f 791/791 792/792 848/848
f 791/791 848/848 847/847
f 792/792 793/793 849/849
f 792/792 849/849 848/848
f 793/793 794/794 850/850
f 793/793 850/850 849/849
f 794/794 795/795 851/851
f 794/794 851/851 850/850
f 795/795 796/796 852/852
f 795/795 852/852 851/851
f 796/796 797/797 853/853
f 796/796 853/853 852/852
f 797/797 798/798 854/854
f 797/797 854/854 853/853
f 798/798 799/799 855/855
f 798/798 855/855 854/854
f 799/799 800/800 856/856
f 799/799 856/856 855/855
f 800/800 801/801 857/857
f 800/800 857/857 856/856
f 801/801 802/802 858/858
f 801/801 858/858 857/857
f 802/802 803/803 859/859
f 802/802 859/859 858/858
f 803/803 804/804 860/860
f 803/803 860/860 859/859
f 804/804 805/805 861/861
f 804/804 861/861 860/860
f 805/805 806/806 862/862
f 805/805 862/862 861/861
f 806/806 807/807 863/863
f 806/806 863/863 862/862
f 807/807 808/808 864/864
f 807/807 864/864 863/863
f 808/808 809/809 865/865
f 808/808 865/865 864/864
f 809/809 810/810 866/866
f 809/809 866/866 865/865
f 810/810 811/811 867/867
f 810/810 867/867 866/866
f 811/811 812/812 868/868
f 811/811 868/868 867/867
f 813/813 814/814 872/872
f 813/813 872/872 871/871
f 814/814 815/815 873/873
f 814/814 873/873 872/872
f 815/815 816/816 874/874
f 815/815 874/874 873/873
f 816/816 817/817 875/875
f 816/816 875/875 874/874
f 817/817 818/818 876/876
f 817/817 876/876 875/875
f 818/818 819/819 877/877
f 818/818 877/877 876/876
f 819/819 820/820 878/878
f 819/819 878/878 877/877
f 820/820 821/821 879/879
f 820/820 879/879 878/878
f 821/821 822/822 880/880
f 821/821 880/880 879/879
f 822/822 823/823 881/881
f 822/822 881/881 880/880
f 823/823 824/824 882/882
f 823/823 882/882 881/881
f 824/824 825/825 883/883
f 824/824 883/883 882/882
f 825/825 826/826 884/884
f 825/825 884/884 883/883
f 826/826 827/827 885/885
f 826/826 885/885 884/884
f 827/827 828/828 886/886
f 827/827 886/886 885/885
f 828/828 829/829 887/887
f 828/828 887/887 886/886
f 829/829 830/830 888/888
f 829/829 888/888 887/887
f 830/830 831/831 889/889
f 830/830 889/889 888/888
f 831/831 832/832 890/890
f 831/831 890/890 889/889
f 832/832 833/833 891/891
f 832/832 891/891 890/890
f 833/833 834/834 892/892
f 833/833 892/892 891/891
f 834/834 835/835 893/893
f 834/834 893/893 892/892
f 835/835 836/836 894/894
f 835/835 894/894 893/893
f 836/836 837/837 895/895
f 836/836 895/895 894/894
f 837/837 838/838 896/896
f 837/837 896/896 895/895
f 838/838 839/839 897/897
f 838/838 897/897 896/896
f 839/839 840/840 898/898
f 839/839 898/898 897/897
f 840/840 841/841 899/899
f 840/840 899/899 898/898
f 841/841 842/842 900/900
f 841/841 900/900 899/899
f 842/842 843/843 901/901
f 842/842 901/901 900/900
f 843/843 844/844 902/902
f 843/843 902/902 901/901
f 844/844 845/845 903/903
f 844/844 903/903 902/902
f 845/845 846/846 904/904
f 845/845 904/904 903/903
f 846/846 847/847 905/905
f 846/846 905/905 904/904
f 847/847 848/848 906/906
f 847/847 906/906 905/905
f 848/848 849/849 907/907
f 848/848 907/907 906/906
f 849/849 850/850 908/908
f 849/849 908/908 907/907
f 850/850 851/851 909/909
f 850/850 909/909 908/908
f 851/851 852/852 910/910
f 851/851 910/910 909/909
f 852/852 853/853 911/911
f 852/852 911/911 910/910
f 853/853 854/854 912/912
f 853/853 912/912 911/911
f 854/854 855/855 913/913
f 854/854 913/913 912/912
f 855/855 856/856 914/914
f 855/855 914/914 913/913
f 856/856 857/857 915/915
f 856/856 915/915 914/914
f 857/857 858/858 916/916
f 857/857 916/916 915/915
f 858/858 859/859 917/917
f 858/858 917/917 916/916
f 859/859 860/860 918/918
f 859/859 918/918 917/917
f 860/860 861/861 919/919
f 860/860 919/919 918/918
f 861/861 862/862 920/920
f 861/861 920/920 919/919
f 862/862 863/863 921/921
f 862/862 921/921 920/920
f 863/863 864/864 922/922
f 863/863 922/922 921/921
f 864/864 865/865 923/923
f 864/864 923/923 922/922
f 865/865 866/866 924/924
f 865/865 924/924 923/923
f 866/866 867/867 925/925
f 866/866 925/925 924/924
f 867/867 868/868 926/926
f 867/867 926/926 925/925
f 868/868 869/869 927/927
f 868/868 927/927 926/926
f 870/870 871/871 929/929
f 870/870 929/929 928/928
f 871/871 872/872 930/930
f 871/871 930/930 929/929
f 872/872 873/873 931/931
f 872/872 931/931 930/930
f 873/873 874/874 932/932
f 873/873 932/932 931/931
f 874/874 875/875 933/933
f 874/874 933/933 932/932
f 875/875 876/876 934/934
f 875/875 934/934 933/933
f 876/876 877/877 935/935
f 876/876 935/935 934/934
f 877/877 878/878 936/936
f 877/877 936/936 935/935
f 878/878 879/879 937/937
f 878/878 937/937 936/936
f 879/879 880/880 938/938
f 879/879 938/938 937/937
f 880/880 881/881 939/939
f 880/880 939/939 938/938
f 881/881 882/882 940/940
f 881/881 940/940 939/939
f 882/882 883/883 941/941
f 882/882 941/941 940/940
f 883/883 884/884 942/942
f 883/883 942/942 941/941
f 884/884 885/885 943/943
f 884/884 943/943 942/942
f 885/885 886/886 944/944
f 885/885 944/944 943/943
f 886/886 887/887 945/945
f 886/886 945/945 944/944
f 887/887 888/888 946/946
f 887/887 946/946 945/945
f 888/888 889/889 947/947
f 888/888 947/947 946/946
f 889/889 890/890 948/948
f 889/889 948/948 947/947
f 890/890 891/891 949/949
f 890/890 949/949 948/948
f 891/891 892/892 950/950
f 891/891 950/950 949/949
f 892/892 893/893 951/951
f 892/892 951/951 950/950
f 893/893 894/894 952/952
f 893/893 952/952 951/951
f 894/894 895/895 953/953
f 894/894 953/953 952/952
f 895/895 896/896 954/954
f 895/895 954/954 953/953
f 896/896 897/897 955/955
f 896/896 955/955 954/954
f 897/897 898/898 956/956
f 897/897 956/956 955/955
f 898/898 899/899 957/957
f 898/898 957/957 956/956
f 899/899 900/900 958/958
f 899/899 958/958 957/957
f 900/900 901/901 959/959
f 900/900 959/959 958/958
f 901/901 902/902 960/960
f 901/901 960/960 959/959
f 902/902 903/903 961/961
f 902/902 961/961 960/960
f 903/903 904/904 962/962
f 903/903 962/962 961/961
f 904/904 905/905 963/963
f 904/904 963/963 962/962
f 905/905 906/906 964/964
f 905/905 964/964 963/963
f 906/906 907/907 965/965
f 906/906 965/965 964/964
f 907/907 908/908 966/966
f 907/907 966/966 965/965
f 908/908 909/909 967/967
f 908/908 967/967 966/966
f 909/909 910/910 968/968
f 909/909 968/968 967/967
f 910/910 911/911 969/969
f 910/910 969/969 968/968
f 911/911 912/912 970/970
f 911/911 970/970 969/969
f 912/912 913/913 971/971
f 912/912 971/971 970/970
f 913/913 914/914 972/972
f 913/913 972/972 971/971
f 914/914 915/915 973/973
f 914/914 973/973 972/972
f 915/915 916/916 974/974
f 915/915 974/974 973/973
f 916/916 917/917 975/975
f 916/916 975/975 974/974
f 917/917 918/918 976/976
f 917/917 976/976 975/975
f 918/918 919/919 977/977
f 918/918 977/977 976/976
f 919/919 920/920 978/978
f 919/919 978/978 977/977
f 920/920 921/921 979/979
f 920/920 979/979 978/978
f 921/921 922/922 980/980
f 921/921 980/980 979/979
f 922/922 923/923 981/981
f 922/922 981/981 980/980
f 923/923 924/924 982/982
f 923/923 982/982 981/981
f 924/924 925/925 983/983
f 924/924 983/983 982/982
f 925/925 926/926 984/984
f 925/925 984/984 983/983
f 926/926 927/927 985/985
f 926/926 985/985 984/984
f 928/928 929/929 988/988
f 928/928 988/988 987/987
f 929/929 930/930 989/989
f 929/929 989/989 988/988
f 930/930 931/931 990/990
f 930/930 990/990 989/989
f 931/931 932/932 991/991
f 931/931 991/991 990/990
f 932/932 933/933 992/992
f 932/932 992/992 991/991
f 933/933 934/934 993/993
f 933/933 993/993 992/992
f 934/934 935/935 994/994
f 934/934 994/994 993/993
f 935/935 936/936 995/995
f 935/935 995/995 994/994
f 936/936 937/937 996/996
f 936/936 996/996 995/995
f 937/937 938/938 997/997
f 937/937 997/997 996/996
f 938/938 939/939 998/998
f 938/938 998/998 997/997
f 939/939 940/940 999/999
f 939/939 999/999 998/998
f 940/940 941/941 1000/1000
f 940/940 1000/1000 999/999
f 941/941 942/942 1001/1001
f 941/941 1001/1001 1000/1000
f 942/942 943/943 1002/1002
f 942/942 1002/1002 1001/1001
f 943/943 944/944 1003/1003
f 943/943 1003/1003 1002/1002
f 944/944 945/945 1004/1004
f 944/944 1004/1004 1003/1003
f 945/945 946/946 1005/1005
f 945/945 1005/1005 1004/1004
f 946/946 947/947 1006/1006
f 946/946 1006/1006 1005/1005
f 947/947 948/948 1007/1007
f 947/947 1007/1007 1006/1006
f 948/948 949/949 1008/1008
f 948/948 1008/1008 1007/1007
f 949/949 950/950 1009/1009
f 949/949 1009/1009 1008/1008
f 950/950 951/951 1010/1010
f 950/950 1010/1010 1009/1009
f 951/951 952/952 1011/1011
f 951/951 1011/1011 1010/1010
f 952/952 953/953 1012/1012
f 952/952 1012/1012 1011/1011
f 953/953 954/954 1013/1013
f 953/953 1013/1013 1012/1012
f 954/954 955/955 1014/1014
f 954/954 1014/1014 1013/1013
f 955/955 956/956 1015/1015
f 955/955 1015/1015 1014/1014
f 956/956 957/957 1016/1016
f 956/956 1016/1016 1015/1015
f 957/957 958/958 1017/1017
f 957/957 1017/1017 1016/1016
f 958/958 959/959 1018/1018
f 958/958 1018/1018 1017/1017
f 959/959 960/960 1019/1019
f 959/959 1019/1019 1018/1018
f 960/960 961/961 1020/1020
f 960/960 1020/1020 1019/1019
f 961/961 962/962 1021/1021
f 961/961 1021/1021 1020/1020
f 962/962 963/963 1022/1022
f 962/962 1022/1022 1021/1021
f 963/963 964/964 1023/1023
f 963/963 1023/1023 1022/1022
f 964/964 965/965 1024/1024
f 964/964 1024/1024 1023/1023
f 965/965 966/966 1025/1025
f 965/965 1025/1025 1024/1024
f 966/966 967/967 1026/1026
f 966/966 1026/1026 1025/1025
f 967/967 968/968 1027/1027
f 967/967 1027/1027 1026/1026
f 968/968 969/969 1028/1028
f 968/968 1028/1028 1027/1027
f 969/969 970/970 1029/1029
f 969/969 1029/1029 1028/1028
f 970/970 971/971 1030/1030
f 970/970 1030/1030 1029/1029
f 971/971 972/972 1031/1031
f 971/971 1031/1031 1030/1030
f 972/972 973/973 1032/1032
f 972/972 1032/1032 1031/1031
f 973/973 974/974 1033/1033
f 973/973 1033/1033 1032/1032
f 974/974 975/975 1034/1034
f 974/974 1034/1034 1033/1033
f 975/975 976/976 1035/1035
f 975/975 1035/1035 1034/1034
f 976/976 977/977 1036/1036
f 976/976 1036/1036 1035/1035
f 977/977 978/978 1037/1037
f 977/977 1037/1037 1036/1036
f 978/978 979/979 1038/1038
f 978/978 1038/1038 1037/1037
f 979/979 980/980 1039/1039
f 979/979 1039/1039 1038/1038
f 980/980 981/981 1040/1040
f 980/980 1040/1040 1039/1039
f 981/981 982/982 1041/1041
f 981/981 1041/1041 1040/1040
f 982/982 983/983 1042/1042
f 982/982 1042/1042 1041/1041
f 983/983 984/984 1043/1043
f 983/983 1043/1043 1042/1042
f 984/984 985/985 1044/1044
f 984/984 1044/1044 1043/1043
f 986/986 987/987 1047/1047
f 986/986 1047/1047 1046/1046
f 987/987 988/988 1048/1048
f 987/987 1048/1048 1047/1047
f 988/988 989/989 1049/1049
f 988/988 1049/1049 1048/1048
f 989/989 990/990 1050/1050
f 989/989 1050/1050 1049/1049
f 990/990 991/991 1051/1051
f 990/990 1051/1051 1050/1050
f 991/991 992/992 1052/1052
f 991/991 1052/1052 1051/1051
f 992/992 993/993 1053/1053
f 992/992 1053/1053 1052/1052
f 993/993 994/994 1054/1054
f 993/993 1054/1054 1053/1053
f 994/994 995/995 1055/1055
f 994/994 1055/1055 1054/1054
f 995/995 996/996 1056/1056
f 995/995 1056/1056 1055/1055
f 996/996 997/997 1057/1057
f 996/996 1057/1057 1056/1056
f 997/997 998/998 1058/1058
f 997/997 1058/1058 1057/1057
f 998/998 999/999 1059/1059
f 998/998 1059/1059 1058/1058
f 999/999 1000/1000 1060/1060
f 999/999 1060/1060 1059/1059
f 1000/1000 1001/1001 1061/1061
f 1000/1000 1061/1061 1060/1060
f 1001/1001 1002/1002 1062/1062
f 1001/1001 1062/1062 1061/1061
f 1002/1002 1003/1003 1063/1063
f 1002/1002 1063/1063 1062/1062
f 1003/1003 1004/1004 1064/1064
f 1003/1003 1064/1064 1063/1063
f 1004/1004 1005/1005 1065/1065
f 1004/1004 1065/1065 1064/1064
f 1005/1005 1006/1006 1066/1066
f 1005/1005 1066/1066 1065/1065
f 1006/1006 1007/1007 1067/1067
f 1006/1006 1067/1067 1066/1066
f 1007/1007 1008/1008 1068/1068
f 1007/1007 1068/1068 1067/1067
f 1008/1008 1009/1009 1069/1069
f 1008/1008 1069/1069 1068/1068
f 1009/1009 1010/1010 1070/1070
f 1009/1009 1070/1070 1069/1069
f 1010/1010 1011/1011 1071/1071
f 1010/1010 1071/1071 1070/1070
f 1011/1011 1012/1012 1072/1072
f 1011/1011 1072/1072 1071/1071
f 1012/1012 1013/1013 1073/1073
f 1012/1012 1073/1073 1072/1072
f 1013/1013 1014/1014 1074/1074
f 1013/1013 1074/1074 1073/1073
f 1014/1014 1015/1015 1075/1075
f 1014/1014 1075/1075 1074/1074
f 1015/1015 1016/1016 1076/1076
f 1015/1015 1076/1076 1075/1075
f 1016/1016 1017/1017 1077/1077
f 1016/1016 1077/1077 1076/1076
f 1017/1017 1018/1018 1078/1078
f 1017/1017 1078/1078 1077/1077
f 1018/1018 1019/1019 1079/1079
f 1018/1018 1079/1079 1078/1078
f 1019/1019 1020/1020 1080/1080
f 1019/1019 1080/1080 1079/1079
f 1020/1020 1021/1021 1081/1081
f 1020/1020 1081/1081 1080/1080
f 1021/1021 1022/1022 1082/1082
f 1021/1021 1082/1082 1081/1081
f 1022/1022 1023/1023 1083/1083
f 1022/1022 1083/1083 1082/1082
f 1023/1023 1024/1024 1084/1084
f 1023/1023 1084/1084 1083/1083
f 1024/1024 1025/1025 1085/1085
f 1024/1024 1085/1085 1084/1084
f 1025/1025 1026/1026 1086/1086
f 1025/1025 1086/1086 1085/1085
f 1026/1026 1027/1027 1087/1087
f 1026/1026 1087/1087 1086/1086
f 1027/1027 1028/1028 1088/1088
f 1027/1027 1088/1088 1087/1087
f 1028/1028 1029/1029 1089/1089
f 1028/1028 1089/1089 1088/1088
f 1029/1029 1030/1030 1090/1090
f 1029/1029 1090/1090 1089/1089
f 1030/1030 1031/1031 1091/1091
f 1030/1030 1091/1091 1090/1090
f 1031/1031 1032/1032 1092/1092
f 1031/1031 1092/1092 1091/1091
f 1032/1032 1033/1033 1093/1093
f 1032/1032 1093/1093 1092/1092
f 1033/1033 1034/1034 1094/1094
f 1033/1033 1094/1094 1093/1093
f 1034/1034 1035/1035 1095/1095
f 1034/1034 1095/1095 1094/1094
f 1035/1035 1036/1036 1096/1096
f 1035/1035 1096/1096 1095/1095
f 1036/1036 1037/1037 1097/1097
f 1036/1036 1097/1097 1096/1096
f 1037/1037 1038/1038 1098/1098
f 1037/1037 1098/1098 1097/1097
f 1038/1038 1039/1039 1099/1099
f 1038/1038 1099/1099 1098/1098
f 1039/1039 1040/1040 1100/1100
f 1039/1039 1100/1100 1099/1099
f 1040/1040 1041/1041 1101/1101
f 1040/1040 1101/1101 1100/1100
f 1041/1041 1042/1042 1102/1102
f 1041/1041 1102/1102 1101/1101
f 1042/1042 1043/1043 1103/1103
f 1042/1042 1103/1103 1102/1102
f 1043/1043 1044/1044 1104/1104
f 1043/1043 1104/1104 1103/1103
f 1045/1045 1046/1046 1106/1106
f 1045/1045 1106/1106 1105/1105
f 1046/1046 1047/1047 1107/1107
f 1046/1046 1107/1107 1106/1106
f 1047/1047 1048/1048 1108/1108
f 1047/1047 1108/1108 1107/1107
f 1048/1048 1049/1049 1109/1109
f 1048/1048 1109/1109 1108/1108
f 1049/1049 1050/1050 1110/1110
f 1049/1049 1110/1110 1109/1109
f 1050/1050 1051/1051 1111/1111
f 1050/1050 1111/1111 1110/1110
f 1051/1051 1052/1052 1112/1112
f 1051/1051 1112/1112 1111/1111
f 1052/1052 1053/1053 1113/1113
f 1052/1052 1113/1113 1112/1112
f 1053/1053 1054/1054 1114/1114
f 1053/1053 1114/1114 1113/1113
f 1054/1054 1055/1055 1115/1115
f 1054/1054 1115/1115 1114/1114
f 1055/1055 1056/1056 1116/1116
f 1055/1055 1116/1116 1115/1115
f 1056/1056 1057/1057 1117/1117
f 1056/1056 1117/1117 1116/1116
f 1057/1057 1058/1058 1118/1118
f 1057/1057 1118/1118 1117/1117
f 1058/1058 1059/1059 1119/1119
f 1058/1058 1119/1119 1118/1118
f 1059/1059 1060/1060 1120/1120
f 1059/1059 1120/1120 1119/1119
f 1060/1060 1061/1061 1121/1121
f 1060/1060 1121/1121 1120/1120
f 1061/1061 1062/1062 1122/1122
f 1061/1061 1122/1122 1121/1121
f 1062/1062 1063/1063 1123/1123
f 1062/1062 1123/1123 1122/1122
f 1063/1063 1064/1064 1124/1124
f 1063/1063 1124/1124 1123/1123
f 1064/1064 1065/1065 1125/1125
f 1064/1064 1125/1125 1124/1124
f 1065/1065 1066/1066 1126/1126
f 1065/1065 1126/1126 1125/1125
f 1066/1066 1067/1067 1127/1127
f 1066/1066 1127/1127 1126/1126
f 1067/1067 1068/1068 1128/1128
f 1067/1067 1128/1128 1127/1127
f 1068/1068 1069/1069 1129/1129
f 1068/1068 1129/1129 1128/1128
f 1069/1069 1070/1070 1130/1130
f 1069/1069 1130/1130 1129/1129
f 1070/1070 1071/1071 1131/1131
f 1070/1070 1131/1131 1130/1130
f 1071/1071 1072/1072 1132/1132
f 1071/1071 1132/1132 1131/1131
f 1072/1072 1073/1073 1133/1133
f 1072/1072 1133/1133 1132/1132
f 1073/1073 1074/1074 1134/1134
f 1073/1073 1134/1134 1133/1133
f 1074/1074 1075/1075 1135/1135
f 1074/1074 1135/1135 1134/1134
f 1075/1075 1076/1076 1136/1136
f 1075/1075 1136/1136 1135/1135
f 1076/1076 1077/1077 1137/1137
f 1076/1076 1137/1137 1136/1136
f 1077/1077 1078/1078 1138/1138
f 1077/1077 1138/1138 1137/1137
f 1078/1078 1079/1079 1139/1139
f 1078/1078 1139/1139 1138/1138
f 1079/1079 1080/1080 1140/1140
f 1079/1079 1140/1140 1139/1139
f 1080/1080 1081/1081 1141/1141
f 1080/1080 1141/1141 1140/1140
f 1081/1081 1082/1082 1142/1142
f 1081/1081 1142/1142 1141/1141
f 1082/1082 1083/1083 1143/1143
f 1082/1082 1143/1143 1142/1142
f 1083/1083 1084/1084 1144/1144
f 1083/1083 1144/1144 1143/1143
f 1084/1084 1085/1085 1145/1145
f 1084/1084 1145/1145 1144/1144
f 1085/1085 1086/1086 1146/1146
f 1085/1085 1146/1146 1145/1145
f 1086/1086 1087/1087 1147/1147
f 1086/1086 1147/1147 1146/1146
f 1087/1087 1088/1088 1148/1148
f 1087/1087 1148/1148 1147/1147
f 1088/1088 1089/1089 1149/1149
f 1088/1088 1149/1149 1148/1148
f 1089/1089 1090/1090 1150/1150
f 1089/1089 1150/1150 1149/1149
f 1090/1090 1091/1091 1151/1151
f 1090/1090 1151/1151 1150/1150
f 1091/1091 1092/1092 1152/1152
f 1091/1091 1152/1152 1151/1151
f 1092/1092 1093/1093 1153/1153
f 1092/1092 1153/1153 1152/1152
f 1093/1093 1094/1094 1154/1154
f 1093/1093 1154/1154 1153/1153
f 1094/1094 1095/1095 1155/1155
f 1094/1094 1155/1155 1154/1154
f 1095/1095 1096/1096 1156/1156
f 1095/1095 1156/1156 1155/1155
f 1096/1096 1097/1097 1157/1157
f 1096/1096 1157/1157 1156/1156
f 1097/1097 1098/1098 1158/1158
f 1097/1097 1158/1158 1157/1157
f 1098/1098 1099/1099 1159/1159
f 1098/1098 1159/1159 1158/1158
f 1099/1099 1100/1100 1160/1160
f 1099/1099 1160/1160 1159/1159
f 1100/1100 1101/1101 1161/1161
f 1100/1100 1161/1161 1160/1160
f 1101/1101 1102/1102 1162/1162
f 1101/1101 1162/1162 1161/1161
f 1102/1102 1103/1103 1163/1163
f 1102/1102 1163/1163 1162/1162
f 1103/1103 1104/1104 1164/1164
f 1103/1103 1164/1164 1163/1163
f 1105/1105 1106/1106 1168/1168
f 1105/1105 1168/1168 1167/1167
f 1106/1106 1107/1107 1169/1169
f 1106/1106 1169/1169 1168/1168
f 1107/1107 1108/1108 1170/1170
f 1107/1107 1170/1170 1169/1169
f 1108/1108 1109/1109 1171/1171
f 1108/1108 1171/1171 1170/1170
f 1109/1109 1110/1110 1172/1172
f 1109/1109 1172/1172 1171/1171
f 1110/1110 1111/1111 1173/1173
f 1110/1110 1173/1173 1172/1172
f 1111/1111 1112/1112 1174/1174
f 1111/1111 1174/1174 1173/1173
f 1112/1112 1113/1113 1175/1175
f 1112/1112 1175/1175 1174/1174
f 1113/1113 1114/1114 1176/1176
f 1113/1113 1176/1176 1175/1175
f 1114/1114 1115/1115 1177/1177
f 1114/1114 1177/1177 1176/1176
f 1115/1115 1116/1116 1178/1178
f 1115/1115 1178/1178 1177/1177
f 1116/1116 1117/1117 1179/1179
f 1116/1116 1179/1179 1178/1178
f 1117/1117 1118/1118 1180/1180
f 1117/1117 1180/1180 1179/1179
f 1118/1118 1119/1119 1181/1181
f 1118/1118 1181/1181 1180/1180
f 1119/1119 1120/1120 1182/1182
f 1119/1119 1182/1182 1181/1181
f 1120/1120 1121/1121 1183/1183
f 1120/1120 1183/1183 1182/1182
f 1121/1121 1122/1122 1184/1184
f 1121/1121 1184/1184 1183/1183
f 1122/1122 1123/1123 1185/1185
f 1122/1122 1185/1185 1184/1184
f 1123/1123 1124/1124 1186/1186
f 1123/1123 1186/1186 1185/1185
f 1124/1124 1125/1125 1187/1187
f 1124/1124 1187/1187 1186/1186
f 1125/1125 1126/1126 1188/1188
f 1125/1125 1188/1188 1187/1187
f 1126/1126 1127/1127 1189/1189
f 1126/1126 1189/1189 1188/1188
f 1127/1127 1128/1128 1190/1190
f 1127/1127 1190/1190 1189/1189
f 1128/1128 1129/1129 1191/1191
f 1128/1128 1191/1191 1190/1190
f 1129/1129 1130/1130 1192/1192
f 1129/1129 1192/1192 1191/1191
f 1130/1130 1131/1131 1193/1193
f 1130/1130 1193/1193 1192/1192
f 1131/1131 1132/1132 1194/1194
f 1131/1131 1194/1194 1193/1193
f 1132/1132 1133/1133 1195/1195
f 1132/1132 1195/1195 1194/1194
f 1133/1133 1134/1134 1196/1196
f 1133/1133 1196/1196 1195/1195
f 1134/1134 1135/1135 1197/1197
f 1134/1134 1197/1197 1196/1196
f 1135/1135 1136/1136 1198/1198
f 1135/1135 1198/1198 1197/1197
f 1136/1136 1137/1137 1199/1199
f 1136/1136 1199/1199 1198/1198
f 1137/1137 1138/1138 1200/1200
f 1137/1137 1200/1200 1199/1199
f 1138/1138 1139/1139 1201/1201
f 1138/1138 1201/1201 1200/1200
f 1139/1139 1140/1140 1202/1202
f 1139/1139 1202/1202 1201/1201
f 1140/1140 1141/1141 1203/1203
f 1140/1140 1203/1203 1202/1202
f 1141/1141 1142/1142 1204/1204
f 1141/1141 1204/1204 1203/1203
f 1142/1142 1143/1143 1205/1205
f 1142/1142 1205/1205 1204/1204
f 1143/1143 1144/1144 1206/1206
f 1143/1143 1206/1206 1205/1205
f 1144/1144 1145/1145 1207/1207
f 1144/1144 1207/1207 1206/1206
f 1145/1145 1146/1146 1208/1208
f 1145/1145 1208/1208 1207/1207
f 1146/1146 1147/1147 1209/1209
f 1146/1146 1209/1209 1208/1208
f 1147/1147 1148/1148 1210/1210
f 1147/1147 1210/1210 1209/1209
f 1148/1148 1149/1149 1211/1211
f 1148/1148 1211/1211 1210/1210
f 1149/1149 1150/1150 1212/1212
f 1149/1149 1212/1212 1211/1211
f 1150/1150 1151/1151 1213/1213
f 1150/1150 1213/1213 1212/1212
f 1151/1151 1152/1152 1214/1214
f 1151/1151 1214/1214 1213/1213
f 1152/1152 1153/1153 1215/1215
f 1152/1152 1215/1215 1214/1214
f 1153/1153 1154/1154 1216/1216
f 1153/1153 1216/1216 1215/1215
f 1154/1154 1155/1155 1217/1217
f 1154/1154 1217/1217 1216/1216
f 1155/1155 1156/1156 1218/1218
f 1155/1155 1218/1218 1217/1217
f 1156/1156 1157/1157 1219/1219
f 1156/1156 1219/1219 1218/1218
f 1157/1157 1158/1158 1220/1220
f 1157/1157 1220/1220 1219/1219
f 1158/1158 1159/1159 1221/1221
f 1158/1158 1221/1221 1220/1220
f 1159/1159 1160/1160 1222/1222
f 1159/1159 1222/1222 1221/1221
f 1160/1160 1161/1161 1223/1223
f 1160/1160 1223/1223 1222/1222
f 1161/1161 1162/1162 1224/1224
f 1161/1161 1224/1224 1223/1223
f 1162/1162 1163/1163 1225/1225
f 1162/1162 1225/1225 1224/1224
f 1163/1163 1164/1164 1226/1226
f 1163/1163 1226/1226 1225/1225
f 1164/1164 1165/1165 1227/1227
f 1164/1164 1227/1227 1226/1226
f 1166/1166 1167/1167 1229/1229
f 1166/1166 1229/1229 1228/1228
f 1167/1167 1168/1168 1230/1230
f 1167/1167 1230/1230 1229/1229
f 1168/1168 1169/1169 1231/1231
f 1168/1168 1231/1231 1230/1230
f 1169/1169 1170/1170 1232/1232
f 1169/1169 1232/1232 1231/1231
f 1170/1170 1171/1171 1233/1233
f 1170/1170 1233/1233 1232/1232
f 1171/1171 1172/1172 1234/1234
f 1171/1171 1234/1234 1233/1233
f 1172/1172 1173/1173 1235/1235
f 1172/1172 1235/1235 1234/1234
f 1173/1173 1174/1174 1236/1236
f 1173/1173 1236/1236 1235/1235
f 1174/1174 1175/1175 1237/1237
f 1174/1174 1237/1237 1236/1236
f 1175/1175 1176/1176 1238/1238
f 1175/1175 1238/1238 1237/1237
f 1176/1176 1177/1177 1239/1239
f 1176/1176 1239/1239 1238/1238
f 1177/1177 1178/1178 1240/1240
f 1177/1177 1240/1240 1239/1239
f 1178/1178 1179/1179 1241/1241
f 1178/1178 1241/1241 1240/1240
f 1179/1179 1180/1180 1242/1242
f 1179/1179 1242/1242 1241/1241
f 1180/1180 1181/1181 1243/1243
f 1180/1180 1243/1243 1242/1242
f 1181/1181 1182/1182 1244/1244
f 1181/1181 1244/1244 1243/1243
f 1182/1182 1183/1183 1245/1245
f 1182/1182 1245/1245 1244/1244
f 1183/1183 1184/1184 1246/1246
f 1183/1183 1246/1246 1245/1245
f 1184/1184 1185/1185 1247/1247
f 1184/1184 1247/1247 1246/1246
f 1185/1185 1186/1186 1248/1248
f 1185/1185 1248/1248 1247/1247
f 1186/1186 1187/1187 1249/1249
f 1186/1186 1249/1249 1248/1248
f 1187/1187 1188/1188 1250/1250
f 1187/1187 1250/1250 1249/1249
f 1188/1188 1189/1189 1251/1251
f 1188/1188 1251/1251 1250/1250
f 1189/1189 1190/1190 1252/1252
f 1189/1189 1252/1252 1251/1251
f 1190/1190 1191/1191 1253/1253
f 1190/1190 1253/1253 1252/1252
f 1191/1191 1192/1192 1254/1254
f 1191/1191 1254/1254 1253/1253
f 1192/1192 1193/1193 1255/1255
f 1192/1192 1255/1255 1254/1254
f 1193/1193 1194/1194 1256/1256
f 1193/1193 1256/1256 1255/1255
f 1194/1194 1195/1195 1257/1257
f 1194/1194 1257/1257 1256/1256
f 1195/1195 1196/1196 1258/1258
f 1195/1195 1258/1258 1257/1257
f 1196/1196 1197/1197 1259/1259
f 1196/1196 1259/1259 1258/1258
f 1197/1197 1198/1198 1260/1260
f 1197/1197 1260/1260 1259/1259
f 1198/1198 1199/1199 1261/1261
f 1198/1198 1261/1261 1260/1260
f 1199/1199 1200/1200 1262/1262
f 1199/1199 1262/1262 1261/1261
f 1200/1200 1201/1201 1263/1263
f 1200/1200 1263/1263 1262/1262
f 1201/1201 1202/1202 1264/1264
f 1201/1201 1264/1264 1263/1263
f 1202/1202 1203/1203 1265/1265
f 1202/1202 1265/1265 1264/1264
f 1203/1203 1204/1204 1266/1266
f 1203/1203 1266/1266 1265/1265
f 1204/1204 1205/1205 1267/1267
f 1204/1204 1267/1267 1266/1266
f 1205/1205 1206/1206 1268/1268
f 1205/1205 1268/1268 1267/1267
f 1206/1206 1207/1207 1269/1269
f 1206/1206 1269/1269 1268/1268
f 1207/1207 1208/1208 1270/1270
f 1207/1207 1270/1270 1269/1269
f 1208/1208 1209/1209 1271/1271
f 1208/1208 1271/1271 1270/1270
f 1209/1209 1210/1210 1272/1272
f 1209/1209 1272/1272 1271/1271
f 1210/1210 1211/1211 1273/1273
f 1210/1210 1273/1273 1272/1272
f 1211/1211 1212/1212 1274/1274
f 1211/1211 1274/1274 1273/1273
f 1212/1212 1213/1213 1275/1275
f 1212/1212 1275/1275 1274/1274
f 1213/1213 1214/1214 1276/1276
f 1213/1213 1276/1276 1275/1275
f 1214/1214 1215/1215 1277/1277
f 1214/1214 1277/1277 1276/1276
f 1215/1215 1216/1216 1278/1278
f 1215/1215 1278/1278 1277/1277
f 1216/1216 1217/1217 1279/1279
f 1216/1216 1279/1279 1278/1278
f 1217/1217 1218/1218 1280/1280
f 1217/1217 1280/1280 1279/1279
f 1218/1218 1219/1219 1281/1281
f 1218/1218 1281/1281 1280/1280
f 1219/1219 1220/1220 1282/1282
f 1219/1219 1282/1282 1281/1281
f 1220/1220 1221/1221 1283/1283
f 1220/1220 1283/1283 1282/1282
f 1221/1221 1222/1222 1284/1284
f 1221/1221 1284/1284 1283/1283
f 1222/1222 1223/1223 1285/1285
f 1222/1222 1285/1285 1284/1284
f 1223/1223 1224/1224 1286/1286
f 1223/1223 1286/1286 1285/1285
f 1224/1224 1225/1225 1287/1287
f 1224/1224 1287/1287 1286/1286
f 1225/1225 1226/1226 1288/1288
f 1225/1225 1288/1288 1287/1287
f 1226/1226 1227/1227 1289/1289
f 1226/1226 1289/1289 1288/1288
f 1228/1228 1229/1229 1293/1293
f 1228/1228 1293/1293 1292/1292
f 1229/1229 1230/1230 1294/1294
f 1229/1229 1294/1294 1293/1293
f 1230/1230 1231/1231 1295/1295
f 1230/1230 1295/1295 1294/1294
f 1231/1231 1232/1232 1296/1296
f 1231/1231 1296/1296 1295/1295
f 1232/1232 1233/1233 1297/1297
f 1232/1232 1297/1297 1296/1296
f 1233/1233 1234/1234 1298/1298
f 1233/1233 1298/1298 1297/1297
f 1234/1234 1235/1235 1299/1299
f 1234/1234 1299/1299 1298/1298
f 1235/1235 1236/1236 1300/1300
f 1235/1235 1300/1300 1299/1299
f 1236/1236 1237/1237 1301/1301
f 1236/1236 1301/1301 1300/1300
f 1237/1237 1238/1238 1302/1302
f 1237/1237 1302/1302 1301/1301
f 1238/1238 1239/1239 1303/1303
f 1238/1238 1303/1303 1302/1302
f 1239/1239 1240/1240 1304/1304
f 1239/1239 1304/1304 1303/1303
f 1240/1240 1241/1241 1305/1305
f 1240/1240 1305/1305 1304/1304
f 1241/1241 1242/1242 1306/1306
f 1241/1241 1306/1306 1305/1305
f 1242/1242 1243/1243 1307/1307
f 1242/1242 1307/1307 1306/1306
f 1243/1243 1244/1244 1308/1308
f 1243/1243 1308/1308 1307/1307
f 1244/1244 1245/1245 1309/1309
f 1244/1244 1309/1309 1308/1308
f 1245/1245 1246/1246 1310/1310
f 1245/1245 1310/1310 1309/1309
f 1246/1246 1247/1247 1311/1311
f 1246/1246 1311/1311 1310/1310
f 1247/1247 1248/1248 1312/1312
f 1247/1247 1312/1312 1311/1311
f 1248/1248 1249/1249 1313/1313
f 1248/1248 1313/1313 1312/1312
f 1249/1249 1250/1250 1314/1314
f 1249/1249 1314/1314 1313/1313
f 1250/1250 1251/1251 1315/1315
f 1250/1250 1315/1315 1314/1314
f 1251/1251 1252/1252 1316/1316
f 1251/1251 1316/1316 1315/1315
f 1252/1252 1253/1253 1317/1317
f 1252/1252 1317/1317 1316/1316
f 1253/1253 1254/1254 1318/1318
f 1253/1253 1318/1318 1317/1317
f 1254/1254 1255/1255 1319/1319
f 1254/1254 1319/1319 1318/1318
f 1255/1255 1256/1256 1320/1320
f 1255/1255 1320/1320 1319/1319
f 1256/1256 1257/1257 1321/1321
f 1256/1256 1321/1321 1320/1320
f 1257/1257 1258/1258 1322/1322
f 1257/1257 1322/1322 1321/1321
f 1258/1258 1259/1259 1323/1323
f 1258/1258 1323/1323 1322/1322
f 1259/1259 1260/1260 1324/1324
f 1259/1259 1324/1324 1323/1323
f 1260/1260 1261/1261 1325/1325
f 1260/1260 1325/1325 1324/1324
f 1261/1261 1262/1262 1326/1326
f 1261/1261 1326/1326 1325/1325
f 1262/1262 1263/1263 1327/1327
f 1262/1262 1327/1327 1326/1326
f 1263/1263 1264/1264 1328/1328
f 1263/1263 1328/1328 1327/1327
f 1264/1264 1265/1265 1329/1329
f 1264/1264 1329/1329 1328/1328
f 1265/1265 1266/1266 1330/1330
f 1265/1265 1330/1330 1329/1329
f 1266/1266 1267/1267 1331/1331
f 1266/1266 1331/1331 1330/1330
f 1267/1267 1268/1268 1332/1332
f 1267/1267 1332/1332 1331/1331
f 1268/1268 1269/1269 1333/1333
f 1268/1268 1333/1333 1332/1332
f 1269/1269 1270/1270 1334/1334
f 1269/1269 1334/1334 1333/1333
f 1270/1270 1271/1271 1335/1335
f 1270/1270 1335/1335 1334/1334
f 1271/1271 1272/1272 1336/1336
f 1271/1271 1336/1336 1335/1335
f 1272/1272 1273/1273 1337/1337
f 1272/1272 1337/1337 1336/1336
f 1273/1273 1274/1274 1338/1338
f 1273/1273 1338/1338 1337/1337
f 1274/1274 1275/1275 1339/1339
f 1274/1274 1339/1339 1338/1338
f 1275/1275 1276/1276 1340/1340
f 1275/1275 1340/1340 1339/1339
f 1276/1276 1277/1277 1341/1341
f 1276/1276 1341/1341 1340/1340
f 1277/1277 1278/1278 1342/1342
f 1277/1277 1342/1342 1341/1341
f 1278/1278 1279/1279 1343/1343
f 1278/1278 1343/1343 1342/1342
f 1279/1279 1280/1280 1344/1344
f 1279/1279 1344/1344 1343/1343
f 1280/1280 1281/1281 1345/1345
f 1280/1280 1345/1345 1344/1344
f 1281/1281 1282/1282 1346/1346
f 1281/1281 1346/1346 1345/1345
f 1282/1282 1283/1283 1347/1347
f 1282/1282 1347/1347 1346/1346
f 1283/1283 1284/1284 1348/1348
f 1283/1283 1348/1348 1347/1347
f 1284/1284 1285/1285 1349/1349
f 1284/1284 1349/1349 1348/1348
f 1285/1285 1286/1286 1350/1350
f 1285/1285 1350/1350 1349/1349
f 1286/1286 1287/1287 1351/1351
f 1286/1286 1351/1351 1350/1350
f 1287/1287 1288/1288 1352/1352
f 1287/1287 1352/1352 1351/1351
f 1288/1288 1289/1289 1353/1353
f 1288/1288 1353/1353 1352/1352
f 1290/1290 1291/1291 1358/1358
f 1290/1290 1358/1358 1357/1357
f 1291/1291 1292/1292 1359/1359
f 1291/1291 1359/1359 1358/1358
f 1292/1292 1293/1293 1360/1360
f 1292/1292 1360/1360 1359/1359
f 1293/1293 1294/1294 1361/1361
f 1293/1293 1361/1361 1360/1360
f 1294/1294 1295/1295 1362/1362
f 1294/1294 1362/1362 1361/1361
f 1295/1295 1296/1296 1363/1363
f 1295/1295 1363/1363 1362/1362
f 1296/1296 1297/1297 1364/1364
f 1296/1296 1364/1364 1363/1363
f 1297/1297 1298/1298 1365/1365
f 1297/1297 1365/1365 1364/1364
f 1298/1298 1299/1299 1366/1366
f 1298/1298 1366/1366 1365/1365
f 1299/1299 1300/1300 1367/1367
f 1299/1299 1367/1367 1366/1366
f 1300/1300 1301/1301 1368/1368
f 1300/1300 1368/1368 1367/1367
f 1301/1301 1302/1302 1369/1369
f 1301/1301 1369/1369 1368/1368
f 1302/1302 1303/1303 1370/1370
f 1302/1302 1370/1370 1369/1369
f 1303/1303 1304/1304 1371/1371
f 1303/1303 1371/1371 1370/1370
f 1304/1304 1305/1305 1372/1372
f 1304/1304 1372/1372 1371/1371
f 1305/1305 1306/1306 1373/1373
f 1305/1305 1373/1373 1372/1372
f 1306/1306 1307/1307 1374/1374
f 1306/1306 1374/1374 1373/1373
f 1307/1307 1308/1308 1375/1375
f 1307/1307 1375/1375 1374/1374
f 1308/1308 1309/1309 1376/1376
f 1308/1308 1376/1376 1375/1375
f 1309/1309 1310/1310 1377/1377
f 1309/1309 1377/1377 1376/1376
f 1310/1310 1311/1311 1378/1378
f 1310/1310 1378/1378 1377/1377
f 1311/1311 1312/1312 1379/1379
f 1311/1311 1379/1379 1378/1378
f 1312/1312 1313/1313 1380/1380
f 1312/1312 1380/1380 1379/1379
f 1313/1313 1314/1314 1381/1381
f 1313/1313 1381/1381 1380/1380
f 1314/1314 1315/1315 1382/1382
f 1314/1314 1382/1382 1381/1381
f 1315/1315 1316/1316 1383/1383
f 1315/1315 1383/1383 1382/1382
f 1316/1316 1317/1317 1384/1384
f 1316/1316 1384/1384 1383/1383
f 1317/1317 1318/1318 1385/1385
f 1317/1317 1385/1385 1384/1384
f 1318/1318 1319/1319 1386/1386
f 1318/1318 1386/1386 1385/1385
f 1319/1319 1320/1320 1387/1387
f 1319/1319 1387/1387 1386/1386
f 1320/1320 1321/1321 1388/1388
f 1320/1320 1388/1388 1387/1387
f 1321/1321 1322/1322 1389/1389
f 1321/1321 1389/1389 1388/1388
f 1322/1322 1323/1323 1390/1390
f 1322/1322 1390/1390 1389/1389
f 1323/1323 1324/1324 1391/1391
f 1323/1323 1391/1391 1390/1390
f 1324/1324 1325/1325 1392/1392
f 1324/1324 1392/1392 1391/1391
f 1325/1325 1326/1326 1393/1393
f 1325/1325 1393/1393 1392/1392
f 1326/1326 1327/1327 1394/1394
f 1326/1326 1394/1394 1393/1393
f 1327/1327 1328/1328 1395/1395
f 1327/1327 1395/1395 1394/1394
f 1328/1328 1329/1329 1396/1396
f 1328/1328 1396/1396 1395/1395
f 1329/1329 1330/1330 1397/1397
f 1329/1329 1397/1397 1396/1396
f 1330/1330 1331/1331 1398/1398
f 1330/1330 1398/1398 1397/1397
f 1331/1331 1332/1332 1399/1399
f 1331/1331 1399/1399 1398/1398
f 1332/1332 1333/1333 1400/1400
f 1332/1332 1400/1400 1399/1399
f 1333/1333 1334/1334 1401/1401
f 1333/1333 1401/1401 1400/1400
f 1334/1334 1335/1335 1402/1402
f 1334/1334 1402/1402 1401/1401
f 1335/1335 1336/1336 1403/1403
f 1335/1335 1403/1403 1402/1402
f 1336/1336 1337/1337 1404/1404
f 1336/1336 1404/1404 1403/1403
f 1337/1337 1338/1338 1405/1405
f 1337/1337 1405/1405 1404/1404
f 1338/1338 1339/1339 1406/1406
f 1338/1338 1406/1406 1405/1405
f 1339/1339 1340/1340 1407/1407
f 1339/1339 1407/1407 1406/1406
f 1340/1340 1341/1341 1408/1408
f 1340/1340 1408/1408 1407/1407
f 1341/1341 1342/1342 1409/1409
f 1341/1341 1409/1409 1408/1408
f 1342/1342 1343/1343 1410/1410
f 1342/1342 1410/1410 1409/1409
f 1343/1343 1344/1344 1411/1411
f 1343/1343 1411/1411 1410/1410
f 1344/1344 1345/1345 1412/1412
f 1344/1344 1412/1412 1411/1411
f 1345/1345 1346/1346 1413/1413
f 1345/1345 1413/1413 1412/1412
f 1346/1346 1347/1347 1414/1414
f 1346/1346 1414/1414 1413/1413
f 1347/1347 1348/1348 1415/1415
f 1347/1347 1415/1415 1414/1414
f 1348/1348 1349/1349 1416/1416
f 1348/1348 1416/1416 1415/1415
f 1349/1349 1350/1350 1417/1417
f 1349/1349 1417/1417 1416/1416
f 1350/1350 1351/1351 1418/1418
f 1350/1350 1418/1418 1417/1417
f 1351/1351 1352/1352 1419/1419
f 1351/1351 1419/1419 1418/1418
f 1352/1352 1353/1353 1420/1420
f 1352/1352 1420/1420 1419/1419
f 1354/1354 1355/1355 1424/1424
f 1354/1354 1424/1424 1423/1423
f 1355/1355 1356/1356 1425/1425
f 1355/1355 1425/1425 1424/1424
f 1356/1356 1357/1357 1426/1426
f 1356/1356 1426/1426 1425/1425
f 1357/1357 1358/1358 1427/1427
f 1357/1357 1427/1427 1426/1426
f 1358/1358 1359/1359 1428/1428
f 1358/1358 1428/1428 1427/1427
f 1359/1359 1360/1360 1429/1429
f 1359/1359 1429/1429 1428/1428
f 1360/1360 1361/1361 1430/1430
f 1360/1360 1430/1430 1429/1429
f 1361/1361 1362/1362 1431/1431
f 1361/1361 1431/1431 1430/1430
f 1362/1362 1363/1363 1432/1432
f 1362/1362 1432/1432 1431/1431
f 1363/1363 1364/1364 1433/1433
f 1363/1363 1433/1433 1432/1432
f 1364/1364 1365/1365 1434/1434
f 1364/1364 1434/1434 1433/1433
f 1365/1365 1366/1366 1435/1435
f 1365/1365 1435/1435 1434/1434
f 1366/1366 1367/1367 1436/1436
f 1366/1366 1436/1436 1435/1435
f 1367/1367 1368/1368 1437/1437
f 1367/1367 1437/1437 1436/1436
f 1368/1368 1369/1369 1438/1438
f 1368/1368 1438/1438 1437/1437
f 1369/1369 1370/1370 1439/1439
f 1369/1369 1439/1439 1438/1438
f 1370/1370 1371/1371 1440/1440
f 1370/1370 1440/1440 1439/1439
f 1371/1371 1372/1372 1441/1441
f 1371/1371 1441/1441 1440/1440
f 1372/1372 1373/1373 1442/1442
f 1372/1372 1442/1442 1441/1441
f 1373/1373 1374/1374 1443/1443
f 1373/1373 1443/1443 1442/1442
f 1374/1374 1375/1375 1444/1444
f 1374/1374 1444/1444 1443/1443
f 1375/1375 1376/1376 1445/1445
f 1375/1375 1445/1445 1444/1444
f 1376/1376 1377/1377 1446/1446
f 1376/1376 1446/1446 1445/1445
f 1377/1377 1378/1378 1447/1447
f 1377/1377 1447/1447 1446/1446
f 1378/1378 1379/1379 1448/1448
f 1378/1378 1448/1448 1447/1447
f 1379/1379 1380/1380 1449/1449
f 1379/1379 1449/1449 1448/1448
f 1380/1380 1381/1381 1450/1450
f 1380/1380 1450/1450 1449/1449
f 1381/1381 1382/1382 1451/1451
f 1381/1381 1451/1451 1450/1450
f 1382/1382 1383/1383 1452/1452
f 1382/1382 1452/1452 1451/1451
f 1383/1383 1384/1384 1453/1453
f 1383/1383 1453/1453 1452/1452
f 1384/1384 1385/1385 1454/1454
f 1384/1384 1454/1454 1453/1453
f 1385/1385 1386/1386 1455/1455
f 1385/1385 1455/1455 1454/1454
f 1386/1386 1387/1387 1456/1456
f 1386/1386 1456/1456 1455/1455
f 1387/1387 1388/1388 1457/1457
f 1387/1387 1457/1457 1456/1456
f 1388/1388 1389/1389 1458/1458
f 1388/1388 1458/1458 1457/1457
f 1389/1389 1390/1390 1459/1459
f 1389/1389 1459/1459 1458/1458
f 1390/1390 1391/1391 1460/1460
f 1390/1390 1460/1460 1459/1459
f 1391/1391 1392/1392 1461/1461
f 1391/1391 1461/1461 1460/1460
f 1392/1392 1393/1393 1462/1462
f 1392/1392 1462/1462 1461/1461
f 1393/1393 1394/1394 1463/1463
f 1393/1393 1463/1463 1462/1462
f 1394/1394 1395/1395 1464/1464
f 1394/1394 1464/1464 1463/1463
f 1395/1395 1396/1396 1465/1465
f 1395/1395 1465/1465 1464/1464
f 1396/1396 1397/1397 1466/1466
f 1396/1396 1466/1466 1465/1465
f 1397/1397 1398/1398 1467/1467
f 1397/1397 1467/1467 1466/1466
f 1398/1398 1399/1399 1468/1468
f 1398/1398 1468/1468 1467/1467
f 1399/1399 1400/1400 1469/1469
f 1399/1399 1469/1469 1468/1468
f 1400/1400 1401/1401 1470/1470
f 1400/1400 1470/1470 1469/1469
f 1401/1401 1402/1402 1471/1471
f 1401/1401 1471/1471 1470/1470
f 1402/1402 1403/1403 1472/1472
f 1402/1402 1472/1472 1471/1471
f 1403/1403 1404/1404 1473/1473
f 1403/1403 1473/1473 1472/1472
f 1404/1404 1405/1405 1474/1474
f 1404/1404 1474/1474 1473/1473
f 1405/1405 1406/1406 1475/1475
f 1405/1405 1475/1475 1474/1474
f 1406/1406 1407/1407 1476/1476
f 1406/1406 1476/1476 1475/1475
f 1407/1407 1408/1408 1477/1477
f 1407/1407 1477/1477 1476/1476
f 1408/1408 1409/1409 1478/1478
f 1408/1408 1478/1478 1477/1477
f 1409/1409 1410/1410 1479/1479
f 1409/1409 1479/1479 1478/1478
f 1410/1410 1411/1411 1480/1480
f 1410/1410 1480/1480 1479/1479
f 1411/1411 1412/1412 1481/1481
f 1411/1411 1481/1481 1480/1480
f 1412/1412 1413/1413 1482/1482
f 1412/1412 1482/1482 1481/1481
f 1413/1413 1414/1414 1483/1483
f 1413/1413 1483/1483 1482/1482
f 1414/1414 1415/1415 1484/1484
f 1414/1414 1484/1484 1483/1483
f 1415/1415 1416/1416 1485/1485
f 1415/1415 1485/1485 1484/1484
f 1416/1416 1417/1417 1486/1486
f 1416/1416 1486/1486 1485/1485
f 1417/1417 1418/1418 1487/1487
f 1417/1417 1487/1487 1486/1486
f 1418/1418 1419/1419 1488/1488
f 1418/1418 1488/1488 1487/1487
f 1419/1419 1420/1420 1489/1489
f 1419/1419 1489/1489 1488/1488
f 1420/1420 1421/1421 1490/1490
f 1420/1420 1490/1490 1489/1489
f 1422/1422 1423/1423 1493/1493
f 1422/1422 1493/1493 1492/1492
f 1423/1423 1424/1424 1494/1494
f 1423/1423 1494/1494 1493/1493
f 1424/1424 1425/1425 1495/1495
f 1424/1424 1495/1495 1494/1494
f 1425/1425 1426/1426 1496/1496
f 1425/1425 1496/1496 1495/1495
f 1426/1426 1427/1427 1497/1497
f 1426/1426 1497/1497 1496/1496
f 1427/1427 1428/1428 1498/1498
f 1427/1427 1498/1498 1497/1497
f 1428/1428 1429/1429 1499/1499
f 1428/1428 1499/1499 1498/1498
f 1429/1429 1430/1430 1500/1500
f 1429/1429 1500/1500 1499/1499
f 1430/1430 1431/1431 1501/1501
f 1430/1430 1501/1501 1500/1500
f 1431/1431 1432/1432 1502/1502
f 1431/1431 1502/1502 1501/1501
f 1432/1432 1433/1433 1503/1503
f 1432/1432 1503/1503 1502/1502
f 1433/1433 1434/1434 1504/1504
f 1433/1433 1504/1504 1503/1503
f 1434/1434 1435/1435 1505/1505
f 1434/1434 1505/1505 1504/1504
f 1435/1435 1436/1436 1506/1506
f 1435/1435 1506/1506 1505/1505
f 1436/1436 1437/1437 1507/1507
f 1436/1436 1507/1507 1506/1506
f 1437/1437 1438/1438 1508/1508
f 1437/1437 1508/1508 1507/1507
f 1438/1438 1439/1439 1509/1509
f 1438/1438 1509/1509 1508/1508
f 1439/1439 1440/1440 1510/1510
f 1439/1439 1510/1510 1509/1509
f 1440/1440 1441/1441 1511/1511
f 1440/1440 1511/1511 1510/1510
f 1441/1441 1442/1442 1512/1512
f 1441/1441 1512/1512 1511/1511
f 1442/1442 1443/1443 1513/1513
f 1442/1442 1513/1513 1512/1512
f 1443/1443 1444/1444 1514/1514
f 1443/1443 1514/1514 1513/1513
f 1444/1444 1445/1445 1515/1515
f 1444/1444 1515/1515 1514/1514
f 1445/1445 1446/1446 1516/1516
f 1445/1445 1516/1516 1515/1515
f 1446/1446 1447/1447 1517/1517
f 1446/1446 1517/1517 1516/1516
f 1447/1447 1448/1448 1518/1518
f 1447/1447 1518/1518 1517/1517
f 1448/1448 1449/1449 1519/1519
f 1448/1448 1519/1519 1518/1518
f 1449/1449 1450/1450 1520/1520
f 1449/1449 1520/1520 1519/1519
f 1450/1450 1451/1451 1521/1521
f 1450/1450 1521/1521 1520/1520
f 1451/1451 1452/1452 1522/1522
f 1451/1451 1522/1522 1521/1521
f 1452/1452 1453/1453 1523/1523
f 1452/1452 1523/1523 1522/1522
f 1453/1453 1454/1454 1524/1524
f 1453/1453 1524/1524 1523/1523
f 1454/1454 1455/1455 1525/1525
f 1454/1454 1525/1525 1524/1524
f 1455/1455 1456/1456 1526/1526
f 1455/1455 1526/1526 1525/1525
f 1456/1456 1457/1457 1527/1527
f 1456/1456 1527/1527 1526/1526
f 1457/1457 1458/1458 1528/1528
f 1457/1457 1528/1528 1527/1527
f 1458/1458 1459/1459 1529/1529
f 1458/1458 1529/1529 1528/1528
f 1459/1459 1460/1460 1530/1530
f 1459/1459 1530/1530 1529/1529
f 1460/1460 1461/1461 1531/1531
f 1460/1460 1531/1531 1530/1530
f 1461/1461 1462/1462 1532/1532
f 1461/1461 1532/1532 1531/1531
f 1462/1462 1463/1463 1533/1533
f 1462/1462 1533/1533 1532/1532
f 1463/1463 1464/1464 1534/1534
f 1463/1463 1534/1534 1533/1533
f 1464/1464 1465/1465 1535/1535
f 1464/1464 1535/1535 1534/1534
f 1465/1465 1466/1466 1536/1536
f 1465/1465 1536/1536 1535/1535
f 1466/1466 1467/1467 1537/1537
f 1466/1466 1537/1537 1536/1536
f 1467/1467 1468/1468 1538/1538
f 1467/1467 1538/1538 1537/1537
f 1468/1468 1469/1469 1539/1539
f 1468/1468 1539/1539 1538/1538
f 1469/1469 1470/1470 1540/1540
f 1469/1469 1540/1540 1539/1539
f 1470/1470 1471/1471 1541/1541
f 1470/1470 1541/1541 1540/1540
f 1471/1471 1472/1472 1542/1542
f 1471/1471 1542/1542 1541/1541
f 1472/1472 1473/1473 1543/1543
f 1472/1472 1543/1543 1542/1542
f 1473/1473 1474/1474 1544/1544
f 1473/1473 1544/1544 1543/1543
f 1474/1474 1475/1475 1545/1545
f 1474/1474 1545/1545 1544/1544
f 1475/1475 1476/1476 1546/1546
f 1475/1475 1546/1546 1545/1545
f 1476/1476 1477/1477 1547/1547
f 1476/1476 1547/1547 1546/1546
f 1477/1477 1478/1478 1548/1548
f 1477/1477 1548/1548 1547/1547
f 1478/1478 1479/1479 1549/1549
f 1478/1478 1549/1549 1548/1548
f 1479/1479 1480/1480 1550/1550
f 1479/1479 1550/1550 1549/1549
f 1480/1480 1481/1481 1551/1551
f 1480/1480 1551/1551 1550/1550
f 1481/1481 1482/1482 1552/1552
f 1481/1481 1552/1552 1551/1551
f 1482/1482 1483/1483 1553/1553
f 1482/1482 1553/1553 1552/1552
f 1483/1483 1484/1484 1554/1554
f 1483/1483 1554/1554 1553/1553
f 1484/1484 1485/1485 1555/1555
f 1484/1484 1555/1555 1554/1554
f 1485/1485 1486/1486 1556/1556
f 1485/1485 1556/1556 1555/1555
f 1486/1486 1487/1487 1557/1557
f 1486/1486 1557/1557 1556/1556
f 1487/1487 1488/1488 1558/1558
f 1487/1487 1558/1558 1557/1557
f 1488/1488 1489/1489 1559/1559
f 1488/1488 1559/1559 1558/1558
f 1489/1489 1490/1490 1560/1560
f 1489/1489 1560/1560 1559/1559
f 1491/1491 1492/1492 1564/1564
f 1491/1491 1564/1564 1563/1563
f 1492/1492 1493/1493 1565/1565
f 1492/1492 1565/1565 1564/1564
f 1493/1493 1494/1494 1566/1566
f 1493/1493 1566/1566 1565/1565
f 1494/1494 1495/1495 1567/1567
f 1494/1494 1567/1567 1566/1566
f 1495/1495 1496/1496 1568/1568
f 1495/1495 1568/1568 1567/1567
f 1496/1496 1497/1497 1569/1569
f 1496/1496 1569/1569 1568/1568
f 1497/1497 1498/1498 1570/1570
f 1497/1497 1570/1570 1569/1569
f 1498/1498 1499/1499 1571/1571
f 1498/1498 1571/1571 1570/1570
f 1499/1499 1500/1500 1572/1572
f 1499/1499 1572/1572 1571/1571
f 1500/1500 1501/1501 1573/1573
f 1500/1500 1573/1573 1572/1572
f 1501/1501 1502/1502 1574/1574
f 1501/1501 1574/1574 1573/1573
f 1502/1502 1503/1503 1575/1575
f 1502/1502 1575/1575 1574/1574
f 1503/1503 1504/1504 1576/1576
f 1503/1503 1576/1576 1575/1575
f 1504/1504 1505/1505 1577/1577
f 1504/1504 1577/1577 1576/1576
f 1505/1505 1506/1506 1578/1578
f 1505/1505 1578/1578 1577/1577
f 1506/1506 1507/1507 1579/1579
f 1506/1506 1579/1579 1578/1578
f 1507/1507 1508/1508 1580/1580
f 1507/1507 1580/1580 1579/1579
f 1508/1508 1509/1509 1581/1581
f 1508/1508 1581/1581 1580/1580
f 1509/1509 1510/1510 1582/1582
f 1509/1509 1582/1582 1581/1581
f 1510/1510 1511/1511 1583/1583
f 1510/1510 1583/1583 1582/1582
f 1511/1511 1512/1512 1584/1584
f 1511/1511 1584/1584 1583/1583
f 1512/1512 1513/1513 1585/1585
f 1512/1512 1585/1585 1584/1584
f 1513/1513 1514/1514 1586/1586
f 1513/1513 1586/1586 1585/1585
f 1514/1514 1515/1515 1587/1587
f 1514/1514 1587/1587 1586/1586
f 1515/1515 1516/1516 1588/1588
f 1515/1515 1588/1588 1587/1587
f 1516/1516 1517/1517 1589/1589
f 1516/1516 1589/1589 1588/1588
f 1517/1517 1518/1518 1590/1590
f 1517/1517 1590/1590 1589/1589
f 1518/1518 1519/1519 1591/1591
f 1518/1518 1591/1591 1590/1590
f 1519/1519 1520/1520 1592/1592
f 1519/1519 1592/1592 1591/1591
f 1520/1520 1521/1521 1593/1593
f 1520/1520 1593/1593 1592/1592
f 1521/1521 1522/1522 1594/1594
f 1521/1521 1594/1594 1593/1593
f 1522/1522 1523/1523 1595/1595
f 1522/1522 1595/1595 1594/1594
f 1523/1523 1524/1524 1596/1596
f 1523/1523 1596/1596 1595/1595
f 1524/1524 1525/1525 1597/1597
f 1524/1524 1597/1597 1596/1596
f 1525/1525 1526/1526 1598/1598
f 1525/1525 1598/1598 1597/1597
f 1526/1526 1527/1527 1599/1599
f 1526/1526 1599/1599 1598/1598
f 1527/1527 1528/1528 1600/1600
f 1527/1527 1600/1600 1599/1599
f 1528/1528 1529/1529 1601/1601
f 1528/1528 1601/1601 1600/1600
f 1529/1529 1530/1530 1602/1602
f 1529/1529 1602/1602 1601/1601
f 1530/1530 1531/1531 1603/1603
f 1530/1530 1603/1603 1602/1602
f 1531/1531 1532/1532 1604/1604
f 1531/1531 1604/1604 1603/1603
f 1532/1532 1533/1533 1605/1605
f 1532/1532 1605/1605 1604/1604
f 1533/1533 1534/1534 1606/1606
f 1533/1533 1606/1606 1605/1605
f 1534/1534 1535/1535 1607/1607
f 1534/1534 1607/1607 1606/1606
f 1535/1535 1536/1536 1608/1608
f 1535/1535 1608/1608 1607/1607
f 1536/1536 1537/1537 1609/1609
f 1536/1536 1609/1609 1608/1608
f 1537/1537 1538/1538 1610/1610
f 1537/1537 1610/1610 1609/1609
f 1538/1538 1539/1539 1611/1611
f 1538/1538 1611/1611 1610/1610
f 1539/1539 1540/1540 1612/1612
f 1539/1539 1612/1612 1611/1611
f 1540/1540 1541/1541 1613/1613
f 1540/1540 1613/1613 1612/1612
f 1541/1541 1542/1542 1614/1614
f 1541/1541 1614/1614 1613/1613
f 1542/1542 1543/1543 1615/1615
f 1542/1542 1615/1615 1614/1614
f 1543/1543 1544/1544 1616/1616
f 1543/1543 1616/1616 1615/1615
f 1544/1544 1545/1545 1617/1617
f 1544/1544 1617/1617 1616/1616
f 1545/1545 1546/1546 1618/1618
f 1545/1545 1618/1618 1617/1617
f 1546/1546 1547/1547 1619/1619
f 1546/1546 1619/1619 1618/1618
f 1547/1547 1548/1548 1620/1620
f 1547/1547 1620/1620 1619/1619
f 1548/1548 1549/1549 1621/1621
f 1548/1548 1621/1621 1620/1620
f 1549/1549 1550/1550 1622/1622
f 1549/1549 1622/1622 1621/1621
f 1550/1550 1551/1551 1623/1623
f 1550/1550 1623/1623 1622/1622
f 1551/1551 1552/1552 1624/1624
f 1551/1551 1624/1624 1623/1623
f 1552/1552 1553/1553 1625/1625
f 1552/1552 1625/1625 1624/1624
f 1553/1553 1554/1554 1626/1626
f 1553/1553 1626/1626 1625/1625
f 1554/1554 1555/1555 1627/1627
f 1554/1554 1627/1627 1626/1626
f 1555/1555 1556/1556 1628/1628
f 1555/1555 1628/1628 1627/1627
f 1556/1556 1557/1557 1629/1629
f 1556/1556 1629/1629 1628/1628
f 1557/1557 1558/1558 1630/1630
f 1557/1557 1630/1630 1629/1629
f 1558/1558 1559/1559 1631/1631
f 1558/1558 1631/1631 1630/1630
f 1559/1559 1560/1560 1632/1632
f 1559/1559 1632/1632 1631/1631
f 1560/1560 1561/1561 1633/1633
f 1560/1560 1633/1633 1632/1632
f 1562/1562 1563/1563 1637/1637
f 1562/1562 1637/1637 1636/1636
f 1563/1563 1564/1564 1638/1638
f 1563/1563 1638/1638 1637/1637
f 1564/1564 1565/1565 1639/1639
f 1564/1564 1639/1639 1638/1638
f 1565/1565 1566/1566 1640/1640
f 1565/1565 1640/1640 1639/1639
f 1566/1566 1567/1567 1641/1641
f 1566/1566 1641/1641 1640/1640
f 1567/1567 1568/1568 1642/1642
f 1567/1567 1642/1642 1641/1641
f 1568/1568 1569/1569 1643/1643
f 1568/1568 1643/1643 1642/1642
f 1569/1569 1570/1570 1644/1644
f 1569/1569 1644/1644 1643/1643
f 1570/1570 1571/1571 1645/1645
f 1570/1570 1645/1645 1644/1644
f 1571/1571 1572/1572 1646/1646
f 1571/1571 1646/1646 1645/1645
f 1572/1572 1573/1573 1647/1647
f 1572/1572 1647/1647 1646/1646
f 1573/1573 1574/1574 1648/1648
f 1573/1573 1648/1648 1647/1647
f 1574/1574 1575/1575 1649/1649
f 1574/1574 1649/1649 1648/1648
f 1575/1575 1576/1576 1650/1650
f 1575/1575 1650/1650 1649/1649
f 1576/1576 1577/1577 1651/1651
f 1576/1576 1651/1651 1650/1650
f 1577/1577 1578/1578 1652/1652
f 1577/1577 1652/1652 1651/1651
f 1578/1578 1579/1579 1653/1653
f 1578/1578 1653/1653 1652/1652
f 1579/1579 1580/1580 1654/1654
f 1579/1579 1654/1654 1653/1653
f 1580/1580 1581/1581 1655/1655
f 1580/1580 1655/1655 1654/1654
f 1581/1581 1582/1582 1656/1656
f 1581/1581 1656/1656 1655/1655
f 1582/1582 1583/1583 1657/1657
f 1582/1582 1657/1657 1656/1656
f 1583/1583 1584/1584 1658/1658
f 1583/1583 1658/1658 1657/1657
f 1584/1584 1585/1585 1659/1659
f 1584/1584 1659/1659 1658/1658
f 1585/1585 1586/1586 1660/1660
f 1585/1585 1660/1660 1659/1659
f 1586/1586 1587/1587 1661/1661
f 1586/1586 1661/1661 1660/1660
f 1587/1587 1588/1588 1662/1662
f 1587/1587 1662/1662 1661/1661
f 1588/1588 1589/1589 1663/1663
f 1588/1588 1663/1663 1662/1662
f 1589/1589 1590/1590 1664/1664
f 1589/1589 1664/1664 1663/1663
f 1590/1590 1591/1591 1665/1665
f 1590/1590 1665/1665 1664/1664
f 1591/1591 1592/1592 1666/1666
f 1591/1591 1666/1666 1665/1665
f 1592/1592 1593/1593 1667/1667
f 1592/1592 1667/1667 1666/1666
f 1593/1593 1594/1594 1668/1668
f 1593/1593 1668/1668 1667/1667
f 1594/1594 1595/1595 1669/1669
f 1594/1594 1669/1669 1668/1668
f 1595/1595 1596/1596 1670/1670
f 1595/1595 1670/1670 1669/1669
f 1596/1596 1597/1597 1671/1671
f 1596/1596 1671/1671 1670/1670
f 1597/1597 1598/1598 1672/1672
f 1597/1597 1672/1672 1671/1671
f 1598/1598 1599/1599 1673/1673
f 1598/1598 1673/1673 1672/1672
f 1599/1599 1600/1600 1674/1674
f 1599/1599 1674/1674 1673/1673
f 1600/1600 1601/1601 1675/1675
f 1600/1600 1675/1675 1674/1674
f 1601/1601 1602/1602 1676/1676
f 1601/1601 1676/1676 1675/1675
f 1602/1602 1603/1603 1677/1677
f 1602/1602 1677/1677 1676/1676
f 1603/1603 1604/1604 1678/1678
f 1603/1603 1678/1678 1677/1677
f 1604/1604 1605/1605 1679/1679
f 1604/1604 1679/1679 1678/1678
f 1605/1605 1606/1606 1680/1680
f 1605/1605 1680/1680 1679/1679
f 1606/1606 1607/1607 1681/1681
f 1606/1606 1681/1681 1680/1680
f 1607/1607 1608/1608 1682/1682
f 1607/1607 1682/1682 1681/1681
f 1608/1608 1609/1609 1683/1683
f 1608/1608 1683/1683 1682/1682
f 1609/1609 1610/1610 1684/1684
f 1609/1609 1684/1684 1683/1683
f 1610/1610 1611/1611 1685/1685
f 1610/1610 1685/1685 1684/1684
f 1611/1611 1612/1612 1686/1686
f 1611/1611 1686/1686 1685/1685
f 1612/1612 1613/1613 1687/1687
f 1612/1612 1687/1687 1686/1686
f 1613/1613 1614/1614 1688/1688
f 1613/1613 1688/1688 1687/1687
f 1614/1614 1615/1615 1689/1689
f 1614/1614 1689/1689 1688/1688
f 1615/1615 1616/1616 1690/1690
f 1615/1615 1690/1690 1689/1689
f 1616/1616 1617/1617 1691/1691
f 1616/1616 1691/1691 1690/1690
f 1617/1617 1618/1618 1692/1692
f 1617/1617 1692/1692 1691/1691
f 1618/1618 1619/1619 1693/1693
f 1618/1618 1693/1693 1692/1692
f 1619/1619 1620/1620 1694/1694
f 1619/1619 1694/1694 1693/1693
f 1620/1620 1621/1621 1695/1695
f 1620/1620 1695/1695 1694/1694
f 1621/1621 1622/1622 1696/1696
f 1621/1621 1696/1696 1695/1695
f 1622/1622 1623/1623 1697/1697
f 1622/1622 1697/1697 1696/1696
f 1623/1623 1624/1624 1698/1698
f 1623/1623 1698/1698 1697/1697
f 1624/1624 1625/1625 1699/1699
f 1624/1624 1699/1699 1698/1698
f 1625/1625 1626/1626 1700/1700
f 1625/1625 1700/1700 1699/1699
f 1626/1626 1627/1627 1701/1701
f 1626/1626 1701/1701 1700/1700
f 1627/1627 1628/1628 1702/1702
f 1627/1627 1702/1702 1701/1701
f 1628/1628 1629/1629 1703/1703
f 1628/1628 1703/1703 1702/1702
f 1629/1629 1630/1630 1704/1704
f 1629/1629 1704/1704 1703/1703
f 1630/1630 1631/1631 1705/1705
f 1630/1630 1705/1705 1704/1704
f 1631/1631 1632/1632 1706/1706
f 1631/1631 1706/1706 1705/1705
f 1632/1632 1633/1633 1707/1707
f 1632/1632 1707/1707 1706/1706
f 1635/1635 1636/1636 1714/1714
f 1635/1635 1714/1714 1713/1713
f 1636/1636 1637/1637 1715/1715
f 1636/1636 1715/1715 1714/1714
f 1637/1637 1638/1638 1716/1716
f 1637/1637 1716/1716 1715/1715
f 1638/1638 1639/1639 1717/1717
f 1638/1638 1717/1717 1716/1716
f 1639/1639 1640/1640 1718/1718
f 1639/1639 1718/1718 1717/1717
f 1640/1640 1641/1641 1719/1719
f 1640/1640 1719/1719 1718/1718
f 1641/1641 1642/1642 1720/1720
f 1641/1641 1720/1720 1719/1719
f 1642/1642 1643/1643 1721/1721
f 1642/1642 1721/1721 1720/1720
f 1643/1643 1644/1644 1722/1722
f 1643/1643 1722/1722 1721/1721
f 1644/1644 1645/1645 1723/1723
f 1644/1644 1723/1723 1722/1722
f 1645/1645 1646/1646 1724/1724
f 1645/1645 1724/1724 1723/1723
f 1646/1646 1647/1647 1725/1725
f 1646/1646 1725/1725 1724/1724
f 1647/1647 1648/1648 1726/1726
f 1647/1647 1726/1726 1725/1725
f 1648/1648 1649/1649 1727/1727
f 1648/1648 1727/1727 1726/1726
f 1649/1649 1650/1650 1728/1728
f 1649/1649 1728/1728 1727/1727
f 1650/1650 1651/1651 1729/1729
f 1650/1650 1729/1729 1728/1728
f 1651/1651 1652/1652 1730/1730
f 1651/1651 1730/1730 1729/1729
f 1652/1652 1653/1653 1731/1731
f 1652/1652 1731/1731 1730/1730
f 1653/1653 1654/1654 1732/1732
f 1653/1653 1732/1732 1731/1731
f 1654/1654 1655/1655 1733/1733
f 1654/1654 1733/1733 1732/1732
f 1655/1655 1656/1656 1734/1734
f 1655/1655 1734/1734 1733/1733
f 1656/1656 1657/1657 1735/1735
f 1656/1656 1735/1735 1734/1734
f 1657/1657 1658/1658 1736/1736
f 1657/1657 1736/1736 1735/1735
f 1658/1658 1659/1659 1737/1737
f 1658/1658 1737/1737 1736/1736
f 1659/1659 1660/1660 1738/1738
f 1659/1659 1738/1738 1737/1737
f 1660/1660 1661/1661 1739/1739
f 1660/1660 1739/1739 1738/1738
f 1661/1661 1662/1662 1740/1740
f 1661/1661 1740/1740 1739/1739
f 1662/1662 1663/1663 1741/1741
f 1662/1662 1741/1741 1740/1740
f 1663/1663 1664/1664 1742/1742
f 1663/1663 1742/1742 1741/1741
f 1664/1664 1665/1665 1743/1743
f 1664/1664 1743/1743 1742/1742
f 1665/1665 1666/1666 1744/1744
f 1665/1665 1744/1744 1743/1743
f 1666/1666 1667/1667 1745/1745
f 1666/1666 1745/1745 1744/1744
f 1667/1667 1668/1668 1746/1746
f 1667/1667 1746/1746 1745/1745
f 1668/1668 1669/1669 1747/1747
f 1668/1668 1747/1747 1746/1746
f 1669/1669 1670/1670 1748/1748
f 1669/1669 1748/1748 1747/1747
f 1670/1670 1671/1671 1749/1749
f 1670/1670 1749/1749 1748/1748
f 1671/1671 1672/1672 1750/1750
f 1671/1671 1750/1750 1749/1749
f 1672/1672 1673/1673 1751/1751
f 1672/1672 1751/1751 1750/1750
f 1673/1673 1674/1674 1752/1752
f 1673/1673 1752/1752 1751/1751
f 1674/1674 1675/1675 1753/1753
f 1674/1674 1753/1753 1752/1752
f 1675/1675 1676/1676 1754/1754
f 1675/1675 1754/1754 1753/1753
f 1676/1676 1677/1677 1755/1755
f 1676/1676 1755/1755 1754/1754
f 1677/1677 1678/1678 1756/1756
f 1677/1677 1756/1756 1755/1755
f 1678/1678 1679/1679 1757/1757
f 1678/1678 1757/1757 1756/1756
f 1679/1679 1680/1680 1758/1758
f 1679/1679 1758/1758 1757/1757
f 1680/1680 1681/1681 1759/1759
f 1680/1680 1759/1759 1758/1758
f 1681/1681 1682/1682 1760/1760
f 1681/1681 1760/1760 1759/1759
f 1682/1682 1683/1683 1761/1761
f 1682/1682 1761/1761 1760/1760
f 1683/1683 1684/1684 1762/1762
f 1683/1683 1762/1762 1761/1761
f 1684/1684 1685/1685 1763/1763
f 1684/1684 1763/1763 1762/1762
f 1685/1685 1686/1686 1764/1764
f 1685/1685 1764/1764 1763/1763
f 1686/1686 1687/1687 1765/1765
f 1686/1686 1765/1765 1764/1764
f 1687/1687 1688/1688 1766/1766
f 1687/1687 1766/1766 1765/1765
f 1688/1688 1689/1689 1767/1767
f 1688/1688 1767/1767 1766/1766
f 1689/1689 1690/1690 1768/1768
f 1689/1689 1768/1768 1767/1767
f 1690/1690 1691/1691 1769/1769
f 1690/1690 1769/1769 1768/1768
f 1691/1691 1692/1692 1770/1770
f 1691/1691 1770/1770 1769/1769
f 1692/1692 1693/1693 1771/1771
f 1692/1692 1771/1771 1770/1770
f 1693/1693 1694/1694 1772/1772
f 1693/1693 1772/1772 1771/1771
f 1694/1694 1695/1695 1773/1773
f 1694/1694 1773/1773 1772/1772
f 1695/1695 1696/1696 1774/1774
f 1695/1695 1774/1774 1773/1773
f 1696/1696 1697/1697 1775/1775
f 1696/1696 1775/1775 1774/1774
f 1697/1697 1698/1698 1776/1776
f 1697/1697 1776/1776 1775/1775
f 1698/1698 1699/1699 1777/1777
f 1698/1698 1777/1777 1776/1776
f 1699/1699 1700/1700 1778/1778
f 1699/1699 1778/1778 1777/1777
f 1700/1700 1701/1701 1779/1779
f 1700/1700 1779/1779 1778/1778
f 1701/1701 1702/1702 1780/1780
f 1701/1701 1780/1780 1779/1779
f 1702/1702 1703/1703 1781/1781
f 1702/1702 1781/1781 1780/1780
f 1703/1703 1704/1704 1782/1782
f 1703/1703 1782/1782 1781/1781
f 1704/1704 1705/1705 1783/1783
f 1704/1704 1783/1783 1782/1782
f 1705/1705 1706/1706 1784/1784
f 1705/1705 1784/1784 1783/1783
f 1706/1706 1707/1707 1785/1785
f 1706/1706 1785/1785 1784/1784
f 1707/1707 1708/1708 1786/1786
f 1707/1707 1786/1786 1785/1785
f 1708/1708 1709/1709 1787/1787
f 1708/1708 1787/1787 1786/1786
f 1709/1709 1710/1710 1788/1788
f 1709/1709 1788/1788 1787/1787
f 1710/1710 1711/1711 1789/1789
f 1710/1710 1789/1789 1788/1788
f 1711/1711 1712/1712 1790/1790
f 1711/1711 1790/1790 1789/1789
f 1713/1713 1714/1714 1794/1794
f 1713/1713 1794/1794 1793/1793
f 1714/1714 1715/1715 1795/1795
f 1714/1714 1795/1795 1794/1794
f 1715/1715 1716/1716 1796/1796
f 1715/1715 1796/1796 1795/1795
f 1716/1716 1717/1717 1797/1797
f 1716/1716 1797/1797 1796/1796
f 1717/1717 1718/1718 1798/1798
f 1717/1717 1798/1798 1797/1797
f 1718/1718 1719/1719 1799/1799
f 1718/1718 1799/1799 1798/1798
f 1719/1719 1720/1720 1800/1800
f 1719/1719 1800/1800 1799/1799
f 1720/1720 1721/1721 1801/1801
f 1720/1720 1801/1801 1800/1800
f 1721/1721 1722/1722 1802/1802
f 1721/1721 1802/1802 1801/1801
f 1722/1722 1723/1723 1803/1803
f 1722/1722 1803/1803 1802/1802
f 1723/1723 1724/1724 1804/1804
f 1723/1723 1804/1804 1803/1803
f 1724/1724 1725/1725 1805/1805
f 1724/1724 1805/1805 1804/1804
f 1725/1725 1726/1726 1806/1806
f 1725/1725 1806/1806 1805/1805
f 1726/1726 1727/1727 1807/1807
f 1726/1726 1807/1807 1806/1806
f 1727/1727 1728/1728 1808/1808
f 1727/1727 1808/1808 1807/1807
f 1728/1728 1729/1729 1809/1809
f 1728/1728 1809/1809 1808/1808
f 1729/1729 1730/1730 1810/1810
f 1729/1729 1810/1810 1809/1809
f 1730/1730 1731/1731 1811/1811
f 1730/1730 1811/1811 1810/1810
f 1731/1731 1732/1732 1812/1812
f 1731/1731 1812/1812 1811/1811
f 1732/1732 1733/1733 1813/1813
f 1732/1732 1813/1813 1812/1812
f 1733/1733 1734/1734 1814/1814
f 1733/1733 1814/1814 1813/1813
f 1734/1734 1735/1735 1815/1815
f 1734/1734 1815/1815 1814/1814
f 1735/1735 1736/1736 1816/1816
f 1735/1735 1816/1816 1815/1815
f 1736/1736 1737/1737 1817/1817
f 1736/1736 1817/1817 1816/1816
f 1737/1737 1738/1738 1818/1818
f 1737/1737 1818/1818 1817/1817
f 1738/1738 1739/1739 1819/1819
f 1738/1738 1819/1819 1818/1818
f 1739/1739 1740/1740 1820/1820
f 1739/1739 1820/1820 1819/1819
f 1740/1740 1741/1741 1821/1821
f 1740/1740 1821/1821 1820/1820
f 1741/1741 1742/1742 1822/1822
f 1741/1741 1822/1822 1821/1821
f 1742/1742 1743/1743 1823/1823
f 1742/1742 1823/1823 1822/1822
f 1743/1743 1744/1744 1824/1824
f 1743/1743 1824/1824 1823/1823
f 1744/1744 1745/1745 1825/1825
f 1744/1744 1825/1825 1824/1824
f 1745/1745 1746/1746 1826/1826
f 1745/1745 1826/1826 1825/1825
f 1746/1746 1747/1747 1827/1827
f 1746/1746 1827/1827 1826/1826
f 1747/1747 1748/1748 1828/1828
f 1747/1747 1828/1828 1827/1827
f 1748/1748 1749/1749 1829/1829
f 1748/1748 1829/1829 1828/1828
f 1749/1749 1750/1750 1830/1830
f 1749/1749 1830/1830 1829/1829
f 1750/1750 1751/1751 1831/1831
f 1750/1750 1831/1831 1830/1830
f 1751/1751 1752/1752 1832/1832
f 1751/1751 1832/1832 1831/1831
f 1752/1752 1753/1753 1833/1833
f 1752/1752 1833/1833 1832/1832
f 1753/1753 1754/1754 1834/1834
f 1753/1753 1834/1834 1833/1833
f 1754/1754 1755/1755 1835/1835
f 1754/1754 1835/1835 1834/1834
f 1755/1755 1756/1756 1836/1836
f 1755/1755 1836/1836 1835/1835
f 1756/1756 1757/1757 1837/1837
f 1756/1756 1837/1837 1836/1836
f 1757/1757 1758/1758 1838/1838
f 1757/1757 1838/1838 1837/1837
f 1758/1758 1759/1759 1839/1839
f 1758/1758 1839/1839 1838/1838
f 1759/1759 1760/1760 1840/1840
f 1759/1759 1840/1840 1839/1839
f 1760/1760 1761/1761 1841/1841
f 1760/1760 1841/1841 1840/1840
f 1761/1761 1762/1762 1842/1842
f 1761/1761 1842/1842 1841/1841
f 1762/1762 1763/1763 1843/1843
f 1762/1762 1843/1843 1842/1842
f 1763/1763 1764/1764 1844/1844
f 1763/1763 1844/1844 1843/1843
f 1764/1764 1765/1765 1845/1845
f 1764/1764 1845/1845 1844/1844
f 1765/1765 1766/1766 1846/1846
f 1765/1765 1846/1846 1845/1845
f 1766/1766 1767/1767 1847/1847
f 1766/1766 1847/1847 1846/1846
f 1767/1767 1768/1768 1848/1848
f 1767/1767 1848/1848 1847/1847
f 1768/1768 1769/1769 1849/1849
f 1768/1768 1849/1849 1848/1848
f 1769/1769 1770/1770 1850/1850
f 1769/1769 1850/1850 1849/1849
f 1770/1770 1771/1771 1851/1851
f 1770/1770 1851/1851 1850/1850
f 1771/1771 1772/1772 1852/1852
f 1771/1771 1852/1852 1851/1851
f 1772/1772 1773/1773 1853/1853
f 1772/1772 1853/1853 1852/1852
f 1773/1773 1774/1774 1854/1854
f 1773/1773 1854/1854 1853/1853
f 1774/1774 1775/1775 1855/1855
f 1774/1774 1855/1855 1854/1854
f 1775/1775 1776/1776 1856/1856
f 1775/1775 1856/1856 1855/1855
f 1776/1776 1777/1777 1857/1857
f 1776/1776 1857/1857 1856/1856
f 1777/1777 1778/1778 1858/1858
f 1777/1777 1858/1858 1857/1857
f 1778/1778 1779/1779 1859/1859
f 1778/1778 1859/1859 1858/1858
f 1779/1779 1780/1780 1860/1860
f 1779/1779 1860/1860 1859/1859
f 1780/1780 1781/1781 1861/1861
f 1780/1780 1861/1861 1860/1860
f 1781/1781 1782/1782 1862/1862
f 1781/1781 1862/1862 1861/1861
f 1782/1782 1783/1783 1863/1863
f 1782/1782 1863/1863 1862/1862
f 1783/1783 1784/1784 1864/1864
f 1783/1783 1864/1864 1863/1863
f 1784/1784 1785/1785 1865/1865
f 1784/1784 1865/1865 1864/1864
f 1785/1785 1786/1786 1866/1866
f 1785/1785 1866/1866 1865/1865
f 1786/1786 1787/1787 1867/1867
f 1786/1786 1867/1867 1866/1866
f 1787/1787 1788/1788 1868/1868
f 1787/1787 1868/1868 1867/1867
f 1788/1788 1789/1789 1869/1869
f 1788/1788 1869/1869 1868/1868
f 1789/1789 1790/1790 1870/1870
f 1789/1789 1870/1870 1869/1869
f 1790/1790 1791/1791 1871/1871
f 1790/1790 1871/1871 1870/1870
f 1792/1792 1793/1793 1876/1876
f 1792/1792 1876/1876 1875/1875
f 1793/1793 1794/1794 1877/1877
f 1793/1793 1877/1877 1876/1876
f 1794/1794 1795/1795 1878/1878
f 1794/1794 1878/1878 1877/1877
f 1795/1795 1796/1796 1879/1879
f 1795/1795 1879/1879 1878/1878
f 1796/1796 1797/1797 1880/1880
f 1796/1796 1880/1880 1879/1879
f 1797/1797 1798/1798 1881/1881
f 1797/1797 1881/1881 1880/1880
f 1798/1798 1799/1799 1882/1882
f 1798/1798 1882/1882 1881/1881
f 1799/1799 1800/1800 1883/1883
f 1799/1799 1883/1883 1882/1882
f 1800/1800 1801/1801 1884/1884
f 1800/1800 1884/1884 1883/1883
f 1801/1801 1802/1802 1885/1885
f 1801/1801 1885/1885 1884/1884
f 1802/1802 1803/1803 1886/1886
f 1802/1802 1886/1886 1885/1885
f 1803/1803 1804/1804 1887/1887
f 1803/1803 1887/1887 1886/1886
f 1804/1804 1805/1805 1888/1888
f 1804/1804 1888/1888 1887/1887
f 1805/1805 1806/1806 1889/1889
f 1805/1805 1889/1889 1888/1888
f 1806/1806 1807/1807 1890/1890
f 1806/1806 1890/1890 1889/1889
f 1807/1807 1808/1808 1891/1891
f 1807/1807 1891/1891 1890/1890
f 1808/1808 1809/1809 1892/1892
f 1808/1808 1892/1892 1891/1891
f 1809/1809 1810/1810 1893/1893
f 1809/1809 1893/1893 1892/1892
f 1810/1810 1811/1811 1894/1894
f 1810/1810 1894/1894 1893/1893
f 1811/1811 1812/1812 1895/1895
f 1811/1811 1895/1895 1894/1894
f 1812/1812 1813/1813 1896/1896
f 1812/1812 1896/1896 1895/1895
f 1813/1813 1814/1814 1897/1897
f 1813/1813 1897/1897 1896/1896
f 1814/1814 1815/1815 1898/1898
f 1814/1814 1898/1898 1897/1897
f 1815/1815 1816/1816 1899/1899
f 1815/1815 1899/1899 1898/1898
f 1816/1816 1817/1817 1900/1900
f 1816/1816 1900/1900 1899/1899
f 1817/1817 1818/1818 1901/1901
f 1817/1817 1901/1901 1900/1900
f 1818/1818 1819/1819 1902/1902
f 1818/1818 1902/1902 1901/1901
f 1819/1819 1820/1820 1903/1903
f 1819/1819 1903/1903 1902/1902
f 1820/1820 1821/1821 1904/1904
f 1820/1820 1904/1904 1903/1903
f 1821/1821 1822/1822 1905/1905
f 1821/1821 1905/1905 1904/1904
f 1822/1822 1823/1823 1906/1906
f 1822/1822 1906/1906 1905/1905
f 1823/1823 1824/1824 1907/1907
f 1823/1823 1907/1907 1906/1906
f 1824/1824 1825/1825 1908/1908
f 1824/1824 1908/1908 1907/1907
f 1825/1825 1826/1826 1909/1909
f 1825/1825 1909/1909 1908/1908
f 1826/1826 1827/1827 1910/1910
f 1826/1826 1910/1910 1909/1909
f 1827/1827 1828/1828 1911/1911
f 1827/1827 1911/1911 1910/1910
f 1828/1828 1829/1829 1912/1912
f 1828/1828 1912/1912 1911/1911
f 1829/1829 1830/1830 1913/1913
f 1829/1829 1913/1913 1912/1912
f 1830/1830 1831/1831 1914/1914
f 1830/1830 1914/1914 1913/1913
f 1831/1831 1832/1832 1915/1915
f 1831/1831 1915/1915 1914/1914
f 1832/1832 1833/1833 1916/1916
f 1832/1832 1916/1916 1915/1915
f 1833/1833 1834/1834 1917/1917
f 1833/1833 1917/1917 1916/1916
f 1834/1834 1835/1835 1918/1918
f 1834/1834 1918/1918 1917/1917
f 1835/1835 1836/1836 1919/1919
f 1835/1835 1919/1919 1918/1918
f 1836/1836 1837/1837 1920/1920
f 1836/1836 1920/1920 1919/1919
f 1837/1837 1838/1838 1921/1921
f 1837/1837 1921/1921 1920/1920
f 1838/1838 1839/1839 1922/1922
f 1838/1838 1922/1922 1921/1921
f 1839/1839 1840/1840 1923/1923
f 1839/1839 1923/1923 1922/1922
f 1840/1840 1841/1841 1924/1924
f 1840/1840 1924/1924 1923/1923
f 1841/1841 1842/1842 1925/1925
f 1841/1841 1925/1925 1924/1924
f 1842/1842 1843/1843 1926/1926
f 1842/1842 1926/1926 1925/1925
f 1843/1843 1844/1844 1927/1927
f 1843/1843 1927/1927 1926/1926
f 1844/1844 1845/1845 1928/1928
f 1844/1844 1928/1928 1927/1927
f 1845/1845 1846/1846 1929/1929
f 1845/1845 1929/1929 1928/1928
f 1846/1846 1847/1847 1930/1930
f 1846/1846 1930/1930 1929/1929
f 1847/1847 1848/1848 1931/1931
f 1847/1847 1931/1931 1930/1930
f 1848/1848 1849/1849 1932/1932
f 1848/1848 1932/1932 1931/1931
f 1849/1849 1850/1850 1933/1933
f 1849/1849 1933/1933 1932/1932
f 1850/1850 1851/1851 1934/1934
f 1850/1850 1934/1934 1933/1933
f 1851/1851 1852/1852 1935/1935
f 1851/1851 1935/1935 1934/1934
f 1852/1852 1853/1853 1936/1936
f 1852/1852 1936/1936 1935/1935
f 1853/1853 1854/1854 1937/1937
f 1853/1853 1937/1937 1936/1936
f 1854/1854 1855/1855 1938/1938
f 1854/1854 1938/1938 1937/1937
f 1855/1855 1856/1856 1939/1939
f 1855/1855 1939/1939 1938/1938
f 1856/1856 1857/1857 1940/1940
f 1856/1856 1940/1940 1939/1939
f 1857/1857 1858/1858 1941/1941
f 1857/1857 1941/1941 1940/1940
f 1858/1858 1859/1859 1942/1942
f 1858/1858 1942/1942 1941/1941
f 1859/1859 1860/1860 1943/1943
f 1859/1859 1943/1943 1942/1942
f 1860/1860 1861/1861 1944/1944
f 1860/1860 1944/1944 1943/1943
f 1861/1861 1862/1862 1945/1945
f 1861/1861 1945/1945 1944/1944
f 1862/1862 1863/1863 1946/1946
f 1862/1862 1946/1946 1945/1945
f 1863/1863 1864/1864 1947/1947
f 1863/1863 1947/1947 1946/1946
f 1864/1864 1865/1865 1948/1948
f 1864/1864 1948/1948 1947/1947
f 1865/1865 1866/1866 1949/1949
f 1865/1865 1949/1949 1948/1948
f 1866/1866 1867/1867 1950/1950
f 1866/1866 1950/1950 1949/1949
f 1867/1867 1868/1868 1951/1951
f 1867/1867 1951/1951 1950/1950
f 1868/1868 1869/1869 1952/1952
f 1868/1868 1952/1952 1951/1951
f 1869/1869 1870/1870 1953/1953
f 1869/1869 1953/1953 1952/1952
f 1870/1870 1871/1871 1954/1954
f 1870/1870 1954/1954 1953/1953
f 1871/1871 1872/1872 1955/1955
f 1871/1871 1955/1955 1954/1954
f 1873/1873 1874/1874 1957/1957
f 1873/1873 1957/1957 1956/1956
f 1874/1874 1875/1875 1958/1958
f 1874/1874 1958/1958 1957/1957
f 1875/1875 1876/1876 1959/1959
f 1875/1875 1959/1959 1958/1958
f 1876/1876 1877/1877 1960/1960
f 1876/1876 1960/1960 1959/1959
f 1877/1877 1878/1878 1961/1961
f 1877/1877 1961/1961 1960/1960
f 1878/1878 1879/1879 1962/1962
f 1878/1878 1962/1962 1961/1961
f 1879/1879 1880/1880 1963/1963
f 1879/1879 1963/1963 1962/1962
f 1880/1880 1881/1881 1964/1964
f 1880/1880 1964/1964 1963/1963
f 1881/1881 1882/1882 1965/1965
f 1881/1881 1965/1965 1964/1964
f 1882/1882 1883/1883 1966/1966
f 1882/1882 1966/1966 1965/1965
f 1883/1883 1884/1884 1967/1967
f 1883/1883 1967/1967 1966/1966
f 1884/1884 1885/1885 1968/1968
f 1884/1884 1968/1968 1967/1967
f 1885/1885 1886/1886 1969/1969
f 1885/1885 1969/1969 1968/1968
f 1886/1886 1887/1887 1970/1970
f 1886/1886 1970/1970 1969/1969
f 1887/1887 1888/1888 1971/1971
f 1887/1887 1971/1971 1970/1970
f 1888/1888 1889/1889 1972/1972
f 1888/1888 1972/1972 1971/1971
f 1889/1889 1890/1890 1973/1973
f 1889/1889 1973/1973 1972/1972
f 1890/1890 1891/1891 1974/1974
f 1890/1890 1974/1974 1973/1973
f 1891/1891 1892/1892 1975/1975
f 1891/1891 1975/1975 1974/1974
f 1892/1892 1893/1893 1976/1976
f 1892/1892 1976/1976 1975/1975
f 1893/1893 1894/1894 1977/1977
f 1893/1893 1977/1977 1976/1976
f 1894/1894 1895/1895 1978/1978
f 1894/1894 1978/1978 1977/1977
f 1895/1895 1896/1896 1979/1979
f 1895/1895 1979/1979 1978/1978
f 1896/1896 1897/1897 1980/1980
f 1896/1896 1980/1980 1979/1979
f 1897/1897 1898/1898 1981/1981
f 1897/1897 1981/1981 1980/1980
f 1898/1898 1899/1899 1982/1982
f 1898/1898 1982/1982 1981/1981
f 1899/1899 1900/1900 1983/1983
f 1899/1899 1983/1983 1982/1982
f 1900/1900 1901/1901 1984/1984
f 1900/1900 1984/1984 1983/1983
f 1901/1901 1902/1902 1985/1985
f 1901/1901 1985/1985 1984/1984
f 1902/1902 1903/1903 1986/1986
f 1902/1902 1986/1986 1985/1985
f 1903/1903 1904/1904 1987/1987
f 1903/1903 1987/1987 1986/1986
f 1904/1904 1905/1905 1988/1988
f 1904/1904 1988/1988 1987/1987
f 1905/1905 1906/1906 1989/1989
f 1905/1905 1989/1989 1988/1988
f 1906/1906 1907/1907 1990/1990
f 1906/1906 1990/1990 1989/1989
f 1907/1907 1908/1908 1991/1991
f 1907/1907 1991/1991 1990/1990
f 1908/1908 1909/1909 1992/1992
f 1908/1908 1992/1992 1991/1991
f 1909/1909 1910/1910 1993/1993
f 1909/1909 1993/1993 1992/1992
f 1910/1910 1911/1911 1994/1994
f 1910/1910 1994/1994 1993/1993
f 1911/1911 1912/1912 1995/1995
f 1911/1911 1995/1995 1994/1994
f 1912/1912 1913/1913 1996/1996
f 1912/1912 1996/1996 1995/1995
f 1913/1913 1914/1914 1997/1997
f 1913/1913 1997/1997 1996/1996
f 1914/1914 1915/1915 1998/1998
f 1914/1914 1998/1998 1997/1997
f 1915/1915 1916/1916 1999/1999
f 1915/1915 1999/1999 1998/1998
f 1916/1916 1917/1917 2000/2000
f 1916/1916 2000/2000 1999/1999
f 1917/1917 1918/1918 2001/2001
f 1917/1917 2001/2001 2000/2000
f 1918/1918 1919/1919 2002/2002
f 1918/1918 2002/2002 2001/2001
f 1919/1919 1920/1920 2003/2003
f 1919/1919 2003/2003 2002/2002
f 1920/1920 1921/1921 2004/2004
f 1920/1920 2004/2004 2003/2003
f 1921/1921 1922/1922 2005/2005
f 1921/1921 2005/2005 2004/2004
f 1922/1922 1923/1923 2006/2006
f 1922/1922 2006/2006 2005/2005
f 1923/1923 1924/1924 2007/2007
f 1923/1923 2007/2007 2006/2006
f 1924/1924 1925/1925 2008/2008
f 1924/1924 2008/2008 2007/2007
f 1925/1925 1926/1926 2009/2009
f 1925/1925 2009/2009 2008/2008
f 1926/1926 1927/1927 2010/2010
f 1926/1926 2010/2010 2009/2009
f 1927/1927 1928/1928 2011/2011
f 1927/1927 2011/2011 2010/2010
f 1928/1928 1929/1929 2012/2012
f 1928/1928 2012/2012 2011/2011
f 1929/1929 1930/1930 2013/2013
f 1929/1929 2013/2013 2012/2012
f 1930/1930 1931/1931 2014/2014
f 1930/1930 2014/2014 2013/2013
f 1931/1931 1932/1932 2015/2015
f 1931/1931 2015/2015 2014/2014
f 1932/1932 1933/1933 2016/2016
f 1932/1932 2016/2016 2015/2015
f 1933/1933 1934/1934 2017/2017
f 1933/1933 2017/2017 2016/2016
f 1934/1934 1935/1935 2018/2018
f 1934/1934 2018/2018 2017/2017
f 1935/1935 1936/1936 2019/2019
f 1935/1935 2019/2019 2018/2018
f 1936/1936 1937/1937 2020/2020
f 1936/1936 2020/2020 2019/2019
f 1937/1937 1938/1938 2021/2021
f 1937/1937 2021/2021 2020/2020
f 1938/1938 1939/1939 2022/2022
f 1938/1938 2022/2022 2021/2021
f 1939/1939 1940/1940 2023/2023
f 1939/1939 2023/2023 2022/2022
f 1940/1940 1941/1941 2024/2024
f 1940/1940 2024/2024 2023/2023
f 1941/1941 1942/1942 2025/2025
f 1941/1941 2025/2025 2024/2024
f 1942/1942 1943/1943 2026/2026
f 1942/1942 2026/2026 2025/2025
f 1943/1943 1944/1944 2027/2027
f 1943/1943 2027/2027 2026/2026
f 1944/1944 1945/1945 2028/2028
f 1944/1944 2028/2028 2027/2027
f 1945/1945 1946/1946 2029/2029
f 1945/1945 2029/2029 2028/2028
f 1946/1946 1947/1947 2030/2030
f 1946/1946 2030/2030 2029/2029
f 1947/1947 1948/1948 2031/2031
f 1947/1947 2031/2031 2030/2030
f 1948/1948 1949/1949 2032/2032
f 1948/1948 2032/2032 2031/2031
f 1949/1949 1950/1950 2033/2033
f 1949/1949 2033/2033 2032/2032
f 1950/1950 1951/1951 2034/2034
f 1950/1950 2034/2034 2033/2033
f 1951/1951 1952/1952 2035/2035
f 1951/1951 2035/2035 2034/2034
f 1952/1952 1953/1953 2036/2036
f 1952/1952 2036/2036 2035/2035
f 1953/1953 1954/1954 2037/2037
f 1953/1953 2037/2037 2036/2036
f 1954/1954 1955/1955 2038/2038
f 1954/1954 2038/2038 2037/2037
f 1956/1956 1957/1957 2041/2041
f 1956/1956 2041/2041 2040/2040
f 1957/1957 1958/1958 2042/2042
f 1957/1957 2042/2042 2041/2041
f 1958/1958 1959/1959 2043/2043
f 1958/1958 2043/2043 2042/2042
f 1959/1959 1960/1960 2044/2044
f 1959/1959 2044/2044 2043/2043
f 1960/1960 1961/1961 2045/2045
f 1960/1960 2045/2045 2044/2044
f 1961/1961 1962/1962 2046/2046
f 1961/1961 2046/2046 2045/2045
f 1962/1962 1963/1963 2047/2047
f 1962/1962 2047/2047 2046/2046
f 1963/1963 1964/1964 2048/2048
f 1963/1963 2048/2048 2047/2047
f 1964/1964 1965/1965 2049/2049
f 1964/1964 2049/2049 2048/2048
f 1965/1965 1966/1966 2050/2050
f 1965/1965 2050/2050 2049/2049
f 1966/1966 1967/1967 2051/2051
f 1966/1966 2051/2051 2050/2050
f 1967/1967 1968/1968 2052/2052
f 1967/1967 2052/2052 2051/2051
f 1968/1968 1969/1969 2053/2053
f 1968/1968 2053/2053 2052/2052
f 1969/1969 1970/1970 2054/2054
f 1969/1969 2054/2054 2053/2053
f 1970/1970 1971/1971 2055/2055
f 1970/1970 2055/2055 2054/2054
f 1971/1971 1972/1972 2056/2056
f 1971/1971 2056/2056 2055/2055
f 1972/1972 1973/1973 2057/2057
f 1972/1972 2057/2057 2056/2056
f 1973/1973 1974/1974 2058/2058
f 1973/1973 2058/2058 2057/2057
f 1974/1974 1975/1975 2059/2059
f 1974/1974 2059/2059 2058/2058
f 1975/1975 1976/1976 2060/2060
f 1975/1975 2060/2060 2059/2059
f 1976/1976 1977/1977 2061/2061
f 1976/1976 2061/2061 2060/2060
f 1977/1977 1978/1978 2062/2062
f 1977/1977 2062/2062 2061/2061
f 1978/1978 1979/1979 2063/2063
f 1978/1978 2063/2063 2062/2062
f 1979/1979 1980/1980 2064/2064
f 1979/1979 2064/2064 2063/2063
f 1980/1980 1981/1981 2065/2065
f 1980/1980 2065/2065 2064/2064
f 1981/1981 1982/1982 2066/2066
f 1981/1981 2066/2066 2065/2065
f 1982/1982 1983/1983 2067/2067
f 1982/1982 2067/2067 2066/2066
f 1983/1983 1984/1984 2068/2068
f 1983/1983 2068/2068 2067/2067
f 1984/1984 1985/1985 2069/2069
f 1984/1984 2069/2069 2068/2068
f 1985/1985 1986/1986 2070/2070
f 1985/1985 2070/2070 2069/2069
f 1986/1986 1987/1987 2071/2071
f 1986/1986 2071/2071 2070/2070
f 1987/1987 1988/1988 2072/2072
f 1987/1987 2072/2072 2071/2071
f 1988/1988 1989/1989 2073/2073
f 1988/1988 2073/2073 2072/2072
f 1989/1989 1990/1990 2074/2074
f 1989/1989 2074/2074 2073/2073
f 1990/1990 1991/1991 2075/2075
f 1990/1990 2075/2075 2074/2074
f 1991/1991 1992/1992 2076/2076
f 1991/1991 2076/2076 2075/2075
f 1992/1992 1993/1993 2077/2077
f 1992/1992 2077/2077 2076/2076
f 1993/1993 1994/1994 2078/2078
f 1993/1993 2078/2078 2077/2077
f 1994/1994 1995/1995 2079/2079
f 1994/1994 2079/2079 2078/2078
f 1995/1995 1996/1996 2080/2080
f 1995/1995 2080/2080 2079/2079
f 1996/1996 1997/1997 2081/2081
f 1996/1996 2081/2081 2080/2080
f 1997/1997 1998/1998 2082/2082
f 1997/1997 2082/2082 2081/2081
f 1998/1998 1999/1999 2083/2083
f 1998/1998 2083/2083 2082/2082
f 1999/1999 2000/2000 2084/2084
f 1999/1999 2084/2084 2083/2083
f 2000/2000 2001/2001 2085/2085
f 2000/2000 2085/2085 2084/2084
f 2001/2001 2002/2002 2086/2086
f 2001/2001 2086/2086 2085/2085
f 2002/2002 2003/2003 2087/2087
f 2002/2002 2087/2087 2086/2086
f 2003/2003 2004/2004 2088/2088
f 2003/2003 2088/2088 2087/2087
f 2004/2004 2005/2005 2089/2089
f 2004/2004 2089/2089 2088/2088
f 2005/2005 2006/2006 2090/2090
f 2005/2005 2090/2090 2089/2089
f 2006/2006 2007/2007 2091/2091
f 2006/2006 2091/2091 2090/2090
f 2007/2007 2008/2008 2092/2092
f 2007/2007 2092/2092 2091/2091
f 2008/2008 2009/2009 2093/2093
f 2008/2008 2093/2093 2092/2092
f 2009/2009 2010/2010 2094/2094
f 2009/2009 2094/2094 2093/2093
f 2010/2010 2011/2011 2095/2095
f 2010/2010 2095/2095 2094/2094
f 2011/2011 2012/2012 2096/2096
f 2011/2011 2096/2096 2095/2095
f 2012/2012 2013/2013 2097/2097
f 2012/2012 2097/2097 2096/2096
f 2013/2013 2014/2014 2098/2098
f 2013/2013 2098/2098 2097/2097
f 2014/2014 2015/2015 2099/2099
f 2014/2014 2099/2099 2098/2098
f 2015/2015 2016/2016 2100/2100
f 2015/2015 2100/2100 2099/2099
f 2016/2016 2017/2017 2101/2101
f 2016/2016 2101/2101 2100/2100
f 2017/2017 2018/2018 2102/2102
f 2017/2017 2102/2102 2101/2101
f 2018/2018 2019/2019 2103/2103
f 2018/2018 2103/2103 2102/2102
f 2019/2019 2020/2020 2104/2104
f 2019/2019 2104/2104 2103/2103
f 2020/2020 2021/2021 2105/2105
f 2020/2020 2105/2105 2104/2104
f 2021/2021 2022/2022 2106/2106
f 2021/2021 2106/2106 2105/2105
f 2022/2022 2023/2023 2107/2107
f 2022/2022 2107/2107 2106/2106
f 2023/2023 2024/2024 2108/2108
f 2023/2023 2108/2108 2107/2107
f 2024/2024 2025/2025 2109/2109
f 2024/2024 2109/2109 2108/2108
f 2025/2025 2026/2026 2110/2110
f 2025/2025 2110/2110 2109/2109
f 2026/2026 2027/2027 2111/2111
f 2026/2026 2111/2111 2110/2110
f 2027/2027 2028/2028 2112/2112
f 2027/2027 2112/2112 2111/2111
f 2028/2028 2029/2029 2113/2113
f 2028/2028 2113/2113 2112/2112
f 2029/2029 2030/2030 2114/2114
f 2029/2029 2114/2114 2113/2113
f 2030/2030 2031/2031 2115/2115
f 2030/2030 2115/2115 2114/2114
f 2031/2031 2032/2032 2116/2116
f 2031/2031 2116/2116 2115/2115
f 2032/2032 2033/2033 2117/2117
f 2032/2032 2117/2117 2116/2116
f 2033/2033 2034/2034 2118/2118
f 2033/2033 2118/2118 2117/2117
f 2034/2034 2035/2035 2119/2119
f 2034/2034 2119/2119 2118/2118
f 2035/2035 2036/2036 2120/2120
f 2035/2035 2120/2120 2119/2119
f 2036/2036 2037/2037 2121/2121
f 2036/2036 2121/2121 2120/2120
f 2037/2037 2038/2038 2122/2122
f 2037/2037 2122/2122 2121/2121
f 2038/2038 2039/2039 2123/2123
f 2038/2038 2123/2123 2122/2122
f 2040/2040 2041/2041 2125/2125
f 2040/2040 2125/2125 2124/2124
f 2041/2041 2042/2042 2126/2126
f 2041/2041 2126/2126 2125/2125
f 2042/2042 2043/2043 2127/2127
f 2042/2042 2127/2127 2126/2126
f 2043/2043 2044/2044 2128/2128
f 2043/2043 2128/2128 2127/2127
f 2044/2044 2045/2045 2129/2129
f 2044/2044 2129/2129 2128/2128
f 2045/2045 2046/2046 2130/2130
f 2045/2045 2130/2130 2129/2129
f 2046/2046 2047/2047 2131/2131
f 2046/2046 2131/2131 2130/2130
f 2047/2047 2048/2048 2132/2132
f 2047/2047 2132/2132 2131/2131
f 2048/2048 2049/2049 2133/2133
f 2048/2048 2133/2133 2132/2132
f 2049/2049 2050/2050 2134/2134
f 2049/2049 2134/2134 2133/2133
f 2050/2050 2051/2051 2135/2135
f 2050/2050 2135/2135 2134/2134
f 2051/2051 2052/2052 2136/2136
f 2051/2051 2136/2136 2135/2135
f 2052/2052 2053/2053 2137/2137
f 2052/2052 2137/2137 2136/2136
f 2053/2053 2054/2054 2138/2138
f 2053/2053 2138/2138 2137/2137
f 2054/2054 2055/2055 2139/2139
f 2054/2054 2139/2139 2138/2138
f 2055/2055 2056/2056 2140/2140
f 2055/2055 2140/2140 2139/2139
f 2056/2056 2057/2057 2141/2141
f 2056/2056 2141/2141 2140/2140
f 2057/2057 2058/2058 2142/2142
f 2057/2057 2142/2142 2141/2141
f 2058/2058 2059/2059 2143/2143
f 2058/2058 2143/2143 2142/2142
f 2059/2059 2060/2060 2144/2144
f 2059/2059 2144/2144 2143/2143
f 2060/2060 2061/2061 2145/2145
f 2060/2060 2145/2145 2144/2144
f 2061/2061 2062/2062 2146/2146
f 2061/2061 2146/2146 2145/2145
f 2062/2062 2063/2063 2147/2147
f 2062/2062 2147/2147 2146/2146
f 2063/2063 2064/2064 2148/2148
f 2063/2063 2148/2148 2147/2147
f 2064/2064 2065/2065 2149/2149
f 2064/2064 2149/2149 2148/2148
f 2065/2065 2066/2066 2150/2150
f 2065/2065 2150/2150 2149/2149
f 2066/2066 2067/2067 2151/2151
f 2066/2066 2151/2151 2150/2150
f 2067/2067 2068/2068 2152/2152
f 2067/2067 2152/2152 2151/2151
f 2068/2068 2069/2069 2153/2153
f 2068/2068 2153/2153 2152/2152
f 2069/2069 2070/2070 2154/2154
f 2069/2069 2154/2154 2153/2153
f 2070/2070 2071/2071 2155/2155
f 2070/2070 2155/2155 2154/2154
f 2071/2071 2072/2072 2156/2156
f 2071/2071 2156/2156 2155/2155
f 2072/2072 2073/2073 2157/2157
f 2072/2072 2157/2157 2156/2156
f 2073/2073 2074/2074 2158/2158
f 2073/2073 2158/2158 2157/2157
f 2074/2074 2075/2075 2159/2159
f 2074/2074 2159/2159 2158/2158
f 2075/2075 2076/2076 2160/2160
f 2075/2075 2160/2160 2159/2159
f 2076/2076 2077/2077 2161/2161
f 2076/2076 2161/2161 2160/2160
f 2077/2077 2078/2078 2162/2162
f 2077/2077 2162/2162 2161/2161
f 2078/2078 2079/2079 2163/2163
f 2078/2078 2163/2163 2162/2162
f 2079/2079 2080/2080 2164/2164
f 2079/2079 2164/2164 2163/2163
f 2080/2080 2081/2081 2165/2165
f 2080/2080 2165/2165 2164/2164
f 2081/2081 2082/2082 2166/2166
f 2081/2081 2166/2166 2165/2165
f 2082/2082 2083/2083 2167/2167
f 2082/2082 2167/2167 2166/2166
f 2083/2083 2084/2084 2168/2168
f 2083/2083 2168/2168 2167/2167
f 2084/2084 2085/2085 2169/2169
f 2084/2084 2169/2169 2168/2168
f 2085/2085 2086/2086 2170/2170
f 2085/2085 2170/2170 2169/2169
f 2086/2086 2087/2087 2171/2171
f 2086/2086 2171/2171 2170/2170
f 2087/2087 2088/2088 2172/2172
f 2087/2087 2172/2172 2171/2171
f 2088/2088 2089/2089 2173/2173
f 2088/2088 2173/2173 2172/2172
f 2089/2089 2090/2090 2174/2174
f 2089/2089 2174/2174 2173/2173
f 2090/2090 2091/2091 2175/2175
f 2090/2090 2175/2175 2174/2174
f 2091/2091 2092/2092 2176/2176
f 2091/2091 2176/2176 2175/2175
f 2092/2092 2093/2093 2177/2177
f 2092/2092 2177/2177 2176/2176
f 2093/2093 2094/2094 2178/2178
f 2093/2093 2178/2178 2177/2177
f 2094/2094 2095/2095 2179/2179
f 2094/2094 2179/2179 2178/2178
f 2095/2095 2096/2096 2180/2180
f 2095/2095 2180/2180 2179/2179
f 2096/2096 2097/2097 2181/2181
f 2096/2096 2181/2181 2180/2180
f 2097/2097 2098/2098 2182/2182
f 2097/2097 2182/2182 2181/2181
f 2098/2098 2099/2099 2183/2183
f 2098/2098 2183/2183 2182/2182
f 2099/2099 2100/2100 2184/2184
f 2099/2099 2184/2184 2183/2183
f 2100/2100 2101/2101 2185/2185
f 2100/2100 2185/2185 2184/2184
f 2101/2101 2102/2102 2186/2186
f 2101/2101 2186/2186 2185/2185
f 2102/2102 2103/2103 2187/2187
f 2102/2102 2187/2187 2186/2186
f 2103/2103 2104/2104 2188/2188
f 2103/2103 2188/2188 2187/2187
f 2104/2104 2105/2105 2189/2189
f 2104/2104 2189/2189 2188/2188
f 2105/2105 2106/2106 2190/2190
f 2105/2105 2190/2190 2189/2189
f 2106/2106 2107/2107 2191/2191
f 2106/2106 2191/2191 2190/2190
f 2107/2107 2108/2108 2192/2192
f 2107/2107 2192/2192 2191/2191
f 2108/2108 2109/2109 2193/2193
f 2108/2108 2193/2193 2192/2192
f 2109/2109 2110/2110 2194/2194
f 2109/2109 2194/2194 2193/2193
f 2110/2110 2111/2111 2195/2195
f 2110/2110 2195/2195 2194/2194
f 2111/2111 2112/2112 2196/2196
f 2111/2111 2196/2196 2195/2195
f 2112/2112 2113/2113 2197/2197
f 2112/2112 2197/2197 2196/2196
f 2113/2113 2114/2114 2198/2198
f 2113/2113 2198/2198 2197/2197
f 2114/2114 2115/2115 2199/2199
f 2114/2114 2199/2199 2198/2198
f 2115/2115 2116/2116 2200/2200
f 2115/2115 2200/2200 2199/2199
f 2116/2116 2117/2117 2201/2201
f 2116/2116 2201/2201 2200/2200
f 2117/2117 2118/2118 2202/2202
f 2117/2117 2202/2202 2201/2201
f 2118/2118 2119/2119 2203/2203
f 2118/2118 2203/2203 2202/2202
f 2119/2119 2120/2120 2204/2204
f 2119/2119 2204/2204 2203/2203
f 2120/2120 2121/2121 2205/2205
f 2120/2120 2205/2205 2204/2204
f 2121/2121 2122/2122 2206/2206
f 2121/2121 2206/2206 2205/2205
f 2122/2122 2123/2123 2207/2207
f 2122/2122 2207/2207 2206/2206
f 2124/2124 2125/2125 2210/2210
f 2124/2124 2210/2210 2209/2209
f 2125/2125 2126/2126 2211/2211
f 2125/2125 2211/2211 2210/2210
f 2126/2126 2127/2127 2212/2212
f 2126/2126 2212/2212 2211/2211
f 2127/2127 2128/2128 2213/2213
f 2127/2127 2213/2213 2212/2212
f 2128/2128 2129/2129 2214/2214
f 2128/2128 2214/2214 2213/2213
f 2129/2129 2130/2130 2215/2215
f 2129/2129 2215/2215 2214/2214
f 2130/2130 2131/2131 2216/2216
f 2130/2130 2216/2216 2215/2215
f 2131/2131 2132/2132 2217/2217
f 2131/2131 2217/2217 2216/2216
f 2132/2132 2133/2133 2218/2218
f 2132/2132 2218/2218 2217/2217
f 2133/2133 2134/2134 2219/2219
f 2133/2133 2219/2219 2218/2218
f 2134/2134 2135/2135 2220/2220
f 2134/2134 2220/2220 2219/2219
f 2135/2135 2136/2136 2221/2221
f 2135/2135 2221/2221 2220/2220
f 2136/2136 2137/2137 2222/2222
f 2136/2136 2222/2222 2221/2221
f 2137/2137 2138/2138 2223/2223
f 2137/2137 2223/2223 2222/2222
f 2138/2138 2139/2139 2224/2224
f 2138/2138 2224/2224 2223/2223
f 2139/2139 2140/2140 2225/2225
f 2139/2139 2225/2225 2224/2224
f 2140/2140 2141/2141 2226/2226
f 2140/2140 2226/2226 2225/2225
f 2141/2141 2142/2142 2227/2227
f 2141/2141 2227/2227 2226/2226
f 2142/2142 2143/2143 2228/2228
f 2142/2142 2228/2228 2227/2227
f 2143/2143 2144/2144 2229/2229
f 2143/2143 2229/2229 2228/2228
f 2144/2144 2145/2145 2230/2230
f 2144/2144 2230/2230 2229/2229
f 2145/2145 2146/2146 2231/2231
f 2145/2145 2231/2231 2230/2230
f 2146/2146 2147/2147 2232/2232
f 2146/2146 2232/2232 2231/2231
f 2147/2147 2148/2148 2233/2233
f 2147/2147 2233/2233 2232/2232
f 2148/2148 2149/2149 2234/2234
f 2148/2148 2234/2234 2233/2233
f 2149/2149 2150/2150 2235/2235
f 2149/2149 2235/2235 2234/2234
f 2150/2150 2151/2151 2236/2236
f 2150/2150 2236/2236 2235/2235
f 2151/2151 2152/2152 2237/2237
f 2151/2151 2237/2237 2236/2236
f 2152/2152 2153/2153 2238/2238
f 2152/2152 2238/2238 2237/2237
f 2153/2153 2154/2154 2239/2239
f 2153/2153 2239/2239 2238/2238
f 2154/2154 2155/2155 2240/2240
f 2154/2154 2240/2240 2239/2239
f 2155/2155 2156/2156 2241/2241
f 2155/2155 2241/2241 2240/2240
f 2156/2156 2157/2157 2242/2242
f 2156/2156 2242/2242 2241/2241
f 2157/2157 2158/2158 2243/2243
f 2157/2157 2243/2243 2242/2242
f 2158/2158 2159/2159 2244/2244
f 2158/2158 2244/2244 2243/2243
f 2159/2159 2160/2160 2245/2245
f 2159/2159 2245/2245 2244/2244
f 2160/2160 2161/2161 2246/2246
f 2160/2160 2246/2246 2245/2245
f 2161/2161 2162/2162 2247/2247
f 2161/2161 2247/2247 2246/2246
f 2162/2162 2163/2163 2248/2248
f 2162/2162 2248/2248 2247/2247
f 2163/2163 2164/2164 2249/2249
f 2163/2163 2249/2249 2248/2248
f 2164/2164 2165/2165 2250/2250
f 2164/2164 2250/2250 2249/2249
f 2165/2165 2166/2166 2251/2251
f 2165/2165 2251/2251 2250/2250
f 2166/2166 2167/2167 2252/2252
f 2166/2166 2252/2252 2251/2251
f 2167/2167 2168/2168 2253/2253
f 2167/2167 2253/2253 2252/2252
f 2168/2168 2169/2169 2254/2254
f 2168/2168 2254/2254 2253/2253
f 2169/2169 2170/2170 2255/2255
f 2169/2169 2255/2255 2254/2254
f 2170/2170 2171/2171 2256/2256
f 2170/2170 2256/2256 2255/2255
f 2171/2171 2172/2172 2257/2257
f 2171/2171 2257/2257 2256/2256
f 2172/2172 2173/2173 2258/2258
f 2172/2172 2258/2258 2257/2257
f 2173/2173 2174/2174 2259/2259
f 2173/2173 2259/2259 2258/2258
f 2174/2174 2175/2175 2260/2260
f 2174/2174 2260/2260 2259/2259
f 2175/2175 2176/2176 2261/2261
f 2175/2175 2261/2261 2260/2260
f 2176/2176 2177/2177 2262/2262
f 2176/2176 2262/2262 2261/2261
f 2177/2177 2178/2178 2263/2263
f 2177/2177 2263/2263 2262/2262
f 2178/2178 2179/2179 2264/2264
f 2178/2178 2264/2264 2263/2263
f 2179/2179 2180/2180 2265/2265
f 2179/2179 2265/2265 2264/2264
f 2180/2180 2181/2181 2266/2266
f 2180/2180 2266/2266 2265/2265
f 2181/2181 2182/2182 2267/2267
f 2181/2181 2267/2267 2266/2266
f 2182/2182 2183/2183 2268/2268
f 2182/2182 2268/2268 2267/2267
f 2183/2183 2184/2184 2269/2269
f 2183/2183 2269/2269 2268/2268
f 2184/2184 2185/2185 2270/2270
f 2184/2184 2270/2270 2269/2269
f 2185/2185 2186/2186 2271/2271
f 2185/2185 2271/2271 2270/2270
f 2186/2186 2187/2187 2272/2272
f 2186/2186 2272/2272 2271/2271
f 2187/2187 2188/2188 2273/2273
f 2187/2187 2273/2273 2272/2272
f 2188/2188 2189/2189 2274/2274
f 2188/2188 2274/2274 2273/2273
f 2189/2189 2190/2190 2275/2275
f 2189/2189 2275/2275 2274/2274
f 2190/2190 2191/2191 2276/2276
f 2190/2190 2276/2276 2275/2275
f 2191/2191 2192/2192 2277/2277
f 2191/2191 2277/2277 2276/2276
f 2192/2192 2193/2193 2278/2278
f 2192/2192 2278/2278 2277/2277
f 2193/2193 2194/2194 2279/2279
f 2193/2193 2279/2279 2278/2278
f 2194/2194 2195/2195 2280/2280
f 2194/2194 2280/2280 2279/2279
f 2195/2195 2196/2196 2281/2281
f 2195/2195 2281/2281 2280/2280
f 2196/2196 2197/2197 2282/2282
f 2196/2196 2282/2282 2281/2281
f 2197/2197 2198/2198 2283/2283
f 2197/2197 2283/2283 2282/2282
f 2198/2198 2199/2199 2284/2284
f 2198/2198 2284/2284 2283/2283
f 2199/2199 2200/2200 2285/2285
f 2199/2199 2285/2285 2284/2284
f 2200/2200 2201/2201 2286/2286
f 2200/2200 2286/2286 2285/2285
f 2201/2201 2202/2202 2287/2287
f 2201/2201 2287/2287 2286/2286
f 2202/2202 2203/2203 2288/2288
f 2202/2202 2288/2288 2287/2287
f 2203/2203 2204/2204 2289/2289
f 2203/2203 2289/2289 2288/2288
f 2204/2204 2205/2205 2290/2290
f 2204/2204 2290/2290 2289/2289
f 2205/2205 2206/2206 2291/2291
f 2205/2205 2291/2291 2290/2290
f 2206/2206 2207/2207 2292/2292
f 2206/2206 2292/2292 2291/2291
f 2207/2207 2208/2208 2293/2293
f 2207/2207 2293/2293 2292/2292
f 2209/2209 2210/2210 2297/2297
f 2209/2209 2297/2297 2296/2296
f 2210/2210 2211/2211 2298/2298
f 2210/2210 2298/2298 2297/2297
f 2211/2211 2212/2212 2299/2299
f 2211/2211 2299/2299 2298/2298
f 2212/2212 2213/2213 2300/2300
f 2212/2212 2300/2300 2299/2299
f 2213/2213 2214/2214 2301/2301
f 2213/2213 2301/2301 2300/2300
f 2214/2214 2215/2215 2302/2302
f 2214/2214 2302/2302 2301/2301
f 2215/2215 2216/2216 2303/2303
f 2215/2215 2303/2303 2302/2302
f 2216/2216 2217/2217 2304/2304
f 2216/2216 2304/2304 2303/2303
f 2217/2217 2218/2218 2305/2305
f 2217/2217 2305/2305 2304/2304
f 2218/2218 2219/2219 2306/2306
f 2218/2218 2306/2306 2305/2305
f 2219/2219 2220/2220 2307/2307
f 2219/2219 2307/2307 2306/2306
f 2220/2220 2221/2221 2308/2308
f 2220/2220 2308/2308 2307/2307
f 2221/2221 2222/2222 2309/2309
f 2221/2221 2309/2309 2308/2308
f 2222/2222 2223/2223 2310/2310
f 2222/2222 2310/2310 2309/2309
f 2223/2223 2224/2224 2311/2311
f 2223/2223 2311/2311 2310/2310
f 2224/2224 2225/2225 2312/2312
f 2224/2224 2312/2312 2311/2311
f 2225/2225 2226/2226 2313/2313
f 2225/2225 2313/2313 2312/2312
f 2226/2226 2227/2227 2314/2314
f 2226/2226 2314/2314 2313/2313
f 2227/2227 2228/2228 2315/2315
f 2227/2227 2315/2315 2314/2314
f 2228/2228 2229/2229 2316/2316
f 2228/2228 2316/2316 2315/2315
f 2229/2229 2230/2230 2317/2317
f 2229/2229 2317/2317 2316/2316
f 2230/2230 2231/2231 2318/2318
f 2230/2230 2318/2318 2317/2317
f 2231/2231 2232/2232 2319/2319
f 2231/2231 2319/2319 2318/2318
f 2232/2232 2233/2233 2320/2320
f 2232/2232 2320/2320 2319/2319
f 2233/2233 2234/2234 2321/2321
f 2233/2233 2321/2321 2320/2320
f 2234/2234 2235/2235 2322/2322
f 2234/2234 2322/2322 2321/2321
f 2235/2235 2236/2236 2323/2323
f 2235/2235 2323/2323 2322/2322
f 2236/2236 2237/2237 2324/2324
f 2236/2236 2324/2324 2323/2323
f 2237/2237 2238/2238 2325/2325
f 2237/2237 2325/2325 2324/2324
f 2238/2238 2239/2239 2326/2326
f 2238/2238 2326/2326 2325/2325
f 2239/2239 2240/2240 2327/2327
f 2239/2239 2327/2327 2326/2326
f 2240/2240 2241/2241 2328/2328
f 2240/2240 2328/2328 2327/2327
f 2241/2241 2242/2242 2329/2329
f 2241/2241 2329/2329 2328/2328
f 2242/2242 2243/2243 2330/2330
f 2242/2242 2330/2330 2329/2329
f 2243/2243 2244/2244 2331/2331
f 2243/2243 2331/2331 2330/2330
f 2244/2244 2245/2245 2332/2332
f 2244/2244 2332/2332 2331/2331
f 2245/2245 2246/2246 2333/2333
f 2245/2245 2333/2333 2332/2332
f 2246/2246 2247/2247 2334/2334
f 2246/2246 2334/2334 2333/2333
f 2247/2247 2248/2248 2335/2335
f 2247/2247 2335/2335 2334/2334
f 2248/2248 2249/2249 2336/2336
f 2248/2248 2336/2336 2335/2335
f 2249/2249 2250/2250 2337/2337
f 2249/2249 2337/2337 2336/2336
f 2250/2250 2251/2251 2338/2338
f 2250/2250 2338/2338 2337/2337
f 2251/2251 2252/2252 2339/2339
f 2251/2251 2339/2339 2338/2338
f 2252/2252 2253/2253 2340/2340
f 2252/2252 2340/2340 2339/2339
f 2253/2253 2254/2254 2341/2341
f 2253/2253 2341/2341 2340/2340
f 2254/2254 2255/2255 2342/2342
f 2254/2254 2342/2342 2341/2341
f 2255/2255 2256/2256 2343/2343
f 2255/2255 2343/2343 2342/2342
f 2256/2256 2257/2257 2344/2344
f 2256/2256 2344/2344 2343/2343
f 2257/2257 2258/2258 2345/2345
f 2257/2257 2345/2345 2344/2344
f 2258/2258 2259/2259 2346/2346
f 2258/2258 2346/2346 2345/2345
f 2259/2259 2260/2260 2347/2347
f 2259/2259 2347/2347 2346/2346
f 2260/2260 2261/2261 2348/2348
f 2260/2260 2348/2348 2347/2347
f 2261/2261 2262/2262 2349/2349
f 2261/2261 2349/2349 2348/2348
f 2262/2262 2263/2263 2350/2350
f 2262/2262 2350/2350 2349/2349
f 2263/2263 2264/2264 2351/2351
f 2263/2263 2351/2351 2350/2350
f 2264/2264 2265/2265 2352/2352
f 2264/2264 2352/2352 2351/2351
f 2265/2265 2266/2266 2353/2353
f 2265/2265 2353/2353 2352/2352
f 2266/2266 2267/2267 2354/2354
f 2266/2266 2354/2354 2353/2353
f 2267/2267 2268/2268 2355/2355
f 2267/2267 2355/2355 2354/2354
f 2268/2268 2269/2269 2356/2356
f 2268/2268 2356/2356 2355/2355
f 2269/2269 2270/2270 2357/2357
f 2269/2269 2357/2357 2356/2356
f 2270/2270 2271/2271 2358/2358
f 2270/2270 2358/2358 2357/2357
f 2271/2271 2272/2272 2359/2359
f 2271/2271 2359/2359 2358/2358
f 2272/2272 2273/2273 2360/2360
f 2272/2272 2360/2360 2359/2359
f 2273/2273 2274/2274 2361/2361
f 2273/2273 2361/2361 2360/2360
f 2274/2274 2275/2275 2362/2362
f 2274/2274 2362/2362 2361/2361
f 2275/2275 2276/2276 2363/2363
f 2275/2275 2363/2363 2362/2362
f 2276/2276 2277/2277 2364/2364
f 2276/2276 2364/2364 2363/2363
f 2277/2277 2278/2278 2365/2365
f 2277/2277 2365/2365 2364/2364
f 2278/2278 2279/2279 2366/2366
f 2278/2278 2366/2366 2365/2365
f 2279/2279 2280/2280 2367/2367
f 2279/2279 2367/2367 2366/2366
f 2280/2280 2281/2281 2368/2368
f 2280/2280 2368/2368 2367/2367
f 2281/2281 2282/2282 2369/2369
f 2281/2281 2369/2369 2368/2368
f 2282/2282 2283/2283 2370/2370
f 2282/2282 2370/2370 2369/2369
f 2283/2283 2284/2284 2371/2371
f 2283/2283 2371/2371 2370/2370
f 2284/2284 2285/2285 2372/2372
f 2284/2284 2372/2372 2371/2371
f 2285/2285 2286/2286 2373/2373
f 2285/2285 2373/2373 2372/2372
f 2286/2286 2287/2287 2374/2374
f 2286/2286 2374/2374 2373/2373
f 2287/2287 2288/2288 2375/2375
f 2287/2287 2375/2375 2374/2374
f 2288/2288 2289/2289 2376/2376
f 2288/2288 2376/2376 2375/2375
f 2289/2289 2290/2290 2377/2377
f 2289/2289 2377/2377 2376/2376
f 2290/2290 2291/2291 2378/2378
f 2290/2290 2378/2378 2377/2377
f 2291/2291 2292/2292 2379/2379
f 2291/2291 2379/2379 2378/2378
f 2292/2292 2293/2293 2380/2380
f 2292/2292 2380/2380 2379/2379
f 2293/2293 2294/2294 2381/2381
f 2293/2293 2381/2381 2380/2380
f 2295/2295 2296/2296 2383/2383
f 2295/2295 2383/2383 2382/2382
f 2296/2296 2297/2297 2384/2384
f 2296/2296 2384/2384 2383/2383
f 2297/2297 2298/2298 2385/2385
f 2297/2297 2385/2385 2384/2384
f 2298/2298 2299/2299 2386/2386
f 2298/2298 2386/2386 2385/2385
f 2299/2299 2300/2300 2387/2387
f 2299/2299 2387/2387 2386/2386
f 2300/2300 2301/2301 2388/2388
f 2300/2300 2388/2388 2387/2387
f 2301/2301 2302/2302 2389/2389
f 2301/2301 2389/2389 2388/2388
f 2302/2302 2303/2303 2390/2390
f 2302/2302 2390/2390 2389/2389
f 2303/2303 2304/2304 2391/2391
f 2303/2303 2391/2391 2390/2390
f 2304/2304 2305/2305 2392/2392
f 2304/2304 2392/2392 2391/2391
f 2305/2305 2306/2306 2393/2393
f 2305/2305 2393/2393 2392/2392
f 2306/2306 2307/2307 2394/2394
f 2306/2306 2394/2394 2393/2393
f 2307/2307 2308/2308 2395/2395
f 2307/2307 2395/2395 2394/2394
f 2308/2308 2309/2309 2396/2396
f 2308/2308 2396/2396 2395/2395
f 2309/2309 2310/2310 2397/2397
f 2309/2309 2397/2397 2396/2396
f 2310/2310 2311/2311 2398/2398
f 2310/2310 2398/2398 2397/2397
f 2311/2311 2312/2312 2399/2399
f 2311/2311 2399/2399 2398/2398
f 2312/2312 2313/2313 2400/2400
f 2312/2312 2400/2400 2399/2399
f 2313/2313 2314/2314 2401/2401
f 2313/2313 2401/2401 2400/2400
f 2314/2314 2315/2315 2402/2402
f 2314/2314 2402/2402 2401/2401
f 2315/2315 2316/2316 2403/2403
f 2315/2315 2403/2403 2402/2402
f 2316/2316 2317/2317 2404/2404
f 2316/2316 2404/2404 2403/2403
f 2317/2317 2318/2318 2405/2405
f 2317/2317 2405/2405 2404/2404
f 2318/2318 2319/2319 2406/2406
f 2318/2318 2406/2406 2405/2405
f 2319/2319 2320/2320 2407/2407
f 2319/2319 2407/2407 2406/2406
f 2320/2320 2321/2321 2408/2408
f 2320/2320 2408/2408 2407/2407
f 2321/2321 2322/2322 2409/2409
f 2321/2321 2409/2409 2408/2408
f 2322/2322 2323/2323 2410/2410
f 2322/2322 2410/2410 2409/2409
f 2323/2323 2324/2324 2411/2411
f 2323/2323 2411/2411 2410/2410
f 2324/2324 2325/2325 2412/2412
f 2324/2324 2412/2412 2411/2411
f 2325/2325 2326/2326 2413/2413
f 2325/2325 2413/2413 2412/2412
f 2326/2326 2327/2327 2414/2414
f 2326/2326 2414/2414 2413/2413
f 2327/2327 2328/2328 2415/2415
f 2327/2327 2415/2415 2414/2414
f 2328/2328 2329/2329 2416/2416
f 2328/2328 2416/2416 2415/2415
f 2329/2329 2330/2330 2417/2417
f 2329/2329 2417/2417 2416/2416
f 2330/2330 2331/2331 2418/2418
f 2330/2330 2418/2418 2417/2417
f 2331/2331 2332/2332 2419/2419
f 2331/2331 2419/2419 2418/2418
f 2332/2332 2333/2333 2420/2420
f 2332/2332 2420/2420 2419/2419
f 2333/2333 2334/2334 2421/2421
f 2333/2333 2421/2421 2420/2420
f 2334/2334 2335/2335 2422/2422
f 2334/2334 2422/2422 2421/2421
f 2335/2335 2336/2336 2423/2423
f 2335/2335 2423/2423 2422/2422
f 2336/2336 2337/2337 2424/2424
f 2336/2336 2424/2424 2423/2423
f 2337/2337 2338/2338 2425/2425
f 2337/2337 2425/2425 2424/2424
f 2338/2338 2339/2339 2426/2426
f 2338/2338 2426/2426 2425/2425
f 2339/2339 2340/2340 2427/2427
f 2339/2339 2427/2427 2426/2426
f 2340/2340 2341/2341 2428/2428
f 2340/2340 2428/2428 2427/2427
f 2341/2341 2342/2342 2429/2429
f 2341/2341 2429/2429 2428/2428
f 2342/2342 2343/2343 2430/2430
f 2342/2342 2430/2430 2429/2429
f 2343/2343 2344/2344 2431/2431
f 2343/2343 2431/2431 2430/2430
f 2344/2344 2345/2345 2432/2432
f 2344/2344 2432/2432 2431/2431
f 2345/2345 2346/2346 2433/2433
f 2345/2345 2433/2433 2432/2432
f 2346/2346 2347/2347 2434/2434
f 2346/2346 2434/2434 2433/2433
f 2347/2347 2348/2348 2435/2435
f 2347/2347 2435/2435 2434/2434
f 2348/2348 2349/2349 2436/2436
f 2348/2348 2436/2436 2435/2435
f 2349/2349 2350/2350 2437/2437
f 2349/2349 2437/2437 2436/2436
f 2350/2350 2351/2351 2438/2438
f 2350/2350 2438/2438 2437/2437
f 2351/2351 2352/2352 2439/2439
f 2351/2351 2439/2439 2438/2438
f 2352/2352 2353/2353 2440/2440
f 2352/2352 2440/2440 2439/2439
f 2353/2353 2354/2354 2441/2441
f 2353/2353 2441/2441 2440/2440
f 2354/2354 2355/2355 2442/2442
f 2354/2354 2442/2442 2441/2441
f 2355/2355 2356/2356 2443/2443
f 2355/2355 2443/2443 2442/2442
f 2356/2356 2357/2357 2444/2444
f 2356/2356 2444/2444 2443/2443
f 2357/2357 2358/2358 2445/2445
f 2357/2357 2445/2445 2444/2444
f 2358/2358 2359/2359 2446/2446
f 2358/2358 2446/2446 2445/2445
f 2359/2359 2360/2360 2447/2447
f 2359/2359 2447/2447 2446/2446
f 2360/2360 2361/2361 2448/2448
f 2360/2360 2448/2448 2447/2447
f 2361/2361 2362/2362 2449/2449
f 2361/2361 2449/2449 2448/2448
f 2362/2362 2363/2363 2450/2450
f 2362/2362 2450/2450 2449/2449
f 2363/2363 2364/2364 2451/2451
f 2363/2363 2451/2451 2450/2450
f 2364/2364 2365/2365 2452/2452
f 2364/2364 2452/2452 2451/2451
f 2365/2365 2366/2366 2453/2453
f 2365/2365 2453/2453 2452/2452
f 2366/2366 2367/2367 2454/2454
f 2366/2366 2454/2454 2453/2453
f 2367/2367 2368/2368 2455/2455
f 2367/2367 2455/2455 2454/2454
f 2368/2368 2369/2369 2456/2456
f 2368/2368 2456/2456 2455/2455
f 2369/2369 2370/2370 2457/2457
f 2369/2369 2457/2457 2456/2456
f 2370/2370 2371/2371 2458/2458
f 2370/2370 2458/2458 2457/2457
f 2371/2371 2372/2372 2459/2459
f 2371/2371 2459/2459 2458/2458
f 2372/2372 2373/2373 2460/2460
f 2372/2372 2460/2460 2459/2459
f 2373/2373 2374/2374 2461/2461
f 2373/2373 2461/2461 2460/2460
f 2374/2374 2375/2375 2462/2462
f 2374/2374 2462/2462 2461/2461
f 2375/2375 2376/2376 2463/2463
f 2375/2375 2463/2463 2462/2462
f 2376/2376 2377/2377 2464/2464
f 2376/2376 2464/2464 2463/2463
f 2377/2377 2378/2378 2465/2465
f 2377/2377 2465/2465 2464/2464
f 2378/2378 2379/2379 2466/2466
f 2378/2378 2466/2466 2465/2465
f 2379/2379 2380/2380 2467/2467
f 2379/2379 2467/2467 2466/2466
f 2380/2380 2381/2381 2468/2468
f 2380/2380 2468/2468 2467/2467
f 2382/2382 2383/2383 2470/2470
f 2382/2382 2470/2470 2469/2469
f 2383/2383 2384/2384 2471/2471
f 2383/2383 2471/2471 2470/2470
f 2384/2384 2385/2385 2472/2472
f 2384/2384 2472/2472 2471/2471
f 2385/2385 2386/2386 2473/2473
f 2385/2385 2473/2473 2472/2472
f 2386/2386 2387/2387 2474/2474
f 2386/2386 2474/2474 2473/2473
f 2387/2387 2388/2388 2475/2475
f 2387/2387 2475/2475 2474/2474
f 2388/2388 2389/2389 2476/2476
f 2388/2388 2476/2476 2475/2475
f 2389/2389 2390/2390 2477/2477
f 2389/2389 2477/2477 2476/2476
f 2390/2390 2391/2391 2478/2478
f 2390/2390 2478/2478 2477/2477
f 2391/2391 2392/2392 2479/2479
f 2391/2391 2479/2479 2478/2478
f 2392/2392 2393/2393 2480/2480
f 2392/2392 2480/2480 2479/2479
f 2393/2393 2394/2394 2481/2481
f 2393/2393 2481/2481 2480/2480
f 2394/2394 2395/2395 2482/2482
f 2394/2394 2482/2482 2481/2481
f 2395/2395 2396/2396 2483/2483
f 2395/2395 2483/2483 2482/2482
f 2396/2396 2397/2397 2484/2484
f 2396/2396 2484/2484 2483/2483
f 2397/2397 2398/2398 2485/2485
f 2397/2397 2485/2485 2484/2484
f 2398/2398 2399/2399 2486/2486
f 2398/2398 2486/2486 2485/2485
f 2399/2399 2400/2400 2487/2487
f 2399/2399 2487/2487 2486/2486
f 2400/2400 2401/2401 2488/2488
f 2400/2400 2488/2488 2487/2487
f 2401/2401 2402/2402 2489/2489
f 2401/2401 2489/2489 2488/2488
f 2402/2402 2403/2403 2490/2490
f 2402/2402 2490/2490 2489/2489
f 2403/2403 2404/2404 2491/2491
f 2403/2403 2491/2491 2490/2490
f 2404/2404 2405/2405 2492/2492
f 2404/2404 2492/2492 2491/2491
f 2405/2405 2406/2406 2493/2493
f 2405/2405 2493/2493 2492/2492
f 2406/2406 2407/2407 2494/2494
f 2406/2406 2494/2494 2493/2493
f 2407/2407 2408/2408 2495/2495
f 2407/2407 2495/2495 2494/2494
f 2408/2408 2409/2409 2496/2496
f 2408/2408 2496/2496 2495/2495
f 2409/2409 2410/2410 2497/2497
f 2409/2409 2497/2497 2496/2496
f 2410/2410 2411/2411 2498/2498
f 2410/2410 2498/2498 2497/2497
f 2411/2411 2412/2412 2499/2499
f 2411/2411 2499/2499 2498/2498
f 2412/2412 2413/2413 2500/2500
f 2412/2412 2500/2500 2499/2499
f 2413/2413 2414/2414 2501/2501
f 2413/2413 2501/2501 2500/2500
f 2414/2414 2415/2415 2502/2502
f 2414/2414 2502/2502 2501/2501
f 2415/2415 2416/2416 2503/2503
f 2415/2415 2503/2503 2502/2502
f 2416/2416 2417/2417 2504/2504
f 2416/2416 2504/2504 2503/2503
f 2417/2417 2418/2418 2505/2505
f 2417/2417 2505/2505 2504/2504
f 2418/2418 2419/2419 2506/2506
f 2418/2418 2506/2506 2505/2505
f 2419/2419 2420/2420 2507/2507
f 2419/2419 2507/2507 2506/2506
f 2420/2420 2421/2421 2508/2508
f 2420/2420 2508/2508 2507/2507
f 2421/2421 2422/2422 2509/2509
f 2421/2421 2509/2509 2508/2508
f 2422/2422 2423/2423 2510/2510
f 2422/2422 2510/2510 2509/2509
f 2423/2423 2424/2424 2511/2511
f 2423/2423 2511/2511 2510/2510
f 2424/2424 2425/2425 2512/2512
f 2424/2424 2512/2512 2511/2511
f 2425/2425 2426/2426 2513/2513
f 2425/2425 2513/2513 2512/2512
f 2426/2426 2427/2427 2514/2514
f 2426/2426 2514/2514 2513/2513
f 2427/2427 2428/2428 2515/2515
f 2427/2427 2515/2515 2514/2514
f 2428/2428 2429/2429 2516/2516
f 2428/2428 2516/2516 2515/2515
f 2429/2429 2430/2430 2517/2517
f 2429/2429 2517/2517 2516/2516
f 2430/2430 2431/2431 2518/2518
f 2430/2430 2518/2518 2517/2517
f 2431/2431 2432/2432 2519/2519
f 2431/2431 2519/2519 2518/2518
f 2432/2432 2433/2433 2520/2520
f 2432/2432 2520/2520 2519/2519
f 2433/2433 2434/2434 2521/2521
f 2433/2433 2521/2521 2520/2520
f 2434/2434 2435/2435 2522/2522
f 2434/2434 2522/2522 2521/2521
f 2435/2435 2436/2436 2523/2523
f 2435/2435 2523/2523 2522/2522
f 2436/2436 2437/2437 2524/2524
f 2436/2436 2524/2524 2523/2523
f 2437/2437 2438/2438 2525/2525
f 2437/2437 2525/2525 2524/2524
f 2438/2438 2439/2439 2526/2526
f 2438/2438 2526/2526 2525/2525
f 2439/2439 2440/2440 2527/2527
f 2439/2439 2527/2527 2526/2526
f 2440/2440 2441/2441 2528/2528
f 2440/2440 2528/2528 2527/2527
f 2441/2441 2442/2442 2529/2529
f 2441/2441 2529/2529 2528/2528
f 2442/2442 2443/2443 2530/2530
f 2442/2442 2530/2530 2529/2529
f 2443/2443 2444/2444 2531/2531
f 2443/2443 2531/2531 2530/2530
f 2444/2444 2445/2445 2532/2532
f 2444/2444 2532/2532 2531/2531
f 2445/2445 2446/2446 2533/2533
f 2445/2445 2533/2533 2532/2532
f 2446/2446 2447/2447 2534/2534
f 2446/2446 2534/2534 2533/2533
f 2447/2447 2448/2448 2535/2535
f 2447/2447 2535/2535 2534/2534
f 2448/2448 2449/2449 2536/2536
f 2448/2448 2536/2536 2535/2535
f 2449/2449 2450/2450 2537/2537
f 2449/2449 2537/2537 2536/2536
f 2450/2450 2451/2451 2538/2538
f 2450/2450 2538/2538 2537/2537
f 2451/2451 2452/2452 2539/2539
f 2451/2451 2539/2539 2538/2538
f 2452/2452 2453/2453 2540/2540
f 2452/2452 2540/2540 2539/2539
f 2453/2453 2454/2454 2541/2541
f 2453/2453 2541/2541 2540/2540
f 2454/2454 2455/2455 2542/2542
f 2454/2454 2542/2542 2541/2541
f 2455/2455 2456/2456 2543/2543
f 2455/2455 2543/2543 2542/2542
f 2456/2456 2457/2457 2544/2544
f 2456/2456 2544/2544 2543/2543
f 2457/2457 2458/2458 2545/2545
f 2457/2457 2545/2545 2544/2544
f 2458/2458 2459/2459 2546/2546
f 2458/2458 2546/2546 2545/2545
f 2459/2459 2460/2460 2547/2547
f 2459/2459 2547/2547 2546/2546
f 2460/2460 2461/2461 2548/2548
f 2460/2460 2548/2548 2547/2547
f 2461/2461 2462/2462 2549/2549
f 2461/2461 2549/2549 2548/2548
f 2462/2462 2463/2463 2550/2550
f 2462/2462 2550/2550 2549/2549
f 2463/2463 2464/2464 2551/2551
f 2463/2463 2551/2551 2550/2550
f 2464/2464 2465/2465 2552/2552
f 2464/2464 2552/2552 2551/2551
f 2465/2465 2466/2466 2553/2553
f 2465/2465 2553/2553 2552/2552
f 2466/2466 2467/2467 2554/2554
f 2466/2466 2554/2554 2553/2553
f 2467/2467 2468/2468 2555/2555
f 2467/2467 2555/2555 2554/2554
f 2469/2469 2470/2470 2559/2559
f 2469/2469 2559/2559 2558/2558
f 2470/2470 2471/2471 2560/2560
f 2470/2470 2560/2560 2559/2559
f 2471/2471 2472/2472 2561/2561
f 2471/2471 2561/2561 2560/2560
f 2472/2472 2473/2473 2562/2562
f 2472/2472 2562/2562 2561/2561
f 2473/2473 2474/2474 2563/2563
f 2473/2473 2563/2563 2562/2562
f 2474/2474 2475/2475 2564/2564
f 2474/2474 2564/2564 2563/2563
f 2475/2475 2476/2476 2565/2565
f 2475/2475 2565/2565 2564/2564
f 2476/2476 2477/2477 2566/2566
f 2476/2476 2566/2566 2565/2565
f 2477/2477 2478/2478 2567/2567
f 2477/2477 2567/2567 2566/2566
f 2478/2478 2479/2479 2568/2568
f 2478/2478 2568/2568 2567/2567
f 2479/2479 2480/2480 2569/2569
f 2479/2479 2569/2569 2568/2568
f 2480/2480 2481/2481 2570/2570
f 2480/2480 2570/2570 2569/2569
f 2481/2481 2482/2482 2571/2571
f 2481/2481 2571/2571 2570/2570
f 2482/2482 2483/2483 2572/2572
f 2482/2482 2572/2572 2571/2571
f 2483/2483 2484/2484 2573/2573
f 2483/2483 2573/2573 2572/2572
f 2484/2484 2485/2485 2574/2574
f 2484/2484 2574/2574 2573/2573
f 2485/2485 2486/2486 2575/2575
f 2485/2485 2575/2575 2574/2574
f 2486/2486 2487/2487 2576/2576
f 2486/2486 2576/2576 2575/2575
f 2487/2487 2488/2488 2577/2577
f 2487/2487 2577/2577 2576/2576
f 2488/2488 2489/2489 2578/2578
f 2488/2488 2578/2578 2577/2577
f 2489/2489 2490/2490 2579/2579
f 2489/2489 2579/2579 2578/2578
f 2490/2490 2491/2491 2580/2580
f 2490/2490 2580/2580 2579/2579
f 2491/2491 2492/2492 2581/2581
f 2491/2491 2581/2581 2580/2580
f 2492/2492 2493/2493 2582/2582
f 2492/2492 2582/2582 2581/2581
f 2493/2493 2494/2494 2583/2583
f 2493/2493 2583/2583 2582/2582
f 2494/2494 2495/2495 2584/2584
f 2494/2494 2584/2584 2583/2583
f 2495/2495 2496/2496 2585/2585
f 2495/2495 2585/2585 2584/2584
f 2496/2496 2497/2497 2586/2586
f 2496/2496 2586/2586 2585/2585
f 2497/2497 2498/2498 2587/2587
f 2497/2497 2587/2587 2586/2586
f 2498/2498 2499/2499 2588/2588
f 2498/2498 2588/2588 2587/2587
f 2499/2499 2500/2500 2589/2589
f 2499/2499 2589/2589 2588/2588
f 2500/2500 2501/2501 2590/2590
f 2500/2500 2590/2590 2589/2589
f 2501/2501 2502/2502 2591/2591
f 2501/2501 2591/2591 2590/2590
f 2502/2502 2503/2503 2592/2592
f 2502/2502 2592/2592 2591/2591
f 2503/2503 2504/2504 2593/2593
f 2503/2503 2593/2593 2592/2592
f 2504/2504 2505/2505 2594/2594
f 2504/2504 2594/2594 2593/2593
f 2505/2505 2506/2506 2595/2595
f 2505/2505 2595/2595 2594/2594
f 2506/2506 2507/2507 2596/2596
f 2506/2506 2596/2596 2595/2595
f 2507/2507 2508/2508 2597/2597
f 2507/2507 2597/2597 2596/2596
f 2508/2508 2509/2509 2598/2598
f 2508/2508 2598/2598 2597/2597
f 2509/2509 2510/2510 2599/2599
f 2509/2509 2599/2599 2598/2598
f 2510/2510 2511/2511 2600/2600
f 2510/2510 2600/2600 2599/2599
f 2511/2511 2512/2512 2601/2601
f 2511/2511 2601/2601 2600/2600
f 2512/2512 2513/2513 2602/2602
f 2512/2512 2602/2602 2601/2601
f 2513/2513 2514/2514 2603/2603
f 2513/2513 2603/2603 2602/2602
f 2514/2514 2515/2515 2604/2604
f 2514/2514 2604/2604 2603/2603
f 2515/2515 2516/2516 2605/2605
f 2515/2515 2605/2605 2604/2604
f 2516/2516 2517/2517 2606/2606
f 2516/2516 2606/2606 2605/2605
f 2517/2517 2518/2518 2607/2607
f 2517/2517 2607/2607 2606/2606
f 2518/2518 2519/2519 2608/2608
f 2518/2518 2608/2608 2607/2607
f 2519/2519 2520/2520 2609/2609
f 2519/2519 2609/2609 2608/2608
f 2520/2520 2521/2521 2610/2610
f 2520/2520 2610/2610 2609/2609
f 2521/2521 2522/2522 2611/2611
f 2521/2521 2611/2611 2610/2610
f 2522/2522 2523/2523 2612/2612
f 2522/2522 2612/2612 2611/2611
f 2523/2523 2524/2524 2613/2613
f 2523/2523 2613/2613 2612/2612
f 2524/2524 2525/2525 2614/2614
f 2524/2524 2614/2614 2613/2613
f 2525/2525 2526/2526 2615/2615
f 2525/2525 2615/2615 2614/2614
f 2526/2526 2527/2527 2616/2616
f 2526/2526 2616/2616 2615/2615
f 2527/2527 2528/2528 2617/2617
f 2527/2527 2617/2617 2616/2616
f 2528/2528 2529/2529 2618/2618
f 2528/2528 2618/2618 2617/2617
f 2529/2529 2530/2530 2619/2619
f 2529/2529 2619/2619 2618/2618
f 2530/2530 2531/2531 2620/2620
f 2530/2530 2620/2620 2619/2619
f 2531/2531 2532/2532 2621/2621
f 2531/2531 2621/2621 2620/2620
f 2532/2532 2533/2533 2622/2622
f 2532/2532 2622/2622 2621/2621
f 2533/2533 2534/2534 2623/2623
f 2533/2533 2623/2623 2622/2622
f 2534/2534 2535/2535 2624/2624
f 2534/2534 2624/2624 2623/2623
f 2535/2535 2536/2536 2625/2625
f 2535/2535 2625/2625 2624/2624
f 2536/2536 2537/2537 2626/2626
f 2536/2536 2626/2626 2625/2625
f 2537/2537 2538/2538 2627/2627
f 2537/2537 2627/2627 2626/2626
f 2538/2538 2539/2539 2628/2628
f 2538/2538 2628/2628 2627/2627
f 2539/2539 2540/2540 2629/2629
f 2539/2539 2629/2629 2628/2628
f 2540/2540 2541/2541 2630/2630
f 2540/2540 2630/2630 2629/2629
f 2541/2541 2542/2542 2631/2631
f 2541/2541 2631/2631 2630/2630
f 2542/2542 2543/2543 2632/2632
f 2542/2542 2632/2632 2631/2631
f 2543/2543 2544/2544 2633/2633
f 2543/2543 2633/2633 2632/2632
f 2544/2544 2545/2545 2634/2634
f 2544/2544 2634/2634 2633/2633
f 2545/2545 2546/2546 2635/2635
f 2545/2545 2635/2635 2634/2634
f 2546/2546 2547/2547 2636/2636
f 2546/2546 2636/2636 2635/2635
f 2547/2547 2548/2548 2637/2637
f 2547/2547 2637/2637 2636/2636
f 2548/2548 2549/2549 2638/2638
f 2548/2548 2638/2638 2637/2637
f 2549/2549 2550/2550 2639/2639
f 2549/2549 2639/2639 2638/2638
f 2550/2550 2551/2551 2640/2640
f 2550/2550 2640/2640 2639/2639
f 2551/2551 2552/2552 2641/2641
f 2551/2551 2641/2641 2640/2640
f 2552/2552 2553/2553 2642/2642
f 2552/2552 2642/2642 2641/2641
f 2553/2553 2554/2554 2643/2643
f 2553/2553 2643/2643 2642/2642
f 2554/2554 2555/2555 2644/2644
f 2554/2554 2644/2644 2643/2643
f 2555/2555 2556/2556 2645/2645
f 2555/2555 2645/2645 2644/2644
f 2557/2557 2558/2558 2647/2647
f 2557/2557 2647/2647 2646/2646
f 2558/2558 2559/2559 2648/2648
f 2558/2558 2648/2648 2647/2647
f 2559/2559 2560/2560 2649/2649
f 2559/2559 2649/2649 2648/2648
f 2560/2560 2561/2561 2650/2650
f 2560/2560 2650/2650 2649/2649
f 2561/2561 2562/2562 2651/2651
f 2561/2561 2651/2651 2650/2650
f 2562/2562 2563/2563 2652/2652
f 2562/2562 2652/2652 2651/2651
f 2563/2563 2564/2564 2653/2653
f 2563/2563 2653/2653 2652/2652
f 2564/2564 2565/2565 2654/2654
f 2564/2564 2654/2654 2653/2653
f 2565/2565 2566/2566 2655/2655
f 2565/2565 2655/2655 2654/2654
f 2566/2566 2567/2567 2656/2656
f 2566/2566 2656/2656 2655/2655
f 2567/2567 2568/2568 2657/2657
f 2567/2567 2657/2657 2656/2656
f 2568/2568 2569/2569 2658/2658
f 2568/2568 2658/2658 2657/2657
f 2569/2569 2570/2570 2659/2659
f 2569/2569 2659/2659 2658/2658
f 2570/2570 2571/2571 2660/2660
f 2570/2570 2660/2660 2659/2659
f 2571/2571 2572/2572 2661/2661
f 2571/2571 2661/2661 2660/2660
f 2572/2572 2573/2573 2662/2662
f 2572/2572 2662/2662 2661/2661
f 2573/2573 2574/2574 2663/2663
f 2573/2573 2663/2663 2662/2662
f 2574/2574 2575/2575 2664/2664
f 2574/2574 2664/2664 2663/2663
f 2575/2575 2576/2576 2665/2665
f 2575/2575 2665/2665 2664/2664
f 2576/2576 2577/2577 2666/2666
f 2576/2576 2666/2666 2665/2665
f 2577/2577 2578/2578 2667/2667
f 2577/2577 2667/2667 2666/2666
f 2578/2578 2579/2579 2668/2668
f 2578/2578 2668/2668 2667/2667
f 2579/2579 2580/2580 2669/2669
f 2579/2579 2669/2669 2668/2668
f 2580/2580 2581/2581 2670/2670
f 2580/2580 2670/2670 2669/2669
f 2581/2581 2582/2582 2671/2671
f 2581/2581 2671/2671 2670/2670
f 2582/2582 2583/2583 2672/2672
f 2582/2582 2672/2672 2671/2671
f 2583/2583 2584/2584 2673/2673
f 2583/2583 2673/2673 2672/2672
f 2584/2584 2585/2585 2674/2674
f 2584/2584 2674/2674 2673/2673
f 2585/2585 2586/2586 2675/2675
f 2585/2585 2675/2675 2674/2674
f 2586/2586 2587/2587 2676/2676
f 2586/2586 2676/2676 2675/2675
f 2587/2587 2588/2588 2677/2677
f 2587/2587 2677/2677 2676/2676
f 2588/2588 2589/2589 2678/2678
f 2588/2588 2678/2678 2677/2677
f 2589/2589 2590/2590 2679/2679
f 2589/2589 2679/2679 2678/2678
f 2590/2590 2591/2591 2680/2680
f 2590/2590 2680/2680 2679/2679
f 2591/2591 2592/2592 2681/2681
f 2591/2591 2681/2681 2680/2680
f 2592/2592 2593/2593 2682/2682
f 2592/2592 2682/2682 2681/2681
f 2593/2593 2594/2594 2683/2683
f 2593/2593 2683/2683 2682/2682
f 2594/2594 2595/2595 2684/2684
f 2594/2594 2684/2684 2683/2683
f 2595/2595 2596/2596 2685/2685
f 2595/2595 2685/2685 2684/2684
f 2596/2596 2597/2597 2686/2686
f 2596/2596 2686/2686 2685/2685
f 2597/2597 2598/2598 2687/2687
f 2597/2597 2687/2687 2686/2686
f 2598/2598 2599/2599 2688/2688
f 2598/2598 2688/2688 2687/2687
f 2599/2599 2600/2600 2689/2689
f 2599/2599 2689/2689 2688/2688
f 2600/2600 2601/2601 2690/2690
f 2600/2600 2690/2690 2689/2689
f 2601/2601 2602/2602 2691/2691
f 2601/2601 2691/2691 2690/2690
f 2602/2602 2603/2603 2692/2692
f 2602/2602 2692/2692 2691/2691
f 2603/2603 2604/2604 2693/2693
f 2603/2603 2693/2693 2692/2692
f 2604/2604 2605/2605 2694/2694
f 2604/2604 2694/2694 2693/2693
f 2605/2605 2606/2606 2695/2695
f 2605/2605 2695/2695 2694/2694
f 2606/2606 2607/2607 2696/2696
f 2606/2606 2696/2696 2695/2695
f 2607/2607 2608/2608 2697/2697
f 2607/2607 2697/2697 2696/2696
f 2608/2608 2609/2609 2698/2698
f 2608/2608 2698/2698 2697/2697
f 2609/2609 2610/2610 2699/2699
f 2609/2609 2699/2699 2698/2698
f 2610/2610 2611/2611 2700/2700
f 2610/2610 2700/2700 2699/2699
f 2611/2611 2612/2612 2701/2701
f 2611/2611 2701/2701 2700/2700
f 2612/2612 2613/2613 2702/2702
f 2612/2612 2702/2702 2701/2701
f 2613/2613 2614/2614 2703/2703
f 2613/2613 2703/2703 2702/2702
f 2614/2614 2615/2615 2704/2704
f 2614/2614 2704/2704 2703/2703
f 2615/2615 2616/2616 2705/2705
f 2615/2615 2705/2705 2704/2704
f 2616/2616 2617/2617 2706/2706
f 2616/2616 2706/2706 2705/2705
f 2617/2617 2618/2618 2707/2707
f 2617/2617 2707/2707 2706/2706
f 2618/2618 2619/2619 2708/2708
f 2618/2618 2708/2708 2707/2707
f 2619/2619 2620/2620 2709/2709
f 2619/2619 2709/2709 2708/2708
f 2620/2620 2621/2621 2710/2710
f 2620/2620 2710/2710 2709/2709
f 2621/2621 2622/2622 2711/2711
f 2621/2621 2711/2711 2710/2710
f 2622/2622 2623/2623 2712/2712
f 2622/2622 2712/2712 2711/2711
f 2623/2623 2624/2624 2713/2713
f 2623/2623 2713/2713 2712/2712
f 2624/2624 2625/2625 2714/2714
f 2624/2624 2714/2714 2713/2713
f 2625/2625 2626/2626 2715/2715
f 2625/2625 2715/2715 2714/2714
f 2626/2626 2627/2627 2716/2716
f 2626/2626 2716/2716 2715/2715
f 2627/2627 2628/2628 2717/2717
f 2627/2627 2717/2717 2716/2716
f 2628/2628 2629/2629 2718/2718
f 2628/2628 2718/2718 2717/2717
f 2629/2629 2630/2630 2719/2719
f 2629/2629 2719/2719 2718/2718
f 2630/2630 2631/2631 2720/2720
f 2630/2630 2720/2720 2719/2719
f 2631/2631 2632/2632 2721/2721
f 2631/2631 2721/2721 2720/2720
f 2632/2632 2633/2633 2722/2722
f 2632/2632 2722/2722 2721/2721
f 2633/2633 2634/2634 2723/2723
f 2633/2633 2723/2723 2722/2722
f 2634/2634 2635/2635 2724/2724
f 2634/2634 2724/2724 2723/2723
f 2635/2635 2636/2636 2725/2725
f 2635/2635 2725/2725 2724/2724
f 2636/2636 2637/2637 2726/2726
f 2636/2636 2726/2726 2725/2725
f 2637/2637 2638/2638 2727/2727
f 2637/2637 2727/2727 2726/2726
f 2638/2638 2639/2639 2728/2728
f 2638/2638 2728/2728 2727/2727
f 2639/2639 2640/2640 2729/2729
f 2639/2639 2729/2729 2728/2728
f 2640/2640 2641/2641 2730/2730
f 2640/2640 2730/2730 2729/2729
f 2641/2641 2642/2642 2731/2731
f 2641/2641 2731/2731 2730/2730
f 2642/2642 2643/2643 2732/2732
f 2642/2642 2732/2732 2731/2731
f 2643/2643 2644/2644 2733/2733
f 2643/2643 2733/2733 2732/2732
f 2644/2644 2645/2645 2734/2734
f 2644/2644 2734/2734 2733/2733
f 2646/2646 2647/2647 2737/2737
f 2646/2646 2737/2737 2736/2736
f 2647/2647 2648/2648 2738/2738
f 2647/2647 2738/2738 2737/2737
f 2648/2648 2649/2649 2739/2739
f 2648/2648 2739/2739 2738/2738
f 2649/2649 2650/2650 2740/2740
f 2649/2649 2740/2740 2739/2739
f 2650/2650 2651/2651 2741/2741
f 2650/2650 2741/2741 2740/2740
f 2651/2651 2652/2652 2742/2742
f 2651/2651 2742/2742 2741/2741
f 2652/2652 2653/2653 2743/2743
f 2652/2652 2743/2743 2742/2742
f 2653/2653 2654/2654 2744/2744
f 2653/2653 2744/2744 2743/2743
f 2654/2654 2655/2655 2745/2745
f 2654/2654 2745/2745 2744/2744
f 2655/2655 2656/2656 2746/2746
f 2655/2655 2746/2746 2745/2745
f 2656/2656 2657/2657 2747/2747
f 2656/2656 2747/2747 2746/2746
f 2657/2657 2658/2658 2748/2748
f 2657/2657 2748/2748 2747/2747
f 2658/2658 2659/2659 2749/2749
f 2658/2658 2749/2749 2748/2748
f 2659/2659 2660/2660 2750/2750
f 2659/2659 2750/2750 2749/2749
f 2660/2660 2661/2661 2751/2751
f 2660/2660 2751/2751 2750/2750
f 2661/2661 2662/2662 2752/2752
f 2661/2661 2752/2752 2751/2751
f 2662/2662 2663/2663 2753/2753
f 2662/2662 2753/2753 2752/2752
f 2663/2663 2664/2664 2754/2754
f 2663/2663 2754/2754 2753/2753
f 2664/2664 2665/2665 2755/2755
f 2664/2664 2755/2755 2754/2754
f 2665/2665 2666/2666 2756/2756
f 2665/2665 2756/2756 2755/2755
f 2666/2666 2667/2667 2757/2757
f 2666/2666 2757/2757 2756/2756
f 2667/2667 2668/2668 2758/2758
f 2667/2667 2758/2758 2757/2757
f 2668/2668 2669/2669 2759/2759
f 2668/2668 2759/2759 2758/2758
f 2669/2669 2670/2670 2760/2760
f 2669/2669 2760/2760 2759/2759
f 2670/2670 2671/2671 2761/2761
f 2670/2670 2761/2761 2760/2760
f 2671/2671 2672/2672 2762/2762
f 2671/2671 2762/2762 2761/2761
f 2672/2672 2673/2673 2763/2763
f 2672/2672 2763/2763 2762/2762
f 2673/2673 2674/2674 2764/2764
f 2673/2673 2764/2764 2763/2763
f 2674/2674 2675/2675 2765/2765
f 2674/2674 2765/2765 2764/2764
f 2675/2675 2676/2676 2766/2766
f 2675/2675 2766/2766 2765/2765
f 2676/2676 2677/2677 2767/2767
f 2676/2676 2767/2767 2766/2766
f 2677/2677 2678/2678 2768/2768
f 2677/2677 2768/2768 2767/2767
f 2678/2678 2679/2679 2769/2769
f 2678/2678 2769/2769 2768/2768
f 2679/2679 2680/2680 2770/2770
f 2679/2679 2770/2770 2769/2769
f 2680/2680 2681/2681 2771/2771
f 2680/2680 2771/2771 2770/2770
f 2681/2681 2682/2682 2772/2772
f 2681/2681 2772/2772 2771/2771
f 2682/2682 2683/2683 2773/2773
f 2682/2682 2773/2773 2772/2772
f 2683/2683 2684/2684 2774/2774
f 2683/2683 2774/2774 2773/2773
f 2684/2684 2685/2685 2775/2775
f 2684/2684 2775/2775 2774/2774
f 2685/2685 2686/2686 2776/2776
f 2685/2685 2776/2776 2775/2775
f 2686/2686 2687/2687 2777/2777
f 2686/2686 2777/2777 2776/2776
f 2687/2687 2688/2688 2778/2778
f 2687/2687 2778/2778 2777/2777
f 2688/2688 2689/2689 2779/2779
f 2688/2688 2779/2779 2778/2778
f 2689/2689 2690/2690 2780/2780
f 2689/2689 2780/2780 2779/2779
f 2690/2690 2691/2691 2781/2781
f 2690/2690 2781/2781 2780/2780
f 2691/2691 2692/2692 2782/2782
f 2691/2691 2782/2782 2781/2781
f 2692/2692 2693/2693 2783/2783
f 2692/2692 2783/2783 2782/2782
f 2693/2693 2694/2694 2784/2784
f 2693/2693 2784/2784 2783/2783
f 2694/2694 2695/2695 2785/2785
f 2694/2694 2785/2785 2784/2784
f 2695/2695 2696/2696 2786/2786
f 2695/2695 2786/2786 2785/2785
f 2696/2696 2697/2697 2787/2787
f 2696/2696 2787/2787 2786/2786
f 2697/2697 2698/2698 2788/2788
f 2697/2697 2788/2788 2787/2787
f 2698/2698 2699/2699 2789/2789
f 2698/2698 2789/2789 2788/2788
f 2699/2699 2700/2700 2790/2790
f 2699/2699 2790/2790 2789/2789
f 2700/2700 2701/2701 2791/2791
f 2700/2700 2791/2791 2790/2790
f 2701/2701 2702/2702 2792/2792
f 2701/2701 2792/2792 2791/2791
f 2702/2702 2703/2703 2793/2793
f 2702/2702 2793/2793 2792/2792
f 2703/2703 2704/2704 2794/2794
f 2703/2703 2794/2794 2793/2793
f 2704/2704 2705/2705 2795/2795
f 2704/2704 2795/2795 2794/2794
f 2705/2705 2706/2706 2796/2796
f 2705/2705 2796/2796 2795/2795
f 2706/2706 2707/2707 2797/2797
f 2706/2706 2797/2797 2796/2796
f 2707/2707 2708/2708 2798/2798
f 2707/2707 2798/2798 2797/2797
f 2708/2708 2709/2709 2799/2799
f 2708/2708 2799/2799 2798/2798
f 2709/2709 2710/2710 2800/2800
f 2709/2709 2800/2800 2799/2799
f 2710/2710 2711/2711 2801/2801
f 2710/2710 2801/2801 2800/2800
f 2711/2711 2712/2712 2802/2802
f 2711/2711 2802/2802 2801/2801
f 2712/2712 2713/2713 2803/2803
f 2712/2712 2803/2803 2802/2802
f 2713/2713 2714/2714 2804/2804
f 2713/2713 2804/2804 2803/2803
f 2714/2714 2715/2715 2805/2805
f 2714/2714 2805/2805 2804/2804
f 2715/2715 2716/2716 2806/2806
f 2715/2715 2806/2806 2805/2805
f 2716/2716 2717/2717 2807/2807
f 2716/2716 2807/2807 2806/2806
f 2717/2717 2718/2718 2808/2808
f 2717/2717 2808/2808 2807/2807
f 2718/2718 2719/2719 2809/2809
f 2718/2718 2809/2809 2808/2808
f 2719/2719 2720/2720 2810/2810
f 2719/2719 2810/2810 2809/2809
f 2720/2720 2721/2721 2811/2811
f 2720/2720 2811/2811 2810/2810
f 2721/2721 2722/2722 2812/2812
f 2721/2721 2812/2812 2811/2811
f 2722/2722 2723/2723 2813/2813
f 2722/2722 2813/2813 2812/2812
f 2723/2723 2724/2724 2814/2814
f 2723/2723 2814/2814 2813/2813
f 2724/2724 2725/2725 2815/2815
f 2724/2724 2815/2815 2814/2814
f 2725/2725 2726/2726 2816/2816
f 2725/2725 2816/2816 2815/2815
f 2726/2726 2727/2727 2817/2817
f 2726/2726 2817/2817 2816/2816
f 2727/2727 2728/2728 2818/2818
f 2727/2727 2818/2818 2817/2817
f 2728/2728 2729/2729 2819/2819
f 2728/2728 2819/2819 2818/2818
f 2729/2729 2730/2730 2820/2820
f 2729/2729 2820/2820 2819/2819
f 2730/2730 2731/2731 2821/2821
f 2730/2730 2821/2821 2820/2820
f 2731/2731 2732/2732 2822/2822
f 2731/2731 2822/2822 2821/2821
f 2732/2732 2733/2733 2823/2823
f 2732/2732 2823/2823 2822/2822
f 2733/2733 2734/2734 2824/2824
f 2733/2733 2824/2824 2823/2823
f 2735/2735 2736/2736 2827/2827
f 2735/2735 2827/2827 2826/2826
f 2736/2736 2737/2737 2828/2828
f 2736/2736 2828/2828 2827/2827
f 2737/2737 2738/2738 2829/2829
f 2737/2737 2829/2829 2828/2828
f 2738/2738 2739/2739 2830/2830
f 2738/2738 2830/2830 2829/2829
f 2739/2739 2740/2740 2831/2831
f 2739/2739 2831/2831 2830/2830
f 2740/2740 2741/2741 2832/2832
f 2740/2740 2832/2832 2831/2831
f 2741/2741 2742/2742 2833/2833
f 2741/2741 2833/2833 2832/2832
f 2742/2742 2743/2743 2834/2834
f 2742/2742 2834/2834 2833/2833
f 2743/2743 2744/2744 2835/2835
f 2743/2743 2835/2835 2834/2834
f 2744/2744 2745/2745 2836/2836
f 2744/2744 2836/2836 2835/2835
f 2745/2745 2746/2746 2837/2837
f 2745/2745 2837/2837 2836/2836
f 2746/2746 2747/2747 2838/2838
f 2746/2746 2838/2838 2837/2837
f 2747/2747 2748/2748 2839/2839
f 2747/2747 2839/2839 2838/2838
f 2748/2748 2749/2749 2840/2840
f 2748/2748 2840/2840 2839/2839
f 2749/2749 2750/2750 2841/2841
f 2749/2749 2841/2841 2840/2840
f 2750/2750 2751/2751 2842/2842
f 2750/2750 2842/2842 2841/2841
f 2751/2751 2752/2752 2843/2843
f 2751/2751 2843/2843 2842/2842
f 2752/2752 2753/2753 2844/2844
f 2752/2752 2844/2844 2843/2843
f 2753/2753 2754/2754 2845/2845
f 2753/2753 2845/2845 2844/2844
f 2754/2754 2755/2755 2846/2846
f 2754/2754 2846/2846 2845/2845
f 2755/2755 2756/2756 2847/2847
f 2755/2755 2847/2847 2846/2846
f 2756/2756 2757/2757 2848/2848
f 2756/2756 2848/2848 2847/2847
f 2757/2757 2758/2758 2849/2849
f 2757/2757 2849/2849 2848/2848
f 2758/2758 2759/2759 2850/2850
f 2758/2758 2850/2850 2849/2849
f 2759/2759 2760/2760 2851/2851
f 2759/2759 2851/2851 2850/2850
f 2760/2760 2761/2761 2852/2852
f 2760/2760 2852/2852 2851/2851
f 2761/2761 2762/2762 2853/2853
f 2761/2761 2853/2853 2852/2852
f 2762/2762 2763/2763 2854/2854
f 2762/2762 2854/2854 2853/2853
f 2763/2763 2764/2764 2855/2855
f 2763/2763 2855/2855 2854/2854
f 2764/2764 2765/2765 2856/2856
f 2764/2764 2856/2856 2855/2855
f 2765/2765 2766/2766 2857/2857
f 2765/2765 2857/2857 2856/2856
f 2766/2766 2767/2767 2858/2858
f 2766/2766 2858/2858 2857/2857
f 2767/2767 2768/2768 2859/2859
f 2767/2767 2859/2859 2858/2858
f 2768/2768 2769/2769 2860/2860
f 2768/2768 2860/2860 2859/2859
f 2769/2769 2770/2770 2861/2861
f 2769/2769 2861/2861 2860/2860
f 2770/2770 2771/2771 2862/2862
f 2770/2770 2862/2862 2861/2861
f 2771/2771 2772/2772 2863/2863
f 2771/2771 2863/2863 2862/2862
f 2772/2772 2773/2773 2864/2864
f 2772/2772 2864/2864 2863/2863
f 2773/2773 2774/2774 2865/2865
f 2773/2773 2865/2865 2864/2864
f 2774/2774 2775/2775 2866/2866
f 2774/2774 2866/2866 2865/2865
f 2775/2775 2776/2776 2867/2867
f 2775/2775 2867/2867 2866/2866
f 2776/2776 2777/2777 2868/2868
f 2776/2776 2868/2868 2867/2867
f 2777/2777 2778/2778 2869/2869
f 2777/2777 2869/2869 2868/2868
f 2778/2778 2779/2779 2870/2870
f 2778/2778 2870/2870 2869/2869
f 2779/2779 2780/2780 2871/2871
f 2779/2779 2871/2871 2870/2870
f 2780/2780 2781/2781 2872/2872
f 2780/2780 2872/2872 2871/2871
f 2781/2781 2782/2782 2873/2873
f 2781/2781 2873/2873 2872/2872
f 2782/2782 2783/2783 2874/2874
f 2782/2782 2874/2874 2873/2873
f 2783/2783 2784/2784 2875/2875
f 2783/2783 2875/2875 2874/2874
f 2784/2784 2785/2785 2876/2876
f 2784/2784 2876/2876 2875/2875
f 2785/2785 2786/2786 2877/2877
f 2785/2785 2877/2877 2876/2876
f 2786/2786 2787/2787 2878/2878
f 2786/2786 2878/2878 2877/2877
f 2787/2787 2788/2788 2879/2879
f 2787/2787 2879/2879 2878/2878
f 2788/2788 2789/2789 2880/2880
f 2788/2788 2880/2880 2879/2879
f 2789/2789 2790/2790 2881/2881
f 2789/2789 2881/2881 2880/2880
f 2790/2790 2791/2791 2882/2882
f 2790/2790 2882/2882 2881/2881
f 2791/2791 2792/2792 2883/2883
f 2791/2791 2883/2883 2882/2882
f 2792/2792 2793/2793 2884/2884
f 2792/2792 2884/2884 2883/2883
f 2793/2793 2794/2794 2885/2885
f 2793/2793 2885/2885 2884/2884
f 2794/2794 2795/2795 2886/2886
f 2794/2794 2886/2886 2885/2885
f 2795/2795 2796/2796 2887/2887
f 2795/2795 2887/2887 2886/2886
f 2796/2796 2797/2797 2888/2888
f 2796/2796 2888/2888 2887/2887
f 2797/2797 2798/2798 2889/2889
f 2797/2797 2889/2889 2888/2888
f 2798/2798 2799/2799 2890/2890
f 2798/2798 2890/2890 2889/2889
f 2799/2799 2800/2800 2891/2891
f 2799/2799 2891/2891 2890/2890
f 2800/2800 2801/2801 2892/2892
f 2800/2800 2892/2892 2891/2891
f 2801/2801 2802/2802 2893/2893
f 2801/2801 2893/2893 2892/2892
f 2802/2802 2803/2803 2894/2894
f 2802/2802 2894/2894 2893/2893
f 2803/2803 2804/2804 2895/2895
f 2803/2803 2895/2895 2894/2894
f 2804/2804 2805/2805 2896/2896
f 2804/2804 2896/2896 2895/2895
f 2805/2805 2806/2806 2897/2897
f 2805/2805 2897/2897 2896/2896
f 2806/2806 2807/2807 2898/2898
f 2806/2806 2898/2898 2897/2897
f 2807/2807 2808/2808 2899/2899
f 2807/2807 2899/2899 2898/2898
f 2808/2808 2809/2809 2900/2900
f 2808/2808 2900/2900 2899/2899
f 2809/2809 2810/2810 2901/2901
f 2809/2809 2901/2901 2900/2900
f 2810/2810 2811/2811 2902/2902
f 2810/2810 2902/2902 2901/2901
f 2811/2811 2812/2812 2903/2903
f 2811/2811 2903/2903 2902/2902
f 2812/2812 2813/2813 2904/2904
f 2812/2812 2904/2904 2903/2903
f 2813/2813 2814/2814 2905/2905
f 2813/2813 2905/2905 2904/2904
f 2814/2814 2815/2815 2906/2906
f 2814/2814 2906/2906 2905/2905
f 2815/2815 2816/2816 2907/2907
f 2815/2815 2907/2907 2906/2906
f 2816/2816 2817/2817 2908/2908
f 2816/2816 2908/2908 2907/2907
f 2817/2817 2818/2818 2909/2909
f 2817/2817 2909/2909 2908/2908
f 2818/2818 2819/2819 2910/2910
f 2818/2818 2910/2910 2909/2909
f 2819/2819 2820/2820 2911/2911
f 2819/2819 2911/2911 2910/2910
f 2820/2820 2821/2821 2912/2912
f 2820/2820 2912/2912 2911/2911
f 2821/2821 2822/2822 2913/2913
f 2821/2821 2913/2913 2912/2912
f 2822/2822 2823/2823 2914/2914
f 2822/2822 2914/2914 2913/2913
f 2823/2823 2824/2824 2915/2915
f 2823/2823 2915/2915 2914/2914
f 2826/2826 2827/2827 2920/2920
f 2826/2826 2920/2920 2919/2919
f 2827/2827 2828/2828 2921/2921
f 2827/2827 2921/2921 2920/2920
f 2828/2828 2829/2829 2922/2922
f 2828/2828 2922/2922 2921/2921
f 2829/2829 2830/2830 2923/2923
f 2829/2829 2923/2923 2922/2922
f 2830/2830 2831/2831 2924/2924
f 2830/2830 2924/2924 2923/2923
f 2831/2831 2832/2832 2925/2925
f 2831/2831 2925/2925 2924/2924
f 2832/2832 2833/2833 2926/2926
f 2832/2832 2926/2926 2925/2925
f 2833/2833 2834/2834 2927/2927
f 2833/2833 2927/2927 2926/2926
f 2834/2834 2835/2835 2928/2928
f 2834/2834 2928/2928 2927/2927
f 2835/2835 2836/2836 2929/2929
f 2835/2835 2929/2929 2928/2928
f 2836/2836 2837/2837 2930/2930
f 2836/2836 2930/2930 2929/2929
f 2837/2837 2838/2838 2931/2931
f 2837/2837 2931/2931 2930/2930
f 2838/2838 2839/2839 2932/2932
f 2838/2838 2932/2932 2931/2931
f 2839/2839 2840/2840 2933/2933
f 2839/2839 2933/2933 2932/2932
f 2840/2840 2841/2841 2934/2934
f 2840/2840 2934/2934 2933/2933
f 2841/2841 2842/2842 2935/2935
f 2841/2841 2935/2935 2934/2934
f 2842/2842 2843/2843 2936/2936
f 2842/2842 2936/2936 2935/2935
f 2843/2843 2844/2844 2937/2937
f 2843/2843 2937/2937 2936/2936
f 2844/2844 2845/2845 2938/2938
f 2844/2844 2938/2938 2937/2937
f 2845/2845 2846/2846 2939/2939
f 2845/2845 2939/2939 2938/2938
f 2846/2846 2847/2847 2940/2940
f 2846/2846 2940/2940 2939/2939
f 2847/2847 2848/2848 2941/2941
f 2847/2847 2941/2941 2940/2940
f 2848/2848 2849/2849 2942/2942
f 2848/2848 2942/2942 2941/2941
f 2849/2849 2850/2850 2943/2943
f 2849/2849 2943/2943 2942/2942
f 2850/2850 2851/2851 2944/2944
f 2850/2850 2944/2944 2943/2943
f 2851/2851 2852/2852 2945/2945
f 2851/2851 2945/2945 2944/2944
f 2852/2852 2853/2853 2946/2946
f 2852/2852 2946/2946 2945/2945
f 2853/2853 2854/2854 2947/2947
f 2853/2853 2947/2947 2946/2946
f 2854/2854 2855/2855 2948/2948
f 2854/2854 2948/2948 2947/2947
f 2855/2855 2856/2856 2949/2949
f 2855/2855 2949/2949 2948/2948
f 2856/2856 2857/2857 2950/2950
f 2856/2856 2950/2950 2949/2949
f 2857/2857 2858/2858 2951/2951
f 2857/2857 2951/2951 2950/2950
f 2858/2858 2859/2859 2952/2952
f 2858/2858 2952/2952 2951/2951
f 2859/2859 2860/2860 2953/2953
f 2859/2859 2953/2953 2952/2952
f 2860/2860 2861/2861 2954/2954
f 2860/2860 2954/2954 2953/2953
f 2861/2861 2862/2862 2955/2955
f 2861/2861 2955/2955 2954/2954
f 2862/2862 2863/2863 2956/2956
f 2862/2862 2956/2956 2955/2955
f 2863/2863 2864/2864 2957/2957
f 2863/2863 2957/2957 2956/2956
f 2864/2864 2865/2865 2958/2958
f 2864/2864 2958/2958 2957/2957
f 2865/2865 2866/2866 2959/2959
f 2865/2865 2959/2959 2958/2958
f 2866/2866 2867/2867 2960/2960
f 2866/2866 2960/2960 2959/2959
f 2867/2867 2868/2868 2961/2961
f 2867/2867 2961/2961 2960/2960
f 2868/2868 2869/2869 2962/2962
f 2868/2868 2962/2962 2961/2961
f 2869/2869 2870/2870 2963/2963
f 2869/2869 2963/2963 2962/2962
f 2870/2870 2871/2871 2964/2964
f 2870/2870 2964/2964 2963/2963
f 2871/2871 2872/2872 2965/2965
f 2871/2871 2965/2965 2964/2964
f 2872/2872 2873/2873 2966/2966
f 2872/2872 2966/2966 2965/2965
f 2873/2873 2874/2874 2967/2967
f 2873/2873 2967/2967 2966/2966
f 2874/2874 2875/2875 2968/2968
f 2874/2874 2968/2968 2967/2967
f 2875/2875 2876/2876 2969/2969
f 2875/2875 2969/2969 2968/2968
f 2876/2876 2877/2877 2970/2970
f 2876/2876 2970/2970 2969/2969
f 2877/2877 2878/2878 2971/2971
f 2877/2877 2971/2971 2970/2970
f 2878/2878 2879/2879 2972/2972
f 2878/2878 2972/2972 2971/2971
f 2879/2879 2880/2880 2973/2973
f 2879/2879 2973/2973 2972/2972
f 2880/2880 2881/2881 2974/2974
f 2880/2880 2974/2974 2973/2973
f 2881/2881 2882/2882 2975/2975
f 2881/2881 2975/2975 2974/2974
f 2882/2882 2883/2883 2976/2976
f 2882/2882 2976/2976 2975/2975
f 2883/2883 2884/2884 2977/2977
f 2883/2883 2977/2977 2976/2976
f 2884/2884 2885/2885 2978/2978
f 2884/2884 2978/2978 2977/2977
f 2885/2885 2886/2886 2979/2979
f 2885/2885 2979/2979 2978/2978
f 2886/2886 2887/2887 2980/2980
f 2886/2886 2980/2980 2979/2979
f 2887/2887 2888/2888 2981/2981
f 2887/2887 2981/2981 2980/2980
f 2888/2888 2889/2889 2982/2982
f 2888/2888 2982/2982 2981/2981
f 2889/2889 2890/2890 2983/2983
f 2889/2889 2983/2983 2982/2982
f 2890/2890 2891/2891 2984/2984
f 2890/2890 2984/2984 2983/2983
f 2891/2891 2892/2892 2985/2985
f 2891/2891 2985/2985 2984/2984
f 2892/2892 2893/2893 2986/2986
f 2892/2892 2986/2986 2985/2985
f 2893/2893 2894/2894 2987/2987
f 2893/2893 2987/2987 2986/2986
f 2894/2894 2895/2895 2988/2988
f 2894/2894 2988/2988 2987/2987
f 2895/2895 2896/2896 2989/2989
f 2895/2895 2989/2989 2988/2988
f 2896/2896 2897/2897 2990/2990
f 2896/2896 2990/2990 2989/2989
f 2897/2897 2898/2898 2991/2991
f 2897/2897 2991/2991 2990/2990
f 2898/2898 2899/2899 2992/2992
f 2898/2898 2992/2992 2991/2991
f 2899/2899 2900/2900 2993/2993
f 2899/2899 2993/2993 2992/2992
f 2900/2900 2901/2901 2994/2994
f 2900/2900 2994/2994 2993/2993
f 2901/2901 2902/2902 2995/2995
f 2901/2901 2995/2995 2994/2994
f 2902/2902 2903/2903 2996/2996
f 2902/2902 2996/2996 2995/2995
f 2903/2903 2904/2904 2997/2997
f 2903/2903 2997/2997 2996/2996
f 2904/2904 2905/2905 2998/2998
f 2904/2904 2998/2998 2997/2997
f 2905/2905 2906/2906 2999/2999
f 2905/2905 2999/2999 2998/2998
f 2906/2906 2907/2907 3000/3000
f 2906/2906 3000/3000 2999/2999
f 2907/2907 2908/2908 3001/3001
f 2907/2907 3001/3001 3000/3000
f 2908/2908 2909/2909 3002/3002
f 2908/2908 3002/3002 3001/3001
f 2909/2909 2910/2910 3003/3003
f 2909/2909 3003/3003 3002/3002
f 2910/2910 2911/2911 3004/3004
f 2910/2910 3004/3004 3003/3003
f 2911/2911 2912/2912 3005/3005
f 2911/2911 3005/3005 3004/3004
f 2912/2912 2913/2913 3006/3006
f 2912/2912 3006/3006 3005/3005
f 2913/2913 2914/2914 3007/3007
f 2913/2913 3007/3007 3006/3006
f 2914/2914 2915/2915 3008/3008
f 2914/2914 3008/3008 3007/3007
f 2916/2916 2917/2917 3011/3011
f 2916/2916 3011/3011 3010/3010
f 2918/2918 2919/2919 3015/3015
f 2918/2918 3015/3015 3014/3014
f 2919/2919 2920/2920 3016/3016
f 2919/2919 3016/3016 3015/3015
f 2920/2920 2921/2921 3017/3017
f 2920/2920 3017/3017 3016/3016
f 2921/2921 2922/2922 3018/3018
f 2921/2921 3018/3018 3017/3017
f 2922/2922 2923/2923 3019/3019
f 2922/2922 3019/3019 3018/3018
f 2923/2923 2924/2924 3020/3020
f 2923/2923 3020/3020 3019/3019
f 2924/2924 2925/2925 3021/3021
f 2924/2924 3021/3021 3020/3020
f 2925/2925 2926/2926 3022/3022
f 2925/2925 3022/3022 3021/3021
f 2926/2926 2927/2927 3023/3023
f 2926/2926 3023/3023 3022/3022
f 2927/2927 2928/2928 3024/3024
f 2927/2927 3024/3024 3023/3023
f 2928/2928 2929/2929 3025/3025
f 2928/2928 3025/3025 3024/3024
f 2929/2929 2930/2930 3026/3026
f 2929/2929 3026/3026 3025/3025
f 2930/2930 2931/2931 3027/3027
f 2930/2930 3027/3027 3026/3026
f 2931/2931 2932/2932 3028/3028
f 2931/2931 3028/3028 3027/3027
f 2932/2932 2933/2933 3029/3029
f 2932/2932 3029/3029 3028/3028
f 2933/2933 2934/2934 3030/3030
f 2933/2933 3030/3030 3029/3029
f 2934/2934 2935/2935 3031/3031
f 2934/2934 3031/3031 3030/3030
f 2935/2935 2936/2936 3032/3032
f 2935/2935 3032/3032 3031/3031
f 2936/2936 2937/2937 3033/3033
f 2936/2936 3033/3033 3032/3032
f 2937/2937 2938/2938 3034/3034
f 2937/2937 3034/3034 3033/3033
f 2938/2938 2939/2939 3035/3035
f 2938/2938 3035/3035 3034/3034
f 2939/2939 2940/2940 3036/3036
f 2939/2939 3036/3036 3035/3035
f 2940/2940 2941/2941 3037/3037
f 2940/2940 3037/3037 3036/3036
f 2941/2941 2942/2942 3038/3038
f 2941/2941 3038/3038 3037/3037
f 2942/2942 2943/2943 3039/3039
f 2942/2942 3039/3039 3038/3038
f 2943/2943 2944/2944 3040/3040
f 2943/2943 3040/3040 3039/3039
f 2944/2944 2945/2945 3041/3041
f 2944/2944 3041/3041 3040/3040
f 2945/2945 2946/2946 3042/3042
f 2945/2945 3042/3042 3041/3041
f 2946/2946 2947/2947 3043/3043
f 2946/2946 3043/3043 3042/3042
f 2947/2947 2948/2948 3044/3044
f 2947/2947 3044/3044 3043/3043
f 2948/2948 2949/2949 3045/3045
f 2948/2948 3045/3045 3044/3044
f 2949/2949 2950/2950 3046/3046
f 2949/2949 3046/3046 3045/3045
f 2950/2950 2951/2951 3047/3047
f 2950/2950 3047/3047 3046/3046
f 2951/2951 2952/2952 3048/3048
f 2951/2951 3048/3048 3047/3047
f 2952/2952 2953/2953 3049/3049
f 2952/2952 3049/3049 3048/3048
f 2953/2953 2954/2954 3050/3050
f 2953/2953 3050/3050 3049/3049
f 2954/2954 2955/2955 3051/3051
f 2954/2954 3051/3051 3050/3050
f 2955/2955 2956/2956 3052/3052
f 2955/2955 3052/3052 3051/3051
f 2956/2956 2957/2957 3053/3053
f 2956/2956 3053/3053 3052/3052
f 2957/2957 2958/2958 3054/3054
f 2957/2957 3054/3054 3053/3053
f 2958/2958 2959/2959 3055/3055
f 2958/2958 3055/3055 3054/3054
f 2959/2959 2960/2960 3056/3056
f 2959/2959 3056/3056 3055/3055
f 2960/2960 2961/2961 3057/3057
f 2960/2960 3057/3057 3056/3056
f 2961/2961 2962/2962 3058/3058
f 2961/2961 3058/3058 3057/3057
f 2962/2962 2963/2963 3059/3059
f 2962/2962 3059/3059 3058/3058
f 2963/2963 2964/2964 3060/3060
f 2963/2963 3060/3060 3059/3059
f 2964/2964 2965/2965 3061/3061
f 2964/2964 3061/3061 3060/3060
f 2965/2965 2966/2966 3062/3062
f 2965/2965 3062/3062 3061/3061
f 2966/2966 2967/2967 3063/3063
f 2966/2966 3063/3063 3062/3062
f 2967/2967 2968/2968 3064/3064
f 2967/2967 3064/3064 3063/3063
f 2968/2968 2969/2969 3065/3065
f 2968/2968 3065/3065 3064/3064
f 2969/2969 2970/2970 3066/3066
f 2969/2969 3066/3066 3065/3065
f 2970/2970 2971/2971 3067/3067
f 2970/2970 3067/3067 3066/3066
f 2971/2971 2972/2972 3068/3068
f 2971/2971 3068/3068 3067/3067
f 2972/2972 2973/2973 3069/3069
f 2972/2972 3069/3069 3068/3068
f 2973/2973 2974/2974 3070/3070
f 2973/2973 3070/3070 3069/3069
f 2974/2974 2975/2975 3071/3071
f 2974/2974 3071/3071 3070/3070
f 2975/2975 2976/2976 3072/3072
f 2975/2975 3072/3072 3071/3071
f 2976/2976 2977/2977 3073/3073
f 2976/2976 3073/3073 3072/3072
f 2977/2977 2978/2978 3074/3074
f 2977/2977 3074/3074 3073/3073
f 2978/2978 2979/2979 3075/3075
f 2978/2978 3075/3075 3074/3074
f 2979/2979 2980/2980 3076/3076
f 2979/2979 3076/3076 3075/3075
f 2980/2980 2981/2981 3077/3077
f 2980/2980 3077/3077 3076/3076
f 2981/2981 2982/2982 3078/3078
f 2981/2981 3078/3078 3077/3077
f 2982/2982 2983/2983 3079/3079
f 2982/2982 3079/3079 3078/3078
f 2983/2983 2984/2984 3080/3080
f 2983/2983 3080/3080 3079/3079
f 2984/2984 2985/2985 3081/3081
f 2984/2984 3081/3081 3080/3080
f 2985/2985 2986/2986 3082/3082
f 2985/2985 3082/3082 3081/3081
f 2986/2986 2987/2987 3083/3083
f 2986/2986 3083/3083 3082/3082
f 2987/2987 2988/2988 3084/3084
f 2987/2987 3084/3084 3083/3083
f 2988/2988 2989/2989 3085/3085
f 2988/2988 3085/3085 3084/3084
f 2989/2989 2990/2990 3086/3086
f 2989/2989 3086/3086 3085/3085
f 2990/2990 2991/2991 3087/3087
f 2990/2990 3087/3087 3086/3086
f 2991/2991 2992/2992 3088/3088
f 2991/2991 3088/3088 3087/3087
f 2992/2992 2993/2993 3089/3089
f 2992/2992 3089/3089 3088/3088
f 2993/2993 2994/2994 3090/3090
f 2993/2993 3090/3090 3089/3089
f 2994/2994 2995/2995 3091/3091
f 2994/2994 3091/3091 3090/3090
f 2995/2995 2996/2996 3092/3092
f 2995/2995 3092/3092 3091/3091
f 2996/2996 2997/2997 3093/3093
f 2996/2996 3093/3093 3092/3092
f 2997/2997 2998/2998 3094/3094
f 2997/2997 3094/3094 3093/3093
f 2998/2998 2999/2999 3095/3095
f 2998/2998 3095/3095 3094/3094
f 2999/2999 3000/3000 3096/3096
f 2999/2999 3096/3096 3095/3095
f 3000/3000 3001/3001 3097/3097
f 3000/3000 3097/3097 3096/3096
f 3001/3001 3002/3002 3098/3098
f 3001/3001 3098/3098 3097/3097
f 3002/3002 3003/3003 3099/3099
f 3002/3002 3099/3099 3098/3098
f 3003/3003 3004/3004 3100/3100
f 3003/3003 3100/3100 3099/3099
f 3004/3004 3005/3005 3101/3101
f 3004/3004 3101/3101 3100/3100
f 3005/3005 3006/3006 3102/3102
f 3005/3005 3102/3102 3101/3101
f 3006/3006 3007/3007 3103/3103
f 3006/3006 3103/3103 3102/3102
f 3007/3007 3008/3008 3104/3104
f 3007/3007 3104/3104 3103/3103
f 3008/3008 3009/3009 3105/3105
f 3008/3008 3105/3105 3104/3104
f 3009/3009 3010/3010 3106/3106
f 3009/3009 3106/3106 3105/3105
f 3010/3010 3011/3011 3107/3107
f 3010/3010 3107/3107 3106/3106
f 3011/3011 3012/3012 3108/3108
f 3011/3011 3108/3108 3107/3107
f 3012/3012 3013/3013 3109/3109
f 3012/3012 3109/3109 3108/3108
f 3014/3014 3015/3015 3113/3113
f 3014/3014 3113/3113 3112/3112
f 3015/3015 3016/3016 3114/3114
f 3015/3015 3114/3114 3113/3113
f 3016/3016 3017/3017 3115/3115
f 3016/3016 3115/3115 3114/3114
f 3017/3017 3018/3018 3116/3116
f 3017/3017 3116/3116 3115/3115
f 3018/3018 3019/3019 3117/3117
f 3018/3018 3117/3117 3116/3116
f 3019/3019 3020/3020 3118/3118
f 3019/3019 3118/3118 3117/3117
f 3020/3020 3021/3021 3119/3119
f 3020/3020 3119/3119 3118/3118
f 3021/3021 3022/3022 3120/3120
f 3021/3021 3120/3120 3119/3119
f 3022/3022 3023/3023 3121/3121
f 3022/3022 3121/3121 3120/3120
f 3023/3023 3024/3024 3122/3122
f 3023/3023 3122/3122 3121/3121
f 3024/3024 3025/3025 3123/3123
f 3024/3024 3123/3123 3122/3122
f 3025/3025 3026/3026 3124/3124
f 3025/3025 3124/3124 3123/3123
f 3026/3026 3027/3027 3125/3125
f 3026/3026 3125/3125 3124/3124
f 3027/3027 3028/3028 3126/3126
f 3027/3027 3126/3126 3125/3125
f 3028/3028 3029/3029 3127/3127
f 3028/3028 3127/3127 3126/3126
f 3029/3029 3030/3030 3128/3128
f 3029/3029 3128/3128 3127/3127
f 3030/3030 3031/3031 3129/3129
f 3030/3030 3129/3129 3128/3128
f 3031/3031 3032/3032 3130/3130
f 3031/3031 3130/3130 3129/3129
f 3032/3032 3033/3033 3131/3131
f 3032/3032 3131/3131 3130/3130
f 3033/3033 3034/3034 3132/3132
f 3033/3033 3132/3132 3131/3131
f 3034/3034 3035/3035 3133/3133
f 3034/3034 3133/3133 3132/3132
f 3035/3035 3036/3036 3134/3134
f 3035/3035 3134/3134 3133/3133
f 3036/3036 3037/3037 3135/3135
f 3036/3036 3135/3135 3134/3134
f 3037/3037 3038/3038 3136/3136
f 3037/3037 3136/3136 3135/3135
f 3038/3038 3039/3039 3137/3137
f 3038/3038 3137/3137 3136/3136
f 3039/3039 3040/3040 3138/3138
f 3039/3039 3138/3138 3137/3137
f 3040/3040 3041/3041 3139/3139
f 3040/3040 3139/3139 3138/3138
f 3041/3041 3042/3042 3140/3140
f 3041/3041 3140/3140 3139/3139
f 3042/3042 3043/3043 3141/3141
f 3042/3042 3141/3141 3140/3140
f 3043/3043 3044/3044 3142/3142
f 3043/3043 3142/3142 3141/3141
f 3044/3044 3045/3045 3143/3143
f 3044/3044 3143/3143 3142/3142
f 3045/3045 3046/3046 3144/3144
f 3045/3045 3144/3144 3143/3143
f 3046/3046 3047/3047 3145/3145
f 3046/3046 3145/3145 3144/3144
f 3047/3047 3048/3048 3146/3146
f 3047/3047 3146/3146 3145/3145
f 3048/3048 3049/3049 3147/3147
f 3048/3048 3147/3147 3146/3146
f 3049/3049 3050/3050 3148/3148
f 3049/3049 3148/3148 3147/3147
f 3050/3050 3051/3051 3149/3149
f 3050/3050 3149/3149 3148/3148
f 3051/3051 3052/3052 3150/3150
f 3051/3051 3150/3150 3149/3149
f 3052/3052 3053/3053 3151/3151
f 3052/3052 3151/3151 3150/3150
f 3053/3053 3054/3054 3152/3152
f 3053/3053 3152/3152 3151/3151
f 3054/3054 3055/3055 3153/3153
f 3054/3054 3153/3153 3152/3152
f 3055/3055 3056/3056 3154/3154
f 3055/3055 3154/3154 3153/3153
f 3056/3056 3057/3057 3155/3155
f 3056/3056 3155/3155 3154/3154
f 3057/3057 3058/3058 3156/3156
f 3057/3057 3156/3156 3155/3155
f 3058/3058 3059/3059 3157/3157
f 3058/3058 3157/3157 3156/3156
f 3059/3059 3060/3060 3158/3158
f 3059/3059 3158/3158 3157/3157
f 3060/3060 3061/3061 3159/3159
f 3060/3060 3159/3159 3158/3158
f 3061/3061 3062/3062 3160/3160
f 3061/3061 3160/3160 3159/3159
f 3062/3062 3063/3063 3161/3161
f 3062/3062 3161/3161 3160/3160
f 3063/3063 3064/3064 3162/3162
f 3063/3063 3162/3162 3161/3161
f 3064/3064 3065/3065 3163/3163
f 3064/3064 3163/3163 3162/3162
f 3065/3065 3066/3066 3164/3164
f 3065/3065 3164/3164 3163/3163
f 3066/3066 3067/3067 3165/3165
f 3066/3066 3165/3165 3164/3164
f 3067/3067 3068/3068 3166/3166
f 3067/3067 3166/3166 3165/3165
f 3068/3068 3069/3069 3167/3167
f 3068/3068 3167/3167 3166/3166
f 3069/3069 3070/3070 3168/3168
f 3069/3069 3168/3168 3167/3167
f 3070/3070 3071/3071 3169/3169
f 3070/3070 3169/3169 3168/3168
f 3071/3071 3072/3072 3170/3170
f 3071/3071 3170/3170 3169/3169
f 3072/3072 3073/3073 3171/3171
f 3072/3072 3171/3171 3170/3170
f 3073/3073 3074/3074 3172/3172
f 3073/3073 3172/3172 3171/3171
f 3074/3074 3075/3075 3173/3173
f 3074/3074 3173/3173 3172/3172
f 3075/3075 3076/3076 3174/3174
f 3075/3075 3174/3174 3173/3173
f 3076/3076 3077/3077 3175/3175
f 3076/3076 3175/3175 3174/3174
f 3077/3077 3078/3078 3176/3176
f 3077/3077 3176/3176 3175/3175
f 3078/3078 3079/3079 3177/3177
f 3078/3078 3177/3177 3176/3176
f 3079/3079 3080/3080 3178/3178
f 3079/3079 3178/3178 3177/3177
f 3080/3080 3081/3081 3179/3179
f 3080/3080 3179/3179 3178/3178
f 3081/3081 3082/3082 3180/3180
f 3081/3081 3180/3180 3179/3179
f 3082/3082 3083/3083 3181/3181
f 3082/3082 3181/3181 3180/3180
f 3083/3083 3084/3084 3182/3182
f 3083/3083 3182/3182 3181/3181
f 3084/3084 3085/3085 3183/3183
f 3084/3084 3183/3183 3182/3182
f 3085/3085 3086/3086 3184/3184
f 3085/3085 3184/3184 3183/3183
f 3086/3086 3087/3087 3185/3185
f 3086/3086 3185/3185 3184/3184
f 3087/3087 3088/3088 3186/3186
f 3087/3087 3186/3186 3185/3185
f 3088/3088 3089/3089 3187/3187
f 3088/3088 3187/3187 3186/3186
f 3089/3089 3090/3090 3188/3188
f 3089/3089 3188/3188 3187/3187
f 3090/3090 3091/3091 3189/3189
f 3090/3090 3189/3189 3188/3188
f 3091/3091 3092/3092 3190/3190
f 3091/3091 3190/3190 3189/3189
f 3092/3092 3093/3093 3191/3191
f 3092/3092 3191/3191 3190/3190
f 3093/3093 3094/3094 3192/3192
f 3093/3093 3192/3192 3191/3191
f 3094/3094 3095/3095 3193/3193
f 3094/3094 3193/3193 3192/3192
f 3095/3095 3096/3096 3194/3194
f 3095/3095 3194/3194 3193/3193
f 3096/3096 3097/3097 3195/3195
f 3096/3096 3195/3195 3194/3194
f 3097/3097 3098/3098 3196/3196
f 3097/3097 3196/3196 3195/3195
f 3098/3098 3099/3099 3197/3197
f 3098/3098 3197/3197 3196/3196
f 3099/3099 3100/3100 3198/3198
f 3099/3099 3198/3198 3197/3197
f 3100/3100 3101/3101 3199/3199
f 3100/3100 3199/3199 3198/3198
f 3101/3101 3102/3102 3200/3200
f 3101/3101 3200/3200 3199/3199
f 3102/3102 3103/3103 3201/3201
f 3102/3102 3201/3201 3200/3200
f 3103/3103 3104/3104 3202/3202
f 3103/3103 3202/3202 3201/3201
f 3104/3104 3105/3105 3203/3203
f 3104/3104 3203/3203 3202/3202
f 3105/3105 3106/3106 3204/3204
f 3105/3105 3204/3204 3203/3203
f 3106/3106 3107/3107 3205/3205
f 3106/3106 3205/3205 3204/3204
f 3107/3107 3108/3108 3206/3206
f 3107/3107 3206/3206 3205/3205
f 3108/3108 3109/3109 3207/3207
f 3108/3108 3207/3207 3206/3206
f 3109/3109 3110/3110 3208/3208
f 3109/3109 3208/3208 3207/3207
f 3111/3111 3112/3112 3213/3213
f 3111/3111 3213/3213 3212/3212
f 3112/3112 3113/3113 3214/3214
f 3112/3112 3214/3214 3213/3213
f 3113/3113 3114/3114 3215/3215
f 3113/3113 3215/3215 3214/3214
f 3114/3114 3115/3115 3216/3216
f 3114/3114 3216/3216 3215/3215
f 3115/3115 3116/3116 3217/3217
f 3115/3115 3217/3217 3216/3216
f 3116/3116 3117/3117 3218/3218
f 3116/3116 3218/3218 3217/3217
f 3117/3117 3118/3118 3219/3219
f 3117/3117 3219/3219 3218/3218
f 3118/3118 3119/3119 3220/3220
f 3118/3118 3220/3220 3219/3219
f 3119/3119 3120/3120 3221/3221
f 3119/3119 3221/3221 3220/3220
f 3120/3120 3121/3121 3222/3222
f 3120/3120 3222/3222 3221/3221
f 3121/3121 3122/3122 3223/3223
f 3121/3121 3223/3223 3222/3222
f 3122/3122 3123/3123 3224/3224
f 3122/3122 3224/3224 3223/3223
f 3123/3123 3124/3124 3225/3225
f 3123/3123 3225/3225 3224/3224
f 3124/3124 3125/3125 3226/3226
f 3124/3124 3226/3226 3225/3225
f 3125/3125 3126/3126 3227/3227
f 3125/3125 3227/3227 3226/3226
f 3126/3126 3127/3127 3228/3228
f 3126/3126 3228/3228 3227/3227
f 3127/3127 3128/3128 3229/3229
f 3127/3127 3229/3229 3228/3228
f 3128/3128 3129/3129 3230/3230
f 3128/3128 3230/3230 3229/3229
f 3129/3129 3130/3130 3231/3231
f 3129/3129 3231/3231 3230/3230
f 3130/3130 3131/3131 3232/3232
f 3130/3130 3232/3232 3231/3231
f 3131/3131 3132/3132 3233/3233
f 3131/3131 3233/3233 3232/3232
f 3132/3132 3133/3133 3234/3234
f 3132/3132 3234/3234 3233/3233
f 3133/3133 3134/3134 3235/3235
f 3133/3133 3235/3235 3234/3234
f 3134/3134 3135/3135 3236/3236
f 3134/3134 3236/3236 3235/3235
f 3135/3135 3136/3136 3237/3237
f 3135/3135 3237/3237 3236/3236
f 3136/3136 3137/3137 3238/3238
f 3136/3136 3238/3238 3237/3237
f 3137/3137 3138/3138 3239/3239
f 3137/3137 3239/3239 3238/3238
f 3138/3138 3139/3139 3240/3240
f 3138/3138 3240/3240 3239/3239
f 3139/3139 3140/3140 3241/3241
f 3139/3139 3241/3241 3240/3240
f 3140/3140 3141/3141 3242/3242
f 3140/3140 3242/3242 3241/3241
f 3141/3141 3142/3142 3243/3243
f 3141/3141 3243/3243 3242/3242
f 3142/3142 3143/3143 3244/3244
f 3142/3142 3244/3244 3243/3243
f 3143/3143 3144/3144 3245/3245
f 3143/3143 3245/3245 3244/3244
f 3144/3144 3145/3145 3246/3246
f 3144/3144 3246/3246 3245/3245
f 3145/3145 3146/3146 3247/3247
f 3145/3145 3247/3247 3246/3246
f 3146/3146 3147/3147 3248/3248
f 3146/3146 3248/3248 3247/3247
f 3147/3147 3148/3148 3249/3249
f 3147/3147 3249/3249 3248/3248
f 3148/3148 3149/3149 3250/3250
f 3148/3148 3250/3250 3249/3249
f 3149/3149 3150/3150 3251/3251
f 3149/3149 3251/3251 3250/3250
f 3150/3150 3151/3151 3252/3252
f 3150/3150 3252/3252 3251/3251
f 3151/3151 3152/3152 3253/3253
f 3151/3151 3253/3253 3252/3252
f 3152/3152 3153/3153 3254/3254
f 3152/3152 3254/3254 3253/3253
f 3153/3153 3154/3154 3255/3255
f 3153/3153 3255/3255 3254/3254
f 3154/3154 3155/3155 3256/3256
f 3154/3154 3256/3256 3255/3255
f 3155/3155 3156/3156 3257/3257
f 3155/3155 3257/3257 3256/3256
f 3156/3156 3157/3157 3258/3258
f 3156/3156 3258/3258 3257/3257
f 3157/3157 3158/3158 3259/3259
f 3157/3157 3259/3259 3258/3258
f 3158/3158 3159/3159 3260/3260
f 3158/3158 3260/3260 3259/3259
f 3159/3159 3160/3160 3261/3261
f 3159/3159 3261/3261 3260/3260
f 3160/3160 3161/3161 3262/3262
f 3160/3160 3262/3262 3261/3261
f 3161/3161 3162/3162 3263/3263
f 3161/3161 3263/3263 3262/3262
f 3162/3162 3163/3163 3264/3264
f 3162/3162 3264/3264 3263/3263
f 3163/3163 3164/3164 3265/3265
f 3163/3163 3265/3265 3264/3264
f 3164/3164 3165/3165 3266/3266
f 3164/3164 3266/3266 3265/3265
f 3165/3165 3166/3166 3267/3267
f 3165/3165 3267/3267 3266/3266
f 3166/3166 3167/3167 3268/3268
f 3166/3166 3268/3268 3267/3267
f 3167/3167 3168/3168 3269/3269
f 3167/3167 3269/3269 3268/3268
f 3168/3168 3169/3169 3270/3270
f 3168/3168 3270/3270 3269/3269
f 3169/3169 3170/3170 3271/3271
f 3169/3169 3271/3271 3270/3270
f 3170/3170 3171/3171 3272/3272
f 3170/3170 3272/3272 3271/3271
f 3171/3171 3172/3172 3273/3273
f 3171/3171 3273/3273 3272/3272
f 3172/3172 3173/3173 3274/3274
f 3172/3172 3274/3274 3273/3273
f 3173/3173 3174/3174 3275/3275
f 3173/3173 3275/3275 3274/3274
f 3174/3174 3175/3175 3276/3276
f 3174/3174 3276/3276 3275/3275
f 3175/3175 3176/3176 3277/3277
f 3175/3175 3277/3277 3276/3276
f 3176/3176 3177/3177 3278/3278
f 3176/3176 3278/3278 3277/3277
f 3177/3177 3178/3178 3279/3279
f 3177/3177 3279/3279 3278/3278
f 3178/3178 3179/3179 3280/3280
f 3178/3178 3280/3280 3279/3279
f 3179/3179 3180/3180 3281/3281
f 3179/3179 3281/3281 3280/3280
f 3180/3180 3181/3181 3282/3282
f 3180/3180 3282/3282 3281/3281
f 3181/3181 3182/3182 3283/3283
f 3181/3181 3283/3283 3282/3282
f 3182/3182 3183/3183 3284/3284
f 3182/3182 3284/3284 3283/3283
f 3183/3183 3184/3184 3285/3285
f 3183/3183 3285/3285 3284/3284
f 3184/3184 3185/3185 3286/3286
f 3184/3184 3286/3286 3285/3285
f 3185/3185 3186/3186 3287/3287
f 3185/3185 3287/3287 3286/3286
f 3186/3186 3187/3187 3288/3288
f 3186/3186 3288/3288 3287/3287
f 3187/3187 3188/3188 3289/3289
f 3187/3187 3289/3289 3288/3288
f 3188/3188 3189/3189 3290/3290
f 3188/3188 3290/3290 3289/3289
f 3189/3189 3190/3190 3291/3291
f 3189/3189 3291/3291 3290/3290
f 3190/3190 3191/3191 3292/3292
f 3190/3190 3292/3292 3291/3291
f 3191/3191 3192/3192 3293/3293
f 3191/3191 3293/3293 3292/3292
f 3192/3192 3193/3193 3294/3294
f 3192/3192 3294/3294 3293/3293
f 3193/3193 3194/3194 3295/3295
f 3193/3193 3295/3295 3294/3294
f 3194/3194 3195/3195 3296/3296
f 3194/3194 3296/3296 3295/3295
f 3195/3195 3196/3196 3297/3297
f 3195/3195 3297/3297 3296/3296
f 3196/3196 3197/3197 3298/3298
f 3196/3196 3298/3298 3297/3297
f 3197/3197 3198/3198 3299/3299
f 3197/3197 3299/3299 3298/3298
f 3198/3198 3199/3199 3300/3300
f 3198/3198 3300/3300 3299/3299
f 3199/3199 3200/3200 3301/3301
f 3199/3199 3301/3301 3300/3300
f 3200/3200 3201/3201 3302/3302
f 3200/3200 3302/3302 3301/3301
f 3201/3201 3202/3202 3303/3303
f 3201/3201 3303/3303 3302/3302
f 3202/3202 3203/3203 3304/3304
f 3202/3202 3304/3304 3303/3303
f 3203/3203 3204/3204 3305/3305
f 3203/3203 3305/3305 3304/3304
f 3204/3204 3205/3205 3306/3306
f 3204/3204 3306/3306 3305/3305
f 3205/3205 3206/3206 3307/3307
f 3205/3205 3307/3307 3306/3306
f 3206/3206 3207/3207 3308/3308
f 3206/3206 3308/3308 3307/3307
f 3207/3207 3208/3208 3309/3309
f 3207/3207 3309/3309 3308/3308
f 3208/3208 3209/3209 3310/3310
f 3208/3208 3310/3310 3309/3309
f 3209/3209 3210/3210 3311/3311
f 3209/3209 3311/3311 3310/3310
f 3211/3211 3212/3212 3313/3313
f 3211/3211 3313/3313 3312/3312
f 3212/3212 3213/3213 3314/3314
f 3212/3212 3314/3314 3313/3313
f 3213/3213 3214/3214 3315/3315
f 3213/3213 3315/3315 3314/3314
f 3214/3214 3215/3215 3316/3316
f 3214/3214 3316/3316 3315/3315
f 3215/3215 3216/3216 3317/3317
f 3215/3215 3317/3317 3316/3316
f 3216/3216 3217/3217 3318/3318
f 3216/3216 3318/3318 3317/3317
f 3217/3217 3218/3218 3319/3319
f 3217/3217 3319/3319 3318/3318
f 3218/3218 3219/3219 3320/3320
f 3218/3218 3320/3320 3319/3319
f 3219/3219 3220/3220 3321/3321
f 3219/3219 3321/3321 3320/3320
f 3220/3220 3221/3221 3322/3322
f 3220/3220 3322/3322 3321/3321
f 3221/3221 3222/3222 3323/3323
f 3221/3221 3323/3323 3322/3322
f 3222/3222 3223/3223 3324/3324
f 3222/3222 3324/3324 3323/3323
f 3223/3223 3224/3224 3325/3325
f 3223/3223 3325/3325 3324/3324
f 3224/3224 3225/3225 3326/3326
f 3224/3224 3326/3326 3325/3325
f 3225/3225 3226/3226 3327/3327
f 3225/3225 3327/3327 3326/3326
f 3226/3226 3227/3227 3328/3328
f 3226/3226 3328/3328 3327/3327
f 3227/3227 3228/3228 3329/3329
f 3227/3227 3329/3329 3328/3328
f 3228/3228 3229/3229 3330/3330
f 3228/3228 3330/3330 3329/3329
f 3229/3229 3230/3230 3331/3331
f 3229/3229 3331/3331 3330/3330
f 3230/3230 3231/3231 3332/3332
f 3230/3230 3332/3332 3331/3331
f 3231/3231 3232/3232 3333/3333
f 3231/3231 3333/3333 3332/3332
f 3232/3232 3233/3233 3334/3334
f 3232/3232 3334/3334 3333/3333
f 3233/3233 3234/3234 3335/3335
f 3233/3233 3335/3335 3334/3334
f 3234/3234 3235/3235 3336/3336
f 3234/3234 3336/3336 3335/3335
f 3235/3235 3236/3236 3337/3337
f 3235/3235 3337/3337 3336/3336
f 3236/3236 3237/3237 3338/3338
f 3236/3236 3338/3338 3337/3337
f 3237/3237 3238/3238 3339/3339
f 3237/3237 3339/3339 3338/3338
f 3238/3238 3239/3239 3340/3340
f 3238/3238 3340/3340 3339/3339
f 3239/3239 3240/3240 3341/3341
f 3239/3239 3341/3341 3340/3340
f 3240/3240 3241/3241 3342/3342
f 3240/3240 3342/3342 3341/3341
f 3241/3241 3242/3242 3343/3343
f 3241/3241 3343/3343 3342/3342
f 3242/3242 3243/3243 3344/3344
f 3242/3242 3344/3344 3343/3343
f 3243/3243 3244/3244 3345/3345
f 3243/3243 3345/3345 3344/3344
f 3244/3244 3245/3245 3346/3346
f 3244/3244 3346/3346 3345/3345
f 3245/3245 3246/3246 3347/3347
f 3245/3245 3347/3347 3346/3346
f 3246/3246 3247/3247 3348/3348
f 3246/3246 3348/3348 3347/3347
f 3247/3247 3248/3248 3349/3349
f 3247/3247 3349/3349 3348/3348
f 3248/3248 3249/3249 3350/3350
f 3248/3248 3350/3350 3349/3349
f 3249/3249 3250/3250 3351/3351
f 3249/3249 3351/3351 3350/3350
f 3250/3250 3251/3251 3352/3352
f 3250/3250 3352/3352 3351/3351
f 3251/3251 3252/3252 3353/3353
f 3251/3251 3353/3353 3352/3352
f 3252/3252 3253/3253 3354/3354
f 3252/3252 3354/3354 3353/3353
f 3253/3253 3254/3254 3355/3355
f 3253/3253 3355/3355 3354/3354
f 3254/3254 3255/3255 3356/3356
f 3254/3254 3356/3356 3355/3355
f 3255/3255 3256/3256 3357/3357
f 3255/3255 3357/3357 3356/3356
f 3256/3256 3257/3257 3358/3358
f 3256/3256 3358/3358 3357/3357
f 3257/3257 3258/3258 3359/3359
f 3257/3257 3359/3359 3358/3358
f 3258/3258 3259/3259 3360/3360
f 3258/3258 3360/3360 3359/3359
f 3259/3259 3260/3260 3361/3361
f 3259/3259 3361/3361 3360/3360
f 3260/3260 3261/3261 3362/3362
f 3260/3260 3362/3362 3361/3361
f 3261/3261 3262/3262 3363/3363
f 3261/3261 3363/3363 3362/3362
f 3262/3262 3263/3263 3364/3364
f 3262/3262 3364/3364 3363/3363
f 3263/3263 3264/3264 3365/3365
f 3263/3263 3365/3365 3364/3364
f 3264/3264 3265/3265 3366/3366
f 3264/3264 3366/3366 3365/3365
f 3265/3265 3266/3266 3367/3367
f 3265/3265 3367/3367 3366/3366
f 3266/3266 3267/3267 3368/3368
f 3266/3266 3368/3368 3367/3367
f 3267/3267 3268/3268 3369/3369
f 3267/3267 3369/3369 3368/3368
f 3268/3268 3269/3269 3370/3370
f 3268/3268 3370/3370 3369/3369
f 3269/3269 3270/3270 3371/3371
f 3269/3269 3371/3371 3370/3370
f 3270/3270 3271/3271 3372/3372
f 3270/3270 3372/3372 3371/3371
f 3271/3271 3272/3272 3373/3373
f 3271/3271 3373/3373 3372/3372
f 3272/3272 3273/3273 3374/3374
f 3272/3272 3374/3374 3373/3373
f 3273/3273 3274/3274 3375/3375
f 3273/3273 3375/3375 3374/3374
f 3274/3274 3275/3275 3376/3376
f 3274/3274 3376/3376 3375/3375
f 3275/3275 3276/3276 3377/3377
f 3275/3275 3377/3377 3376/3376
f 3276/3276 3277/3277 3378/3378
f 3276/3276 3378/3378 3377/3377
f 3277/3277 3278/3278 3379/3379
f 3277/3277 3379/3379 3378/3378
f 3278/3278 3279/3279 3380/3380
f 3278/3278 3380/3380 3379/3379
f 3279/3279 3280/3280 3381/3381
f 3279/3279 3381/3381 3380/3380
f 3280/3280 3281/3281 3382/3382
f 3280/3280 3382/3382 3381/3381
f 3281/3281 3282/3282 3383/3383
f 3281/3281 3383/3383 3382/3382
f 3282/3282 3283/3283 3384/3384
f 3282/3282 3384/3384 3383/3383
f 3283/3283 3284/3284 3385/3385
f 3283/3283 3385/3385 3384/3384
f 3284/3284 3285/3285 3386/3386
f 3284/3284 3386/3386 3385/3385
f 3285/3285 3286/3286 3387/3387
f 3285/3285 3387/3387 3386/3386
f 3286/3286 3287/3287 3388/3388
f 3286/3286 3388/3388 3387/3387
f 3287/3287 3288/3288 3389/3389
f 3287/3287 3389/3389 3388/3388
f 3288/3288 3289/3289 3390/3390
f 3288/3288 3390/3390 3389/3389
f 3289/3289 3290/3290 3391/3391
f 3289/3289 3391/3391 3390/3390
f 3290/3290 3291/3291 3392/3392
f 3290/3290 3392/3392 3391/3391
f 3291/3291 3292/3292 3393/3393
f 3291/3291 3393/3393 3392/3392
f 3292/3292 3293/3293 3394/3394
f 3292/3292 3394/3394 3393/3393
f 3293/3293 3294/3294 3395/3395
f 3293/3293 3395/3395 3394/3394
f 3294/3294 3295/3295 3396/3396
f 3294/3294 3396/3396 3395/3395
f 3295/3295 3296/3296 3397/3397
f 3295/3295 3397/3397 3396/3396
f 3296/3296 3297/3297 3398/3398
f 3296/3296 3398/3398 3397/3397
f 3297/3297 3298/3298 3399/3399
f 3297/3297 3399/3399 3398/3398
f 3298/3298 3299/3299 3400/3400
f 3298/3298 3400/3400 3399/3399
f 3299/3299 3300/3300 3401/3401
f 3299/3299 3401/3401 3400/3400
f 3300/3300 3301/3301 3402/3402
f 3300/3300 3402/3402 3401/3401
f 3301/3301 3302/3302 3403/3403
f 3301/3301 3403/3403 3402/3402
f 3302/3302 3303/3303 3404/3404
f 3302/3302 3404/3404 3403/3403
f 3303/3303 3304/3304 3405/3405
f 3303/3303 3405/3405 3404/3404
f 3304/3304 3305/3305 3406/3406
f 3304/3304 3406/3406 3405/3405
f 3305/3305 3306/3306 3407/3407
f 3305/3305 3407/3407 3406/3406
f 3306/3306 3307/3307 3408/3408
f 3306/3306 3408/3408 3407/3407
f 3307/3307 3308/3308 3409/3409
f 3307/3307 3409/3409 3408/3408
f 3308/3308 3309/3309 3410/3410
f 3308/3308 3410/3410 3409/3409
f 3309/3309 3310/3310 3411/3411
f 3309/3309 3411/3411 3410/3410
f 3310/3310 3311/3311 3412/3412
f 3310/3310 3412/3412 3411/3411
f 3312/3312 3313/3313 3415/3415
f 3312/3312 3415/3415 3414/3414
f 3313/3313 3314/3314 3416/3416
f 3313/3313 3416/3416 3415/3415
f 3314/3314 3315/3315 3417/3417
f 3314/3314 3417/3417 3416/3416
f 3315/3315 3316/3316 3418/3418
f 3315/3315 3418/3418 3417/3417
f 3316/3316 3317/3317 3419/3419
f 3316/3316 3419/3419 3418/3418
f 3317/3317 3318/3318 3420/3420
f 3317/3317 3420/3420 3419/3419
f 3320/3320 3321/3321 3422/3422
f 3320/3320 3422/3422 3421/3421
f 3321/3321 3322/3322 3423/3423
f 3321/3321 3423/3423 3422/3422
f 3322/3322 3323/3323 3424/3424
f 3322/3322 3424/3424 3423/3423
f 3323/3323 3324/3324 3425/3425
f 3323/3323 3425/3425 3424/3424
f 3324/3324 3325/3325 3426/3426
f 3324/3324 3426/3426 3425/3425
f 3325/3325 3326/3326 3427/3427
f 3325/3325 3427/3427 3426/3426
f 3326/3326 3327/3327 3428/3428
f 3326/3326 3428/3428 3427/3427
f 3327/3327 3328/3328 3429/3429
f 3327/3327 3429/3429 3428/3428
f 3328/3328 3329/3329 3430/3430
f 3328/3328 3430/3430 3429/3429
f 3329/3329 3330/3330 3431/3431
f 3329/3329 3431/3431 3430/3430
f 3330/3330 3331/3331 3432/3432
f 3330/3330 3432/3432 3431/3431
f 3331/3331 3332/3332 3433/3433
f 3331/3331 3433/3433 3432/3432
f 3332/3332 3333/3333 3434/3434
f 3332/3332 3434/3434 3433/3433
f 3333/3333 3334/3334 3435/3435
f 3333/3333 3435/3435 3434/3434
f 3334/3334 3335/3335 3436/3436
f 3334/3334 3436/3436 3435/3435
f 3335/3335 3336/3336 3437/3437
f 3335/3335 3437/3437 3436/3436
f 3336/3336 3337/3337 3438/3438
f 3336/3336 3438/3438 3437/3437
f 3337/3337 3338/3338 3439/3439
f 3337/3337 3439/3439 3438/3438
f 3338/3338 3339/3339 3440/3440
f 3338/3338 3440/3440 3439/3439
f 3339/3339 3340/3340 3441/3441
f 3339/3339 3441/3441 3440/3440
f 3340/3340 3341/3341 3442/3442
f 3340/3340 3442/3442 3441/3441
f 3341/3341 3342/3342 3443/3443
f 3341/3341 3443/3443 3442/3442
f 3342/3342 3343/3343 3444/3444
f 3342/3342 3444/3444 3443/3443
f 3343/3343 3344/3344 3445/3445
f 3343/3343 3445/3445 3444/3444
f 3344/3344 3345/3345 3446/3446
f 3344/3344 3446/3446 3445/3445
f 3345/3345 3346/3346 3447/3447
f 3345/3345 3447/3447 3446/3446
f 3346/3346 3347/3347 3448/3448
f 3346/3346 3448/3448 3447/3447
f 3347/3347 3348/3348 3449/3449
f 3347/3347 3449/3449 3448/3448
f 3348/3348 3349/3349 3450/3450
f 3348/3348 3450/3450 3449/3449
f 3349/3349 3350/3350 3451/3451
f 3349/3349 3451/3451 3450/3450
f 3350/3350 3351/3351 3452/3452
f 3350/3350 3452/3452 3451/3451
f 3351/3351 3352/3352 3453/3453
f 3351/3351 3453/3453 3452/3452
f 3352/3352 3353/3353 3454/3454
f 3352/3352 3454/3454 3453/3453
f 3353/3353 3354/3354 3455/3455
f 3353/3353 3455/3455 3454/3454
f 3354/3354 3355/3355 3456/3456
f 3354/3354 3456/3456 3455/3455
f 3355/3355 3356/3356 3457/3457
f 3355/3355 3457/3457 3456/3456
f 3356/3356 3357/3357 3458/3458
f 3356/3356 3458/3458 3457/3457
f 3357/3357 3358/3358 3459/3459
f 3357/3357 3459/3459 3458/3458
f 3358/3358 3359/3359 3460/3460
f 3358/3358 3460/3460 3459/3459
f 3359/3359 3360/3360 3461/3461
f 3359/3359 3461/3461 3460/3460
f 3360/3360 3361/3361 3462/3462
f 3360/3360 3462/3462 3461/3461
f 3361/3361 3362/3362 3463/3463
f 3361/3361 3463/3463 3462/3462
f 3362/3362 3363/3363 3464/3464
f 3362/3362 3464/3464 3463/3463
f 3363/3363 3364/3364 3465/3465
f 3363/3363 3465/3465 3464/3464
f 3364/3364 3365/3365 3466/3466
f 3364/3364 3466/3466 3465/3465
f 3365/3365 3366/3366 3467/3467
f 3365/3365 3467/3467 3466/3466
f 3366/3366 3367/3367 3468/3468
f 3366/3366 3468/3468 3467/3467
f 3367/3367 3368/3368 3469/3469
f 3367/3367 3469/3469 3468/3468
f 3368/3368 3369/3369 3470/3470
f 3368/3368 3470/3470 3469/3469
f 3369/3369 3370/3370 3471/3471
f 3369/3369 3471/3471 3470/3470
f 3370/3370 3371/3371 3472/3472
f 3370/3370 3472/3472 3471/3471
f 3371/3371 3372/3372 3473/3473
f 3371/3371 3473/3473 3472/3472
f 3372/3372 3373/3373 3474/3474
f 3372/3372 3474/3474 3473/3473
f 3373/3373 3374/3374 3475/3475
f 3373/3373 3475/3475 3474/3474
f 3374/3374 3375/3375 3476/3476
f 3374/3374 3476/3476 3475/3475
f 3375/3375 3376/3376 3477/3477
f 3375/3375 3477/3477 3476/3476
f 3376/3376 3377/3377 3478/3478
f 3376/3376 3478/3478 3477/3477
f 3377/3377 3378/3378 3479/3479
f 3377/3377 3479/3479 3478/3478
f 3378/3378 3379/3379 3480/3480
f 3378/3378 3480/3480 3479/3479
f 3379/3379 3380/3380 3481/3481
f 3379/3379 3481/3481 3480/3480
f 3380/3380 3381/3381 3482/3482
f 3380/3380 3482/3482 3481/3481
f 3381/3381 3382/3382 3483/3483
f 3381/3381 3483/3483 3482/3482
f 3382/3382 3383/3383 3484/3484
f 3382/3382 3484/3484 3483/3483
f 3383/3383 3384/3384 3485/3485
f 3383/3383 3485/3485 3484/3484
f 3384/3384 3385/3385 3486/3486
f 3384/3384 3486/3486 3485/3485
f 3385/3385 3386/3386 3487/3487
f 3385/3385 3487/3487 3486/3486
f 3386/3386 3387/3387 3488/3488
f 3386/3386 3488/3488 3487/3487
f 3387/3387 3388/3388 3489/3489
f 3387/3387 3489/3489 3488/3488
f 3388/3388 3389/3389 3490/3490
f 3388/3388 3490/3490 3489/3489
f 3389/3389 3390/3390 3491/3491
f 3389/3389 3491/3491 3490/3490
f 3390/3390 3391/3391 3492/3492
f 3390/3390 3492/3492 3491/3491
f 3391/3391 3392/3392 3493/3493
f 3391/3391 3493/3493 3492/3492
f 3392/3392 3393/3393 3494/3494
f 3392/3392 3494/3494 3493/3493
f 3393/3393 3394/3394 3495/3495
f 3393/3393 3495/3495 3494/3494
f 3394/3394 3395/3395 3496/3496
f 3394/3394 3496/3496 3495/3495
f 3395/3395 3396/3396 3497/3497
f 3395/3395 3497/3497 3496/3496
f 3396/3396 3397/3397 3498/3498
f 3396/3396 3498/3498 3497/3497
f 3397/3397 3398/3398 3499/3499
f 3397/3397 3499/3499 3498/3498
f 3398/3398 3399/3399 3500/3500
f 3398/3398 3500/3500 3499/3499
f 3399/3399 3400/3400 3501/3501
f 3399/3399 3501/3501 3500/3500
f 3400/3400 3401/3401 3502/3502
f 3400/3400 3502/3502 3501/3501
f 3401/3401 3402/3402 3503/3503
f 3401/3401 3503/3503 3502/3502
f 3402/3402 3403/3403 3504/3504
f 3402/3402 3504/3504 3503/3503
f 3403/3403 3404/3404 3505/3505
f 3403/3403 3505/3505 3504/3504
f 3404/3404 3405/3405 3506/3506
f 3404/3404 3506/3506 3505/3505
f 3405/3405 3406/3406 3507/3507
f 3405/3405 3507/3507 3506/3506
f 3406/3406 3407/3407 3508/3508
f 3406/3406 3508/3508 3507/3507
f 3407/3407 3408/3408 3509/3509
f 3407/3407 3509/3509 3508/3508
f 3408/3408 3409/3409 3510/3510
f 3408/3408 3510/3510 3509/3509
f 3409/3409 3410/3410 3511/3511
f 3409/3409 3511/3511 3510/3510
f 3410/3410 3411/3411 3512/3512
f 3410/3410 3512/3512 3511/3511
f 3413/3413 3414/3414 3514/3514
f 3413/3413 3514/3514 3513/3513
f 3414/3414 3415/3415 3515/3515
f 3414/3414 3515/3515 3514/3514
f 3415/3415 3416/3416 3516/3516
f 3415/3415 3516/3516 3515/3515
f 3416/3416 3417/3417 3517/3517
f 3416/3416 3517/3517 3516/3516
f 3417/3417 3418/3418 3518/3518
f 3417/3417 3518/3518 3517/3517
f 3418/3418 3419/3419 3519/3519
f 3418/3418 3519/3519 3518/3518
f 3419/3419 3420/3420 3520/3520
f 3419/3419 3520/3520 3519/3519
f 3421/3421 3422/3422 3523/3523
f 3421/3421 3523/3523 3522/3522
f 3422/3422 3423/3423 3524/3524
f 3422/3422 3524/3524 3523/3523
f 3423/3423 3424/3424 3525/3525
f 3423/3423 3525/3525 3524/3524
f 3424/3424 3425/3425 3526/3526
f 3424/3424 3526/3526 3525/3525
f 3425/3425 3426/3426 3527/3527
f 3425/3425 3527/3527 3526/3526
f 3426/3426 3427/3427 3528/3528
f 3426/3426 3528/3528 3527/3527
f 3427/3427 3428/3428 3529/3529
f 3427/3427 3529/3529 3528/3528
f 3428/3428 3429/3429 3530/3530
f 3428/3428 3530/3530 3529/3529
f 3429/3429 3430/3430 3531/3531
f 3429/3429 3531/3531 3530/3530
f 3430/3430 3431/3431 3532/3532
f 3430/3430 3532/3532 3531/3531
f 3431/3431 3432/3432 3533/3533
f 3431/3431 3533/3533 3532/3532
f 3432/3432 3433/3433 3534/3534
f 3432/3432 3534/3534 3533/3533
f 3433/3433 3434/3434 3535/3535
f 3433/3433 3535/3535 3534/3534
f 3434/3434 3435/3435 3536/3536
f 3434/3434 3536/3536 3535/3535
f 3435/3435 3436/3436 3537/3537
f 3435/3435 3537/3537 3536/3536
f 3436/3436 3437/3437 3538/3538
f 3436/3436 3538/3538 3537/3537
f 3437/3437 3438/3438 3539/3539
f 3437/3437 3539/3539 3538/3538
f 3438/3438 3439/3439 3540/3540
f 3438/3438 3540/3540 3539/3539
f 3439/3439 3440/3440 3541/3541
f 3439/3439 3541/3541 3540/3540
f 3440/3440 3441/3441 3542/3542
f 3440/3440 3542/3542 3541/3541
f 3441/3441 3442/3442 3543/3543
f 3441/3441 3543/3543 3542/3542
f 3442/3442 3443/3443 3544/3544
f 3442/3442 3544/3544 3543/3543
f 3443/3443 3444/3444 3545/3545
f 3443/3443 3545/3545 3544/3544
f 3444/3444 3445/3445 3546/3546
f 3444/3444 3546/3546 3545/3545
f 3445/3445 3446/3446 3547/3547
f 3445/3445 3547/3547 3546/3546
f 3446/3446 3447/3447 3548/3548
f 3446/3446 3548/3548 3547/3547
f 3447/3447 3448/3448 3549/3549
f 3447/3447 3549/3549 3548/3548
f 3448/3448 3449/3449 3550/3550
f 3448/3448 3550/3550 3549/3549
f 3449/3449 3450/3450 3551/3551
f 3449/3449 3551/3551 3550/3550
f 3450/3450 3451/3451 3552/3552
f 3450/3450 3552/3552 3551/3551
f 3451/3451 3452/3452 3553/3553
f 3451/3451 3553/3553 3552/3552
f 3452/3452 3453/3453 3554/3554
f 3452/3452 3554/3554 3553/3553
f 3453/3453 3454/3454 3555/3555
f 3453/3453 3555/3555 3554/3554
f 3454/3454 3455/3455 3556/3556
f 3454/3454 3556/3556 3555/3555
f 3455/3455 3456/3456 3557/3557
f 3455/3455 3557/3557 3556/3556
f 3456/3456 3457/3457 3558/3558
f 3456/3456 3558/3558 3557/3557
f 3457/3457 3458/3458 3559/3559
f 3457/3457 3559/3559 3558/3558
f 3458/3458 3459/3459 3560/3560
f 3458/3458 3560/3560 3559/3559
f 3459/3459 3460/3460 3561/3561
f 3459/3459 3561/3561 3560/3560
f 3460/3460 3461/3461 3562/3562
f 3460/3460 3562/3562 3561/3561
f 3461/3461 3462/3462 3563/3563
f 3461/3461 3563/3563 3562/3562
f 3462/3462 3463/3463 3564/3564
f 3462/3462 3564/3564 3563/3563
f 3463/3463 3464/3464 3565/3565
f 3463/3463 3565/3565 3564/3564
f 3464/3464 3465/3465 3566/3566
f 3464/3464 3566/3566 3565/3565
f 3465/3465 3466/3466 3567/3567
f 3465/3465 3567/3567 3566/3566
f 3466/3466 3467/3467 3568/3568
f 3466/3466 3568/3568 3567/3567
f 3467/3467 3468/3468 3569/3569
f 3467/3467 3569/3569 3568/3568
f 3468/3468 3469/3469 3570/3570
f 3468/3468 3570/3570 3569/3569
f 3469/3469 3470/3470 3571/3571
f 3469/3469 3571/3571 3570/3570
f 3470/3470 3471/3471 3572/3572
f 3470/3470 3572/3572 3571/3571
f 3471/3471 3472/3472 3573/3573
f 3471/3471 3573/3573 3572/3572
f 3472/3472 3473/3473 3574/3574
f 3472/3472 3574/3574 3573/3573
f 3473/3473 3474/3474 3575/3575
f 3473/3473 3575/3575 3574/3574
f 3474/3474 3475/3475 3576/3576
f 3474/3474 3576/3576 3575/3575
f 3475/3475 3476/3476 3577/3577
f 3475/3475 3577/3577 3576/3576
f 3476/3476 3477/3477 3578/3578
f 3476/3476 3578/3578 3577/3577
f 3477/3477 3478/3478 3579/3579
f 3477/3477 3579/3579 3578/3578
f 3478/3478 3479/3479 3580/3580
f 3478/3478 3580/3580 3579/3579
f 3479/3479 3480/3480 3581/3581
f 3479/3479 3581/3581 3580/3580
f 3480/3480 3481/3481 3582/3582
f 3480/3480 3582/3582 3581/3581
f 3481/3481 3482/3482 3583/3583
f 3481/3481 3583/3583 3582/3582
f 3482/3482 3483/3483 3584/3584
f 3482/3482 3584/3584 3583/3583
f 3483/3483 3484/3484 3585/3585
f 3483/3483 3585/3585 3584/3584
f 3484/3484 3485/3485 3586/3586
f 3484/3484 3586/3586 3585/3585
f 3485/3485 3486/3486 3587/3587
f 3485/3485 3587/3587 3586/3586
f 3486/3486 3487/3487 3588/3588
f 3486/3486 3588/3588 3587/3587
f 3487/3487 3488/3488 3589/3589
f 3487/3487 3589/3589 3588/3588
f 3488/3488 3489/3489 3590/3590
f 3488/3488 3590/3590 3589/3589
f 3489/3489 3490/3490 3591/3591
f 3489/3489 3591/3591 3590/3590
f 3490/3490 3491/3491 3592/3592
f 3490/3490 3592/3592 3591/3591
f 3491/3491 3492/3492 3593/3593
f 3491/3491 3593/3593 3592/3592
f 3492/3492 3493/3493 3594/3594
f 3492/3492 3594/3594 3593/3593
f 3493/3493 3494/3494 3595/3595
f 3493/3493 3595/3595 3594/3594
f 3494/3494 3495/3495 3596/3596
f 3494/3494 3596/3596 3595/3595
f 3495/3495 3496/3496 3597/3597
f 3495/3495 3597/3597 3596/3596
f 3496/3496 3497/3497 3598/3598
f 3496/3496 3598/3598 3597/3597
f 3497/3497 3498/3498 3599/3599
f 3497/3497 3599/3599 3598/3598
f 3498/3498 3499/3499 3600/3600
f 3498/3498 3600/3600 3599/3599
f 3499/3499 3500/3500 3601/3601
f 3499/3499 3601/3601 3600/3600
f 3500/3500 3501/3501 3602/3602
f 3500/3500 3602/3602 3601/3601
f 3501/3501 3502/3502 3603/3603
f 3501/3501 3603/3603 3602/3602
f 3502/3502 3503/3503 3604/3604
f 3502/3502 3604/3604 3603/3603
f 3503/3503 3504/3504 3605/3605
f 3503/3503 3605/3605 3604/3604
f 3504/3504 3505/3505 3606/3606
f 3504/3504 3606/3606 3605/3605
f 3505/3505 3506/3506 3607/3607
f 3505/3505 3607/3607 3606/3606
f 3506/3506 3507/3507 3608/3608
f 3506/3506 3608/3608 3607/3607
f 3507/3507 3508/3508 3609/3609
f 3507/3507 3609/3609 3608/3608
f 3508/3508 3509/3509 3610/3610
f 3508/3508 3610/3610 3609/3609
f 3509/3509 3510/3510 3611/3611
f 3509/3509 3611/3611 3610/3610
f 3510/3510 3511/3511 3612/3612
f 3510/3510 3612/3612 3611/3611
f 3511/3511 3512/3512 3613/3613
f 3511/3511 3613/3613 3612/3612
f 3513/3513 3514/3514 3616/3616
f 3513/3513 3616/3616 3615/3615
f 3514/3514 3515/3515 3617/3617
f 3514/3514 3617/3617 3616/3616
f 3515/3515 3516/3516 3618/3618
f 3515/3515 3618/3618 3617/3617
f 3516/3516 3517/3517 3619/3619
f 3516/3516 3619/3619 3618/3618
f 3517/3517 3518/3518 3620/3620
f 3517/3517 3620/3620 3619/3619
f 3518/3518 3519/3519 3621/3621
f 3518/3518 3621/3621 3620/3620
f 3519/3519 3520/3520 3622/3622
f 3519/3519 3622/3622 3621/3621
f 3520/3520 3521/3521 3623/3623
f 3520/3520 3623/3623 3622/3622
f 3521/3521 3522/3522 3624/3624
f 3521/3521 3624/3624 3623/3623
f 3522/3522 3523/3523 3625/3625
f 3522/3522 3625/3625 3624/3624
f 3523/3523 3524/3524 3626/3626
f 3523/3523 3626/3626 3625/3625
f 3524/3524 3525/3525 3627/3627
f 3524/3524 3627/3627 3626/3626
f 3525/3525 3526/3526 3628/3628
f 3525/3525 3628/3628 3627/3627
f 3526/3526 3527/3527 3629/3629
f 3526/3526 3629/3629 3628/3628
f 3527/3527 3528/3528 3630/3630
f 3527/3527 3630/3630 3629/3629
f 3528/3528 3529/3529 3631/3631
f 3528/3528 3631/3631 3630/3630
f 3529/3529 3530/3530 3632/3632
f 3529/3529 3632/3632 3631/3631
f 3530/3530 3531/3531 3633/3633
f 3530/3530 3633/3633 3632/3632
f 3531/3531 3532/3532 3634/3634
f 3531/3531 3634/3634 3633/3633
f 3532/3532 3533/3533 3635/3635
f 3532/3532 3635/3635 3634/3634
f 3533/3533 3534/3534 3636/3636
f 3533/3533 3636/3636 3635/3635
f 3534/3534 3535/3535 3637/3637
f 3534/3534 3637/3637 3636/3636
f 3535/3535 3536/3536 3638/3638
f 3535/3535 3638/3638 3637/3637
f 3536/3536 3537/3537 3639/3639
f 3536/3536 3639/3639 3638/3638
f 3537/3537 3538/3538 3640/3640
f 3537/3537 3640/3640 3639/3639
f 3538/3538 3539/3539 3641/3641
f 3538/3538 3641/3641 3640/3640
f 3539/3539 3540/3540 3642/3642
f 3539/3539 3642/3642 3641/3641
f 3540/3540 3541/3541 3643/3643
f 3540/3540 3643/3643 3642/3642
f 3541/3541 3542/3542 3644/3644
f 3541/3541 3644/3644 3643/3643
f 3542/3542 3543/3543 3645/3645
f 3542/3542 3645/3645 3644/3644
f 3543/3543 3544/3544 3646/3646
f 3543/3543 3646/3646 3645/3645
f 3544/3544 3545/3545 3647/3647
f 3544/3544 3647/3647 3646/3646
f 3545/3545 3546/3546 3648/3648
f 3545/3545 3648/3648 3647/3647
f 3546/3546 3547/3547 3649/3649
f 3546/3546 3649/3649 3648/3648
f 3547/3547 3548/3548 3650/3650
f 3547/3547 3650/3650 3649/3649
f 3548/3548 3549/3549 3651/3651
f 3548/3548 3651/3651 3650/3650
f 3549/3549 3550/3550 3652/3652
f 3549/3549 3652/3652 3651/3651
f 3550/3550 3551/3551 3653/3653
f 3550/3550 3653/3653 3652/3652
f 3551/3551 3552/3552 3654/3654
f 3551/3551 3654/3654 3653/3653
f 3552/3552 3553/3553 3655/3655
f 3552/3552 3655/3655 3654/3654
f 3553/3553 3554/3554 3656/3656
f 3553/3553 3656/3656 3655/3655
f 3554/3554 3555/3555 3657/3657
f 3554/3554 3657/3657 3656/3656
f 3555/3555 3556/3556 3658/3658
f 3555/3555 3658/3658 3657/3657
f 3556/3556 3557/3557 3659/3659
f 3556/3556 3659/3659 3658/3658
f 3557/3557 3558/3558 3660/3660
f 3557/3557 3660/3660 3659/3659
f 3558/3558 3559/3559 3661/3661
f 3558/3558 3661/3661 3660/3660
f 3559/3559 3560/3560 3662/3662
f 3559/3559 3662/3662 3661/3661
f 3560/3560 3561/3561 3663/3663
f 3560/3560 3663/3663 3662/3662
f 3561/3561 3562/3562 3664/3664
f 3561/3561 3664/3664 3663/3663
f 3562/3562 3563/3563 3665/3665
f 3562/3562 3665/3665 3664/3664
f 3563/3563 3564/3564 3666/3666
f 3563/3563 3666/3666 3665/3665
f 3564/3564 3565/3565 3667/3667
f 3564/3564 3667/3667 3666/3666
f 3565/3565 3566/3566 3668/3668
f 3565/3565 3668/3668 3667/3667
f 3566/3566 3567/3567 3669/3669
f 3566/3566 3669/3669 3668/3668
f 3567/3567 3568/3568 3670/3670
f 3567/3567 3670/3670 3669/3669
f 3568/3568 3569/3569 3671/3671
f 3568/3568 3671/3671 3670/3670
f 3569/3569 3570/3570 3672/3672
f 3569/3569 3672/3672 3671/3671
f 3570/3570 3571/3571 3673/3673
f 3570/3570 3673/3673 3672/3672
f 3571/3571 3572/3572 3674/3674
f 3571/3571 3674/3674 3673/3673
f 3572/3572 3573/3573 3675/3675
f 3572/3572 3675/3675 3674/3674
f 3573/3573 3574/3574 3676/3676
f 3573/3573 3676/3676 3675/3675
f 3574/3574 3575/3575 3677/3677
f 3574/3574 3677/3677 3676/3676
f 3575/3575 3576/3576 3678/3678
f 3575/3575 3678/3678 3677/3677
f 3576/3576 3577/3577 3679/3679
f 3576/3576 3679/3679 3678/3678
f 3577/3577 3578/3578 3680/3680
f 3577/3577 3680/3680 3679/3679
f 3578/3578 3579/3579 3681/3681
f 3578/3578 3681/3681 3680/3680
f 3579/3579 3580/3580 3682/3682
f 3579/3579 3682/3682 3681/3681
f 3580/3580 3581/3581 3683/3683
f 3580/3580 3683/3683 3682/3682
f 3581/3581 3582/3582 3684/3684
f 3581/3581 3684/3684 3683/3683
f 3582/3582 3583/3583 3685/3685
f 3582/3582 3685/3685 3684/3684
f 3583/3583 3584/3584 3686/3686
f 3583/3583 3686/3686 3685/3685
f 3584/3584 3585/3585 3687/3687
f 3584/3584 3687/3687 3686/3686
f 3585/3585 3586/3586 3688/3688
f 3585/3585 3688/3688 3687/3687
f 3586/3586 3587/3587 3689/3689
f 3586/3586 3689/3689 3688/3688
f 3587/3587 3588/3588 3690/3690
f 3587/3587 3690/3690 3689/3689
f 3588/3588 3589/3589 3691/3691
f 3588/3588 3691/3691 3690/3690
f 3589/3589 3590/3590 3692/3692
f 3589/3589 3692/3692 3691/3691
f 3590/3590 3591/3591 3693/3693
f 3590/3590 3693/3693 3692/3692
f 3591/3591 3592/3592 3694/3694
f 3591/3591 3694/3694 3693/3693
f 3592/3592 3593/3593 3695/3695
f 3592/3592 3695/3695 3694/3694
f 3593/3593 3594/3594 3696/3696
f 3593/3593 3696/3696 3695/3695
f 3594/3594 3595/3595 3697/3697
f 3594/3594 3697/3697 3696/3696
f 3595/3595 3596/3596 3698/3698
f 3595/3595 3698/3698 3697/3697
f 3596/3596 3597/3597 3699/3699
f 3596/3596 3699/3699 3698/3698
f 3597/3597 3598/3598 3700/3700
f 3597/3597 3700/3700 3699/3699
f 3598/3598 3599/3599 3701/3701
f 3598/3598 3701/3701 3700/3700
f 3599/3599 3600/3600 3702/3702
f 3599/3599 3702/3702 3701/3701
f 3600/3600 3601/3601 3703/3703
f 3600/3600 3703/3703 3702/3702
f 3601/3601 3602/3602 3704/3704
f 3601/3601 3704/3704 3703/3703
f 3602/3602 3603/3603 3705/3705
f 3602/3602 3705/3705 3704/3704
f 3603/3603 3604/3604 3706/3706
f 3603/3603 3706/3706 3705/3705
f 3604/3604 3605/3605 3707/3707
f 3604/3604 3707/3707 3706/3706
f 3605/3605 3606/3606 3708/3708
f 3605/3605 3708/3708 3707/3707
f 3606/3606 3607/3607 3709/3709
f 3606/3606 3709/3709 3708/3708
f 3607/3607 3608/3608 3710/3710
f 3607/3607 3710/3710 3709/3709
f 3608/3608 3609/3609 3711/3711
f 3608/3608 3711/3711 3710/3710
f 3609/3609 3610/3610 3712/3712
f 3609/3609 3712/3712 3711/3711
f 3610/3610 3611/3611 3713/3713
f 3610/3610 3713/3713 3712/3712
f 3611/3611 3612/3612 3714/3714
f 3611/3611 3714/3714 3713/3713
f 3612/3612 3613/3613 3715/3715
f 3612/3612 3715/3715 3714/3714
f 3614/3614 3615/3615 3718/3718
f 3614/3614 3718/3718 3717/3717
f 3615/3615 3616/3616 3719/3719
f 3615/3615 3719/3719 3718/3718
f 3616/3616 3617/3617 3720/3720
f 3616/3616 3720/3720 3719/3719
f 3617/3617 3618/3618 3721/3721
f 3617/3617 3721/3721 3720/3720
f 3618/3618 3619/3619 3722/3722
f 3618/3618 3722/3722 3721/3721
f 3619/3619 3620/3620 3723/3723
f 3619/3619 3723/3723 3722/3722
f 3620/3620 3621/3621 3724/3724
f 3620/3620 3724/3724 3723/3723
f 3621/3621 3622/3622 3725/3725
f 3621/3621 3725/3725 3724/3724
f 3622/3622 3623/3623 3726/3726
f 3622/3622 3726/3726 3725/3725
f 3623/3623 3624/3624 3727/3727
f 3623/3623 3727/3727 3726/3726
f 3624/3624 3625/3625 3728/3728
f 3624/3624 3728/3728 3727/3727
f 3625/3625 3626/3626 3729/3729
f 3625/3625 3729/3729 3728/3728
f 3626/3626 3627/3627 3730/3730
f 3626/3626 3730/3730 3729/3729
f 3627/3627 3628/3628 3731/3731
f 3627/3627 3731/3731 3730/3730
f 3628/3628 3629/3629 3732/3732
f 3628/3628 3732/3732 3731/3731
f 3629/3629 3630/3630 3733/3733
f 3629/3629 3733/3733 3732/3732
f 3630/3630 3631/3631 3734/3734
f 3630/3630 3734/3734 3733/3733
f 3631/3631 3632/3632 3735/3735
f 3631/3631 3735/3735 3734/3734
f 3632/3632 3633/3633 3736/3736
f 3632/3632 3736/3736 3735/3735
f 3633/3633 3634/3634 3737/3737
f 3633/3633 3737/3737 3736/3736
f 3634/3634 3635/3635 3738/3738
f 3634/3634 3738/3738 3737/3737
f 3635/3635 3636/3636 3739/3739
f 3635/3635 3739/3739 3738/3738
f 3636/3636 3637/3637 3740/3740
f 3636/3636 3740/3740 3739/3739
f 3637/3637 3638/3638 3741/3741
f 3637/3637 3741/3741 3740/3740
f 3638/3638 3639/3639 3742/3742
f 3638/3638 3742/3742 3741/3741
f 3639/3639 3640/3640 3743/3743
f 3639/3639 3743/3743 3742/3742
f 3640/3640 3641/3641 3744/3744
f 3640/3640 3744/3744 3743/3743
f 3641/3641 3642/3642 3745/3745
f 3641/3641 3745/3745 3744/3744
f 3642/3642 3643/3643 3746/3746
f 3642/3642 3746/3746 3745/3745
f 3643/3643 3644/3644 3747/3747
f 3643/3643 3747/3747 3746/3746
f 3644/3644 3645/3645 3748/3748
f 3644/3644 3748/3748 3747/3747
f 3645/3645 3646/3646 3749/3749
f 3645/3645 3749/3749 3748/3748
f 3646/3646 3647/3647 3750/3750
f 3646/3646 3750/3750 3749/3749
f 3647/3647 3648/3648 3751/3751
f 3647/3647 3751/3751 3750/3750
f 3648/3648 3649/3649 3752/3752
f 3648/3648 3752/3752 3751/3751
f 3649/3649 3650/3650 3753/3753
f 3649/3649 3753/3753 3752/3752
f 3650/3650 3651/3651 3754/3754
f 3650/3650 3754/3754 3753/3753
f 3651/3651 3652/3652 3755/3755
f 3651/3651 3755/3755 3754/3754
f 3652/3652 3653/3653 3756/3756
f 3652/3652 3756/3756 3755/3755
f 3653/3653 3654/3654 3757/3757
f 3653/3653 3757/3757 3756/3756
f 3654/3654 3655/3655 3758/3758
f 3654/3654 3758/3758 3757/3757
f 3655/3655 3656/3656 3759/3759
f 3655/3655 3759/3759 3758/3758
f 3656/3656 3657/3657 3760/3760
f 3656/3656 3760/3760 3759/3759
f 3657/3657 3658/3658 3761/3761
f 3657/3657 3761/3761 3760/3760
f 3658/3658 3659/3659 3762/3762
f 3658/3658 3762/3762 3761/3761
f 3659/3659 3660/3660 3763/3763
f 3659/3659 3763/3763 3762/3762
f 3660/3660 3661/3661 3764/3764
f 3660/3660 3764/3764 3763/3763
f 3661/3661 3662/3662 3765/3765
f 3661/3661 3765/3765 3764/3764
f 3662/3662 3663/3663 3766/3766
f 3662/3662 3766/3766 3765/3765
f 3663/3663 3664/3664 3767/3767
f 3663/3663 3767/3767 3766/3766
f 3664/3664 3665/3665 3768/3768
f 3664/3664 3768/3768 3767/3767
f 3665/3665 3666/3666 3769/3769
f 3665/3665 3769/3769 3768/3768
f 3666/3666 3667/3667 3770/3770
f 3666/3666 3770/3770 3769/3769
f 3667/3667 3668/3668 3771/3771
f 3667/3667 3771/3771 3770/3770
f 3668/3668 3669/3669 3772/3772
f 3668/3668 3772/3772 3771/3771
f 3669/3669 3670/3670 3773/3773
f 3669/3669 3773/3773 3772/3772
f 3670/3670 3671/3671 3774/3774
f 3670/3670 3774/3774 3773/3773
f 3671/3671 3672/3672 3775/3775
f 3671/3671 3775/3775 3774/3774
f 3672/3672 3673/3673 3776/3776
f 3672/3672 3776/3776 3775/3775
f 3673/3673 3674/3674 3777/3777
f 3673/3673 3777/3777 3776/3776
f 3674/3674 3675/3675 3778/3778
f 3674/3674 3778/3778 3777/3777
f 3675/3675 3676/3676 3779/3779
f 3675/3675 3779/3779 3778/3778
f 3676/3676 3677/3677 3780/3780
f 3676/3676 3780/3780 3779/3779
f 3677/3677 3678/3678 3781/3781
f 3677/3677 3781/3781 3780/3780
f 3678/3678 3679/3679 3782/3782
f 3678/3678 3782/3782 3781/3781
f 3679/3679 3680/3680 3783/3783
f 3679/3679 3783/3783 3782/3782
f 3680/3680 3681/3681 3784/3784
f 3680/3680 3784/3784 3783/3783
f 3681/3681 3682/3682 3785/3785
f 3681/3681 3785/3785 3784/3784
f 3682/3682 3683/3683 3786/3786
f 3682/3682 3786/3786 3785/3785
f 3683/3683 3684/3684 3787/3787
f 3683/3683 3787/3787 3786/3786
f 3684/3684 3685/3685 3788/3788
f 3684/3684 3788/3788 3787/3787
f 3685/3685 3686/3686 3789/3789
f 3685/3685 3789/3789 3788/3788
f 3686/3686 3687/3687 3790/3790
f 3686/3686 3790/3790 3789/3789
f 3687/3687 3688/3688 3791/3791
f 3687/3687 3791/3791 3790/3790
f 3688/3688 3689/3689 3792/3792
f 3688/3688 3792/3792 3791/3791
f 3689/3689 3690/3690 3793/3793
f 3689/3689 3793/3793 3792/3792
f 3690/3690 3691/3691 3794/3794
f 3690/3690 3794/3794 3793/3793
f 3691/3691 3692/3692 3795/3795
f 3691/3691 3795/3795 3794/3794
f 3692/3692 3693/3693 3796/3796
f 3692/3692 3796/3796 3795/3795
f 3693/3693 3694/3694 3797/3797
f 3693/3693 3797/3797 3796/3796
f 3694/3694 3695/3695 3798/3798
f 3694/3694 3798/3798 3797/3797
f 3695/3695 3696/3696 3799/3799
f 3695/3695 3799/3799 3798/3798
f 3696/3696 3697/3697 3800/3800
f 3696/3696 3800/3800 3799/3799
f 3697/3697 3698/3698 3801/3801
f 3697/3697 3801/3801 3800/3800
f 3698/3698 3699/3699 3802/3802
f 3698/3698 3802/3802 3801/3801
f 3699/3699 3700/3700 3803/3803
f 3699/3699 3803/3803 3802/3802
f 3700/3700 3701/3701 3804/3804
f 3700/3700 3804/3804 3803/3803
f 3701/3701 3702/3702 3805/3805
f 3701/3701 3805/3805 3804/3804
f 3702/3702 3703/3703 3806/3806
f 3702/3702 3806/3806 3805/3805
f 3703/3703 3704/3704 3807/3807
f 3703/3703 3807/3807 3806/3806
f 3704/3704 3705/3705 3808/3808
f 3704/3704 3808/3808 3807/3807
f 3705/3705 3706/3706 3809/3809
f 3705/3705 3809/3809 3808/3808
f 3706/3706 3707/3707 3810/3810
f 3706/3706 3810/3810 3809/3809
f 3707/3707 3708/3708 3811/3811
f 3707/3707 3811/3811 3810/3810
f 3708/3708 3709/3709 3812/3812
f 3708/3708 3812/3812 3811/3811
f 3709/3709 3710/3710 3813/3813
f 3709/3709 3813/3813 3812/3812
f 3710/3710 3711/3711 3814/3814
f 3710/3710 3814/3814 3813/3813
f 3711/3711 3712/3712 3815/3815
f 3711/3711 3815/3815 3814/3814
f 3712/3712 3713/3713 3816/3816
f 3712/3712 3816/3816 3815/3815
f 3713/3713 3714/3714 3817/3817
f 3713/3713 3817/3817 3816/3816
f 3714/3714 3715/3715 3818/3818
f 3714/3714 3818/3818 3817/3817
f 3716/3716 3717/3717 3821/3821
f 3716/3716 3821/3821 3820/3820
f 3717/3717 3718/3718 3822/3822
f 3717/3717 3822/3822 3821/3821
f 3718/3718 3719/3719 3823/3823
f 3718/3718 3823/3823 3822/3822
f 3719/3719 3720/3720 3824/3824
f 3719/3719 3824/3824 3823/3823
f 3720/3720 3721/3721 3825/3825
f 3720/3720 3825/3825 3824/3824
f 3721/3721 3722/3722 3826/3826
f 3721/3721 3826/3826 3825/3825
f 3722/3722 3723/3723 3827/3827
f 3722/3722 3827/3827 3826/3826
f 3723/3723 3724/3724 3828/3828
f 3723/3723 3828/3828 3827/3827
f 3724/3724 3725/3725 3829/3829
f 3724/3724 3829/3829 3828/3828
f 3725/3725 3726/3726 3830/3830
f 3725/3725 3830/3830 3829/3829
f 3726/3726 3727/3727 3831/3831
f 3726/3726 3831/3831 3830/3830
f 3727/3727 3728/3728 3832/3832
f 3727/3727 3832/3832 3831/3831
f 3728/3728 3729/3729 3833/3833
f 3728/3728 3833/3833 3832/3832
f 3729/3729 3730/3730 3834/3834
f 3729/3729 3834/3834 3833/3833
f 3730/3730 3731/3731 3835/3835
f 3730/3730 3835/3835 3834/3834
f 3731/3731 3732/3732 3836/3836
f 3731/3731 3836/3836 3835/3835
f 3732/3732 3733/3733 3837/3837
f 3732/3732 3837/3837 3836/3836
f 3733/3733 3734/3734 3838/3838
f 3733/3733 3838/3838 3837/3837
f 3734/3734 3735/3735 3839/3839
f 3734/3734 3839/3839 3838/3838
f 3735/3735 3736/3736 3840/3840
f 3735/3735 3840/3840 3839/3839
f 3736/3736 3737/3737 3841/3841
f 3736/3736 3841/3841 3840/3840
f 3737/3737 3738/3738 3842/3842
f 3737/3737 3842/3842 3841/3841
f 3738/3738 3739/3739 3843/3843
f 3738/3738 3843/3843 3842/3842
f 3739/3739 3740/3740 3844/3844
f 3739/3739 3844/3844 3843/3843
f 3740/3740 3741/3741 3845/3845
f 3740/3740 3845/3845 3844/3844
f 3741/3741 3742/3742 3846/3846
f 3741/3741 3846/3846 3845/3845
f 3742/3742 3743/3743 3847/3847
f 3742/3742 3847/3847 3846/3846
f 3743/3743 3744/3744 3848/3848
f 3743/3743 3848/3848 3847/3847
f 3744/3744 3745/3745 3849/3849
f 3744/3744 3849/3849 3848/3848
f 3745/3745 3746/3746 3850/3850
f 3745/3745 3850/3850 3849/3849
f 3746/3746 3747/3747 3851/3851
f 3746/3746 3851/3851 3850/3850
f 3747/3747 3748/3748 3852/3852
f 3747/3747 3852/3852 3851/3851
f 3748/3748 3749/3749 3853/3853
f 3748/3748 3853/3853 3852/3852
f 3749/3749 3750/3750 3854/3854
f 3749/3749 3854/3854 3853/3853
f 3750/3750 3751/3751 3855/3855
f 3750/3750 3855/3855 3854/3854
f 3751/3751 3752/3752 3856/3856
f 3751/3751 3856/3856 3855/3855
f 3752/3752 3753/3753 3857/3857
f 3752/3752 3857/3857 3856/3856
f 3753/3753 3754/3754 3858/3858
f 3753/3753 3858/3858 3857/3857
f 3754/3754 3755/3755 3859/3859
f 3754/3754 3859/3859 3858/3858
f 3755/3755 3756/3756 3860/3860
f 3755/3755 3860/3860 3859/3859
f 3756/3756 3757/3757 3861/3861
f 3756/3756 3861/3861 3860/3860
f 3757/3757 3758/3758 3862/3862
f 3757/3757 3862/3862 3861/3861
f 3758/3758 3759/3759 3863/3863
f 3758/3758 3863/3863 3862/3862
f 3759/3759 3760/3760 3864/3864
f 3759/3759 3864/3864 3863/3863
f 3760/3760 3761/3761 3865/3865
f 3760/3760 3865/3865 3864/3864
f 3761/3761 3762/3762 3866/3866
f 3761/3761 3866/3866 3865/3865
f 3762/3762 3763/3763 3867/3867
f 3762/3762 3867/3867 3866/3866
f 3763/3763 3764/3764 3868/3868
f 3763/3763 3868/3868 3867/3867
f 3764/3764 3765/3765 3869/3869
f 3764/3764 3869/3869 3868/3868
f 3765/3765 3766/3766 3870/3870
f 3765/3765 3870/3870 3869/3869
f 3766/3766 3767/3767 3871/3871
f 3766/3766 3871/3871 3870/3870
f 3767/3767 3768/3768 3872/3872
f 3767/3767 3872/3872 3871/3871
f 3768/3768 3769/3769 3873/3873
f 3768/3768 3873/3873 3872/3872
f 3769/3769 3770/3770 3874/3874
f 3769/3769 3874/3874 3873/3873
f 3770/3770 3771/3771 3875/3875
f 3770/3770 3875/3875 3874/3874
f 3771/3771 3772/3772 3876/3876
f 3771/3771 3876/3876 3875/3875
f 3772/3772 3773/3773 3877/3877
f 3772/3772 3877/3877 3876/3876
f 3773/3773 3774/3774 3878/3878
f 3773/3773 3878/3878 3877/3877
f 3774/3774 3775/3775 3879/3879
f 3774/3774 3879/3879 3878/3878
f 3775/3775 3776/3776 3880/3880
f 3775/3775 3880/3880 3879/3879
f 3776/3776 3777/3777 3881/3881
f 3776/3776 3881/3881 3880/3880
f 3777/3777 3778/3778 3882/3882
f 3777/3777 3882/3882 3881/3881
f 3778/3778 3779/3779 3883/3883
f 3778/3778 3883/3883 3882/3882
f 3779/3779 3780/3780 3884/3884
f 3779/3779 3884/3884 3883/3883
f 3780/3780 3781/3781 3885/3885
f 3780/3780 3885/3885 3884/3884
f 3781/3781 3782/3782 3886/3886
f 3781/3781 3886/3886 3885/3885
f 3782/3782 3783/3783 3887/3887
f 3782/3782 3887/3887 3886/3886
f 3783/3783 3784/3784 3888/3888
f 3783/3783 3888/3888 3887/3887
f 3784/3784 3785/3785 3889/3889
f 3784/3784 3889/3889 3888/3888
f 3785/3785 3786/3786 3890/3890
f 3785/3785 3890/3890 3889/3889
f 3786/3786 3787/3787 3891/3891
f 3786/3786 3891/3891 3890/3890
f 3787/3787 3788/3788 3892/3892
f 3787/3787 3892/3892 3891/3891
f 3788/3788 3789/3789 3893/3893
f 3788/3788 3893/3893 3892/3892
f 3789/3789 3790/3790 3894/3894
f 3789/3789 3894/3894 3893/3893
f 3790/3790 3791/3791 3895/3895
f 3790/3790 3895/3895 3894/3894
f 3791/3791 3792/3792 3896/3896
f 3791/3791 3896/3896 3895/3895
f 3792/3792 3793/3793 3897/3897
f 3792/3792 3897/3897 3896/3896
f 3793/3793 3794/3794 3898/3898
f 3793/3793 3898/3898 3897/3897
f 3794/3794 3795/3795 3899/3899
f 3794/3794 3899/3899 3898/3898
f 3795/3795 3796/3796 3900/3900
f 3795/3795 3900/3900 3899/3899
f 3796/3796 3797/3797 3901/3901
f 3796/3796 3901/3901 3900/3900
f 3797/3797 3798/3798 3902/3902
f 3797/3797 3902/3902 3901/3901
f 3798/3798 3799/3799 3903/3903
f 3798/3798 3903/3903 3902/3902
f 3799/3799 3800/3800 3904/3904
f 3799/3799 3904/3904 3903/3903
f 3800/3800 3801/3801 3905/3905
f 3800/3800 3905/3905 3904/3904
f 3801/3801 3802/3802 3906/3906
f 3801/3801 3906/3906 3905/3905
f 3802/3802 3803/3803 3907/3907
f 3802/3802 3907/3907 3906/3906
f 3803/3803 3804/3804 3908/3908
f 3803/3803 3908/3908 3907/3907
f 3804/3804 3805/3805 3909/3909
f 3804/3804 3909/3909 3908/3908
f 3805/3805 3806/3806 3910/3910
f 3805/3805 3910/3910 3909/3909
f 3806/3806 3807/3807 3911/3911
f 3806/3806 3911/3911 3910/3910
f 3807/3807 3808/3808 3912/3912
f 3807/3807 3912/3912 3911/3911
f 3808/3808 3809/3809 3913/3913
f 3808/3808 3913/3913 3912/3912
f 3809/3809 3810/3810 3914/3914
f 3809/3809 3914/3914 3913/3913
f 3810/3810 3811/3811 3915/3915
f 3810/3810 3915/3915 3914/3914
f 3811/3811 3812/3812 3916/3916
f 3811/3811 3916/3916 3915/3915
f 3812/3812 3813/3813 3917/3917
f 3812/3812 3917/3917 3916/3916
f 3813/3813 3814/3814 3918/3918
f 3813/3813 3918/3918 3917/3917
f 3814/3814 3815/3815 3919/3919
f 3814/3814 3919/3919 3918/3918
f 3815/3815 3816/3816 3920/3920
f 3815/3815 3920/3920 3919/3919
f 3816/3816 3817/3817 3921/3921
f 3816/3816 3921/3921 3920/3920
f 3817/3817 3818/3818 3922/3922
f 3817/3817 3922/3922 3921/3921
f 3819/3819 3820/3820 3925/3925
f 3819/3819 3925/3925 3924/3924
f 3820/3820 3821/3821 3926/3926
f 3820/3820 3926/3926 3925/3925
f 3821/3821 3822/3822 3927/3927
f 3821/3821 3927/3927 3926/3926
f 3822/3822 3823/3823 3928/3928
f 3822/3822 3928/3928 3927/3927
f 3823/3823 3824/3824 3929/3929
f 3823/3823 3929/3929 3928/3928
f 3824/3824 3825/3825 3930/3930
f 3824/3824 3930/3930 3929/3929
f 3825/3825 3826/3826 3931/3931
f 3825/3825 3931/3931 3930/3930
f 3826/3826 3827/3827 3932/3932
f 3826/3826 3932/3932 3931/3931
f 3827/3827 3828/3828 3933/3933
f 3827/3827 3933/3933 3932/3932
f 3828/3828 3829/3829 3934/3934
f 3828/3828 3934/3934 3933/3933
f 3829/3829 3830/3830 3935/3935
f 3829/3829 3935/3935 3934/3934
f 3830/3830 3831/3831 3936/3936
f 3830/3830 3936/3936 3935/3935
f 3831/3831 3832/3832 3937/3937
f 3831/3831 3937/3937 3936/3936
f 3832/3832 3833/3833 3938/3938
f 3832/3832 3938/3938 3937/3937
f 3833/3833 3834/3834 3939/3939
f 3833/3833 3939/3939 3938/3938
f 3834/3834 3835/3835 3940/3940
f 3834/3834 3940/3940 3939/3939
f 3835/3835 3836/3836 3941/3941
f 3835/3835 3941/3941 3940/3940
f 3836/3836 3837/3837 3942/3942
f 3836/3836 3942/3942 3941/3941
f 3837/3837 3838/3838 3943/3943
f 3837/3837 3943/3943 3942/3942
f 3838/3838 3839/3839 3944/3944
f 3838/3838 3944/3944 3943/3943
f 3839/3839 3840/3840 3945/3945
f 3839/3839 3945/3945 3944/3944
f 3840/3840 3841/3841 3946/3946
f 3840/3840 3946/3946 3945/3945
f 3841/3841 3842/3842 3947/3947
f 3841/3841 3947/3947 3946/3946
f 3842/3842 3843/3843 3948/3948
f 3842/3842 3948/3948 3947/3947
f 3843/3843 3844/3844 3949/3949
f 3843/3843 3949/3949 3948/3948
f 3844/3844 3845/3845 3950/3950
f 3844/3844 3950/3950 3949/3949
f 3845/3845 3846/3846 3951/3951
f 3845/3845 3951/3951 3950/3950
f 3846/3846 3847/3847 3952/3952
f 3846/3846 3952/3952 3951/3951
f 3847/3847 3848/3848 3953/3953
f 3847/3847 3953/3953 3952/3952
f 3848/3848 3849/3849 3954/3954
f 3848/3848 3954/3954 3953/3953
f 3849/3849 3850/3850 3955/3955
f 3849/3849 3955/3955 3954/3954
f 3850/3850 3851/3851 3956/3956
f 3850/3850 3956/3956 3955/3955
f 3851/3851 3852/3852 3957/3957
f 3851/3851 3957/3957 3956/3956
f 3852/3852 3853/3853 3958/3958
f 3852/3852 3958/3958 3957/3957
f 3853/3853 3854/3854 3959/3959
f 3853/3853 3959/3959 3958/3958
f 3854/3854 3855/3855 3960/3960
f 3854/3854 3960/3960 3959/3959
f 3855/3855 3856/3856 3961/3961
f 3855/3855 3961/3961 3960/3960
f 3856/3856 3857/3857 3962/3962
f 3856/3856 3962/3962 3961/3961
f 3857/3857 3858/3858 3963/3963
f 3857/3857 3963/3963 3962/3962
f 3858/3858 3859/3859 3964/3964
f 3858/3858 3964/3964 3963/3963
f 3859/3859 3860/3860 3965/3965
f 3859/3859 3965/3965 3964/3964
f 3860/3860 3861/3861 3966/3966
f 3860/3860 3966/3966 3965/3965
f 3861/3861 3862/3862 3967/3967
f 3861/3861 3967/3967 3966/3966
f 3862/3862 3863/3863 3968/3968
f 3862/3862 3968/3968 3967/3967
f 3863/3863 3864/3864 3969/3969
f 3863/3863 3969/3969 3968/3968
f 3864/3864 3865/3865 3970/3970
f 3864/3864 3970/3970 3969/3969
f 3865/3865 3866/3866 3971/3971
f 3865/3865 3971/3971 3970/3970
f 3866/3866 3867/3867 3972/3972
f 3866/3866 3972/3972 3971/3971
f 3867/3867 3868/3868 3973/3973
f 3867/3867 3973/3973 3972/3972
f 3868/3868 3869/3869 3974/3974
f 3868/3868 3974/3974 3973/3973
f 3869/3869 3870/3870 3975/3975
f 3869/3869 3975/3975 3974/3974
f 3870/3870 3871/3871 3976/3976
f 3870/3870 3976/3976 3975/3975
f 3871/3871 3872/3872 3977/3977
f 3871/3871 3977/3977 3976/3976
f 3872/3872 3873/3873 3978/3978
f 3872/3872 3978/3978 3977/3977
f 3873/3873 3874/3874 3979/3979
f 3873/3873 3979/3979 3978/3978
f 3874/3874 3875/3875 3980/3980
f 3874/3874 3980/3980 3979/3979
f 3875/3875 3876/3876 3981/3981
f 3875/3875 3981/3981 3980/3980
f 3876/3876 3877/3877 3982/3982
f 3876/3876 3982/3982 3981/3981
f 3877/3877 3878/3878 3983/3983
f 3877/3877 3983/3983 3982/3982
f 3878/3878 3879/3879 3984/3984
f 3878/3878 3984/3984 3983/3983
f 3879/3879 3880/3880 3985/3985
f 3879/3879 3985/3985 3984/3984
f 3880/3880 3881/3881 3986/3986
f 3880/3880 3986/3986 3985/3985
f 3881/3881 3882/3882 3987/3987
f 3881/3881 3987/3987 3986/3986
f 3882/3882 3883/3883 3988/3988
f 3882/3882 3988/3988 3987/3987
f 3883/3883 3884/3884 3989/3989
f 3883/3883 3989/3989 3988/3988
f 3884/3884 3885/3885 3990/3990
f 3884/3884 3990/3990 3989/3989
f 3885/3885 3886/3886 3991/3991
f 3885/3885 3991/3991 3990/3990
f 3886/3886 3887/3887 3992/3992
f 3886/3886 3992/3992 3991/3991
f 3887/3887 3888/3888 3993/3993
f 3887/3887 3993/3993 3992/3992
f 3888/3888 3889/3889 3994/3994
f 3888/3888 3994/3994 3993/3993
f 3889/3889 3890/3890 3995/3995
f 3889/3889 3995/3995 3994/3994
f 3890/3890 3891/3891 3996/3996
f 3890/3890 3996/3996 3995/3995
f 3891/3891 3892/3892 3997/3997
f 3891/3891 3997/3997 3996/3996
f 3892/3892 3893/3893 3998/3998
f 3892/3892 3998/3998 3997/3997
f 3893/3893 3894/3894 3999/3999
f 3893/3893 3999/3999 3998/3998
f 3894/3894 3895/3895 4000/4000
f 3894/3894 4000/4000 3999/3999
f 3895/3895 3896/3896 4001/4001
f 3895/3895 4001/4001 4000/4000
f 3896/3896 3897/3897 4002/4002
f 3896/3896 4002/4002 4001/4001
f 3897/3897 3898/3898 4003/4003
f 3897/3897 4003/4003 4002/4002
f 3898/3898 3899/3899 4004/4004
f 3898/3898 4004/4004 4003/4003
f 3899/3899 3900/3900 4005/4005
f 3899/3899 4005/4005 4004/4004
f 3900/3900 3901/3901 4006/4006
f 3900/3900 4006/4006 4005/4005
f 3901/3901 3902/3902 4007/4007
f 3901/3901 4007/4007 4006/4006
f 3902/3902 3903/3903 4008/4008
f 3902/3902 4008/4008 4007/4007
f 3903/3903 3904/3904 4009/4009
f 3903/3903 4009/4009 4008/4008
f 3904/3904 3905/3905 4010/4010
f 3904/3904 4010/4010 4009/4009
f 3905/3905 3906/3906 4011/4011
f 3905/3905 4011/4011 4010/4010
f 3906/3906 3907/3907 4012/4012
f 3906/3906 4012/4012 4011/4011
f 3907/3907 3908/3908 4013/4013
f 3907/3907 4013/4013 4012/4012
f 3908/3908 3909/3909 4014/4014
f 3908/3908 4014/4014 4013/4013
f 3909/3909 3910/3910 4015/4015
f 3909/3909 4015/4015 4014/4014
f 3910/3910 3911/3911 4016/4016
f 3910/3910 4016/4016 4015/4015
f 3911/3911 3912/3912 4017/4017
f 3911/3911 4017/4017 4016/4016
f 3912/3912 3913/3913 4018/4018
f 3912/3912 4018/4018 4017/4017
f 3913/3913 3914/3914 4019/4019
f 3913/3913 4019/4019 4018/4018
f 3914/3914 3915/3915 4020/4020
f 3914/3914 4020/4020 4019/4019
f 3915/3915 3916/3916 4021/4021
f 3915/3915 4021/4021 4020/4020
f 3916/3916 3917/3917 4022/4022
f 3916/3916 4022/4022 4021/4021
f 3917/3917 3918/3918 4023/4023
f 3917/3917 4023/4023 4022/4022
f 3918/3918 3919/3919 4024/4024
f 3918/3918 4024/4024 4023/4023
f 3919/3919 3920/3920 4025/4025
f 3919/3919 4025/4025 4024/4024
f 3920/3920 3921/3921 4026/4026
f 3920/3920 4026/4026 4025/4025
f 3921/3921 3922/3922 4027/4027
f 3921/3921 4027/4027 4026/4026
f 3923/3923 3924/3924 4031/4031
f 3923/3923 4031/4031 4030/4030
f 3924/3924 3925/3925 4032/4032
f 3924/3924 4032/4032 4031/4031
f 3925/3925 3926/3926 4033/4033
f 3925/3925 4033/4033 4032/4032
f 3926/3926 3927/3927 4034/4034
f 3926/3926 4034/4034 4033/4033
f 3927/3927 3928/3928 4035/4035
f 3927/3927 4035/4035 4034/4034
f 3928/3928 3929/3929 4036/4036
f 3928/3928 4036/4036 4035/4035
f 3929/3929 3930/3930 4037/4037
f 3929/3929 4037/4037 4036/4036
f 3930/3930 3931/3931 4038/4038
f 3930/3930 4038/4038 4037/4037
f 3931/3931 3932/3932 4039/4039
f 3931/3931 4039/4039 4038/4038
f 3932/3932 3933/3933 4040/4040
f 3932/3932 4040/4040 4039/4039
f 3933/3933 3934/3934 4041/4041
f 3933/3933 4041/4041 4040/4040
f 3934/3934 3935/3935 4042/4042
f 3934/3934 4042/4042 4041/4041
f 3935/3935 3936/3936 4043/4043
f 3935/3935 4043/4043 4042/4042
f 3936/3936 3937/3937 4044/4044
f 3936/3936 4044/4044 4043/4043
f 3937/3937 3938/3938 4045/4045
f 3937/3937 4045/4045 4044/4044
f 3938/3938 3939/3939 4046/4046
f 3938/3938 4046/4046 4045/4045
f 3939/3939 3940/3940 4047/4047
f 3939/3939 4047/4047 4046/4046
f 3940/3940 3941/3941 4048/4048
f 3940/3940 4048/4048 4047/4047
f 3941/3941 3942/3942 4049/4049
f 3941/3941 4049/4049 4048/4048
f 3942/3942 3943/3943 4050/4050
f 3942/3942 4050/4050 4049/4049
f 3943/3943 3944/3944 4051/4051
f 3943/3943 4051/4051 4050/4050
f 3944/3944 3945/3945 4052/4052
f 3944/3944 4052/4052 4051/4051
f 3945/3945 3946/3946 4053/4053
f 3945/3945 4053/4053 4052/4052
f 3946/3946 3947/3947 4054/4054
f 3946/3946 4054/4054 4053/4053
f 3947/3947 3948/3948 4055/4055
f 3947/3947 4055/4055 4054/4054
f 3948/3948 3949/3949 4056/4056
f 3948/3948 4056/4056 4055/4055
f 3949/3949 3950/3950 4057/4057
f 3949/3949 4057/4057 4056/4056
f 3950/3950 3951/3951 4058/4058
f 3950/3950 4058/4058 4057/4057
f 3951/3951 3952/3952 4059/4059
f 3951/3951 4059/4059 4058/4058
f 3952/3952 3953/3953 4060/4060
f 3952/3952 4060/4060 4059/4059
f 3953/3953 3954/3954 4061/4061
f 3953/3953 4061/4061 4060/4060
f 3954/3954 3955/3955 4062/4062
f 3954/3954 4062/4062 4061/4061
f 3955/3955 3956/3956 4063/4063
f 3955/3955 4063/4063 4062/4062
f 3956/3956 3957/3957 4064/4064
f 3956/3956 4064/4064 4063/4063
f 3957/3957 3958/3958 4065/4065
f 3957/3957 4065/4065 4064/4064
f 3958/3958 3959/3959 4066/4066
f 3958/3958 4066/4066 4065/4065
f 3959/3959 3960/3960 4067/4067
f 3959/3959 4067/4067 4066/4066
f 3960/3960 3961/3961 4068/4068
f 3960/3960 4068/4068 4067/4067
f 3961/3961 3962/3962 4069/4069
f 3961/3961 4069/4069 4068/4068
f 3962/3962 3963/3963 4070/4070
f 3962/3962 4070/4070 4069/4069
f 3963/3963 3964/3964 4071/4071
f 3963/3963 4071/4071 4070/4070
f 3964/3964 3965/3965 4072/4072
f 3964/3964 4072/4072 4071/4071
f 3965/3965 3966/3966 4073/4073
f 3965/3965 4073/4073 4072/4072
f 3966/3966 3967/3967 4074/4074
f 3966/3966 4074/4074 4073/4073
f 3967/3967 3968/3968 4075/4075
f 3967/3967 4075/4075 4074/4074
f 3968/3968 3969/3969 4076/4076
f 3968/3968 4076/4076 4075/4075
f 3969/3969 3970/3970 4077/4077
f 3969/3969 4077/4077 4076/4076
f 3970/3970 3971/3971 4078/4078
f 3970/3970 4078/4078 4077/4077
f 3971/3971 3972/3972 4079/4079
f 3971/3971 4079/4079 4078/4078
f 3972/3972 3973/3973 4080/4080
f 3972/3972 4080/4080 4079/4079
f 3973/3973 3974/3974 4081/4081
f 3973/3973 4081/4081 4080/4080
f 3974/3974 3975/3975 4082/4082
f 3974/3974 4082/4082 4081/4081
f 3975/3975 3976/3976 4083/4083
f 3975/3975 4083/4083 4082/4082
f 3976/3976 3977/3977 4084/4084
f 3976/3976 4084/4084 4083/4083
f 3977/3977 3978/3978 4085/4085
f 3977/3977 4085/4085 4084/4084
f 3978/3978 3979/3979 4086/4086
f 3978/3978 4086/4086 4085/4085
f 3979/3979 3980/3980 4087/4087
f 3979/3979 4087/4087 4086/4086
f 3980/3980 3981/3981 4088/4088
f 3980/3980 4088/4088 4087/4087
f 3981/3981 3982/3982 4089/4089
f 3981/3981 4089/4089 4088/4088
f 3982/3982 3983/3983 4090/4090
f 3982/3982 4090/4090 4089/4089
f 3983/3983 3984/3984 4091/4091
f 3983/3983 4091/4091 4090/4090
f 3984/3984 3985/3985 4092/4092
f 3984/3984 4092/4092 4091/4091
f 3985/3985 3986/3986 4093/4093
f 3985/3985 4093/4093 4092/4092
f 3986/3986 3987/3987 4094/4094
f 3986/3986 4094/4094 4093/4093
f 3987/3987 3988/3988 4095/4095
f 3987/3987 4095/4095 4094/4094
f 3988/3988 3989/3989 4096/4096
f 3988/3988 4096/4096 4095/4095
f 3989/3989 3990/3990 4097/4097
f 3989/3989 4097/4097 4096/4096
f 3990/3990 3991/3991 4098/4098
f 3990/3990 4098/4098 4097/4097
f 3991/3991 3992/3992 4099/4099
f 3991/3991 4099/4099 4098/4098
f 3992/3992 3993/3993 4100/4100
f 3992/3992 4100/4100 4099/4099
f 3993/3993 3994/3994 4101/4101
f 3993/3993 4101/4101 4100/4100
f 3994/3994 3995/3995 4102/4102
f 3994/3994 4102/4102 4101/4101
f 3995/3995 3996/3996 4103/4103
f 3995/3995 4103/4103 4102/4102
f 3996/3996 3997/3997 4104/4104
f 3996/3996 4104/4104 4103/4103
f 3997/3997 3998/3998 4105/4105
f 3997/3997 4105/4105 4104/4104
f 3998/3998 3999/3999 4106/4106
f 3998/3998 4106/4106 4105/4105
f 3999/3999 4000/4000 4107/4107
f 3999/3999 4107/4107 4106/4106
f 4000/4000 4001/4001 4108/4108
f 4000/4000 4108/4108 4107/4107
f 4001/4001 4002/4002 4109/4109
f 4001/4001 4109/4109 4108/4108
f 4002/4002 4003/4003 4110/4110
f 4002/4002 4110/4110 4109/4109
f 4003/4003 4004/4004 4111/4111
f 4003/4003 4111/4111 4110/4110
f 4004/4004 4005/4005 4112/4112
f 4004/4004 4112/4112 4111/4111
f 4005/4005 4006/4006 4113/4113
f 4005/4005 4113/4113 4112/4112
f 4006/4006 4007/4007 4114/4114
f 4006/4006 4114/4114 4113/4113
f 4007/4007 4008/4008 4115/4115
f 4007/4007 4115/4115 4114/4114
f 4008/4008 4009/4009 4116/4116
f 4008/4008 4116/4116 4115/4115
f 4009/4009 4010/4010 4117/4117
f 4009/4009 4117/4117 4116/4116
f 4010/4010 4011/4011 4118/4118
f 4010/4010 4118/4118 4117/4117
f 4011/4011 4012/4012 4119/4119
f 4011/4011 4119/4119 4118/4118
f 4012/4012 4013/4013 4120/4120
f 4012/4012 4120/4120 4119/4119
f 4013/4013 4014/4014 4121/4121
f 4013/4013 4121/4121 4120/4120
f 4014/4014 4015/4015 4122/4122
f 4014/4014 4122/4122 4121/4121
f 4015/4015 4016/4016 4123/4123
f 4015/4015 4123/4123 4122/4122
f 4016/4016 4017/4017 4124/4124
f 4016/4016 4124/4124 4123/4123
f 4017/4017 4018/4018 4125/4125
f 4017/4017 4125/4125 4124/4124
f 4018/4018 4019/4019 4126/4126
f 4018/4018 4126/4126 4125/4125
f 4019/4019 4020/4020 4127/4127
f 4019/4019 4127/4127 4126/4126
f 4020/4020 4021/4021 4128/4128
f 4020/4020 4128/4128 4127/4127
f 4021/4021 4022/4022 4129/4129
f 4021/4021 4129/4129 4128/4128
f 4022/4022 4023/4023 4130/4130
f 4022/4022 4130/4130 4129/4129
f 4023/4023 4024/4024 4131/4131
f 4023/4023 4131/4131 4130/4130
f 4024/4024 4025/4025 4132/4132
f 4024/4024 4132/4132 4131/4131
f 4025/4025 4026/4026 4133/4133
f 4025/4025 4133/4133 4132/4132
f 4026/4026 4027/4027 4134/4134
f 4026/4026 4134/4134 4133/4133
f 4027/4027 4028/4028 4135/4135
f 4027/4027 4135/4135 4134/4134
f 4029/4029 4030/4030 4137/4137
f 4029/4029 4137/4137 4136/4136
f 4030/4030 4031/4031 4138/4138
f 4030/4030 4138/4138 4137/4137
f 4031/4031 4032/4032 4139/4139
f 4031/4031 4139/4139 4138/4138
f 4032/4032 4033/4033 4140/4140
f 4032/4032 4140/4140 4139/4139
f 4033/4033 4034/4034 4141/4141
f 4033/4033 4141/4141 4140/4140
f 4034/4034 4035/4035 4142/4142
f 4034/4034 4142/4142 4141/4141
f 4035/4035 4036/4036 4143/4143
f 4035/4035 4143/4143 4142/4142
f 4036/4036 4037/4037 4144/4144
f 4036/4036 4144/4144 4143/4143
f 4037/4037 4038/4038 4145/4145
f 4037/4037 4145/4145 4144/4144
f 4038/4038 4039/4039 4146/4146
f 4038/4038 4146/4146 4145/4145
f 4039/4039 4040/4040 4147/4147
f 4039/4039 4147/4147 4146/4146
f 4040/4040 4041/4041 4148/4148
f 4040/4040 4148/4148 4147/4147
f 4041/4041 4042/4042 4149/4149
f 4041/4041 4149/4149 4148/4148
f 4042/4042 4043/4043 4150/4150
f 4042/4042 4150/4150 4149/4149
f 4043/4043 4044/4044 4151/4151
f 4043/4043 4151/4151 4150/4150
f 4044/4044 4045/4045 4152/4152
f 4044/4044 4152/4152 4151/4151
f 4045/4045 4046/4046 4153/4153
f 4045/4045 4153/4153 4152/4152
f 4046/4046 4047/4047 4154/4154
f 4046/4046 4154/4154 4153/4153
f 4047/4047 4048/4048 4155/4155
f 4047/4047 4155/4155 4154/4154
f 4048/4048 4049/4049 4156/4156
f 4048/4048 4156/4156 4155/4155
f 4049/4049 4050/4050 4157/4157
f 4049/4049 4157/4157 4156/4156
f 4050/4050 4051/4051 4158/4158
f 4050/4050 4158/4158 4157/4157
f 4051/4051 4052/4052 4159/4159
f 4051/4051 4159/4159 4158/4158
f 4052/4052 4053/4053 4160/4160
f 4052/4052 4160/4160 4159/4159
f 4053/4053 4054/4054 4161/4161
f 4053/4053 4161/4161 4160/4160
f 4054/4054 4055/4055 4162/4162
f 4054/4054 4162/4162 4161/4161
f 4055/4055 4056/4056 4163/4163
f 4055/4055 4163/4163 4162/4162
f 4056/4056 4057/4057 4164/4164
f 4056/4056 4164/4164 4163/4163
f 4057/4057 4058/4058 4165/4165
f 4057/4057 4165/4165 4164/4164
f 4058/4058 4059/4059 4166/4166
f 4058/4058 4166/4166 4165/4165
f 4059/4059 4060/4060 4167/4167
f 4059/4059 4167/4167 4166/4166
f 4060/4060 4061/4061 4168/4168
f 4060/4060 4168/4168 4167/4167
f 4061/4061 4062/4062 4169/4169
f 4061/4061 4169/4169 4168/4168
f 4062/4062 4063/4063 4170/4170
f 4062/4062 4170/4170 4169/4169
f 4063/4063 4064/4064 4171/4171
f 4063/4063 4171/4171 4170/4170
f 4064/4064 4065/4065 4172/4172
f 4064/4064 4172/4172 4171/4171
f 4065/4065 4066/4066 4173/4173
f 4065/4065 4173/4173 4172/4172
f 4066/4066 4067/4067 4174/4174
f 4066/4066 4174/4174 4173/4173
f 4067/4067 4068/4068 4175/4175
f 4067/4067 4175/4175 4174/4174
f 4068/4068 4069/4069 4176/4176
f 4068/4068 4176/4176 4175/4175
f 4069/4069 4070/4070 4177/4177
f 4069/4069 4177/4177 4176/4176
f 4070/4070 4071/4071 4178/4178
f 4070/4070 4178/4178 4177/4177
f 4071/4071 4072/4072 4179/4179
f 4071/4071 4179/4179 4178/4178
f 4072/4072 4073/4073 4180/4180
f 4072/4072 4180/4180 4179/4179
f 4073/4073 4074/4074 4181/4181
f 4073/4073 4181/4181 4180/4180
f 4074/4074 4075/4075 4182/4182
f 4074/4074 4182/4182 4181/4181
f 4075/4075 4076/4076 4183/4183
f 4075/4075 4183/4183 4182/4182
f 4076/4076 4077/4077 4184/4184
f 4076/4076 4184/4184 4183/4183
f 4077/4077 4078/4078 4185/4185
f 4077/4077 4185/4185 4184/4184
f 4078/4078 4079/4079 4186/4186
f 4078/4078 4186/4186 4185/4185
f 4079/4079 4080/4080 4187/4187
f 4079/4079 4187/4187 4186/4186
f 4080/4080 4081/4081 4188/4188
f 4080/4080 4188/4188 4187/4187
f 4081/4081 4082/4082 4189/4189
f 4081/4081 4189/4189 4188/4188
f 4082/4082 4083/4083 4190/4190
f 4082/4082 4190/4190 4189/4189
f 4083/4083 4084/4084 4191/4191
f 4083/4083 4191/4191 4190/4190
f 4084/4084 4085/4085 4192/4192
f 4084/4084 4192/4192 4191/4191
f 4085/4085 4086/4086 4193/4193
f 4085/4085 4193/4193 4192/4192
f 4086/4086 4087/4087 4194/4194
f 4086/4086 4194/4194 4193/4193
f 4087/4087 4088/4088 4195/4195
f 4087/4087 4195/4195 4194/4194
f 4088/4088 4089/4089 4196/4196
f 4088/4088 4196/4196 4195/4195
f 4089/4089 4090/4090 4197/4197
f 4089/4089 4197/4197 4196/4196
f 4090/4090 4091/4091 4198/4198
f 4090/4090 4198/4198 4197/4197
f 4091/4091 4092/4092 4199/4199
f 4091/4091 4199/4199 4198/4198
f 4092/4092 4093/4093 4200/4200
f 4092/4092 4200/4200 4199/4199
f 4093/4093 4094/4094 4201/4201
f 4093/4093 4201/4201 4200/4200
f 4094/4094 4095/4095 4202/4202
f 4094/4094 4202/4202 4201/4201
f 4095/4095 4096/4096 4203/4203
f 4095/4095 4203/4203 4202/4202
f 4096/4096 4097/4097 4204/4204
f 4096/4096 4204/4204 4203/4203
f 4097/4097 4098/4098 4205/4205
f 4097/4097 4205/4205 4204/4204
f 4098/4098 4099/4099 4206/4206
f 4098/4098 4206/4206 4205/4205
f 4099/4099 4100/4100 4207/4207
f 4099/4099 4207/4207 4206/4206
f 4100/4100 4101/4101 4208/4208
f 4100/4100 4208/4208 4207/4207
f 4101/4101 4102/4102 4209/4209
f 4101/4101 4209/4209 4208/4208
f 4102/4102 4103/4103 4210/4210
f 4102/4102 4210/4210 4209/4209
f 4103/4103 4104/4104 4211/4211
f 4103/4103 4211/4211 4210/4210
f 4104/4104 4105/4105 4212/4212
f 4104/4104 4212/4212 4211/4211
f 4105/4105 4106/4106 4213/4213
f 4105/4105 4213/4213 4212/4212
f 4106/4106 4107/4107 4214/4214
f 4106/4106 4214/4214 4213/4213
f 4107/4107 4108/4108 4215/4215
f 4107/4107 4215/4215 4214/4214
f 4108/4108 4109/4109 4216/4216
f 4108/4108 4216/4216 4215/4215
f 4109/4109 4110/4110 4217/4217
f 4109/4109 4217/4217 4216/4216
f 4110/4110 4111/4111 4218/4218
f 4110/4110 4218/4218 4217/4217
f 4111/4111 4112/4112 4219/4219
f 4111/4111 4219/4219 4218/4218
f 4112/4112 4113/4113 4220/4220
f 4112/4112 4220/4220 4219/4219
f 4113/4113 4114/4114 4221/4221
f 4113/4113 4221/4221 4220/4220
f 4114/4114 4115/4115 4222/4222
f 4114/4114 4222/4222 4221/4221
f 4115/4115 4116/4116 4223/4223
f 4115/4115 4223/4223 4222/4222
f 4116/4116 4117/4117 4224/4224
f 4116/4116 4224/4224 4223/4223
f 4117/4117 4118/4118 4225/4225
f 4117/4117 4225/4225 4224/4224
f 4118/4118 4119/4119 4226/4226
f 4118/4118 4226/4226 4225/4225
f 4119/4119 4120/4120 4227/4227
f 4119/4119 4227/4227 4226/4226
f 4120/4120 4121/4121 4228/4228
f 4120/4120 4228/4228 4227/4227
f 4121/4121 4122/4122 4229/4229
f 4121/4121 4229/4229 4228/4228
f 4122/4122 4123/4123 4230/4230
f 4122/4122 4230/4230 4229/4229
f 4123/4123 4124/4124 4231/4231
f 4123/4123 4231/4231 4230/4230
f 4124/4124 4125/4125 4232/4232
f 4124/4124 4232/4232 4231/4231
f 4125/4125 4126/4126 4233/4233
f 4125/4125 4233/4233 4232/4232
f 4126/4126 4127/4127 4234/4234
f 4126/4126 4234/4234 4233/4233
f 4127/4127 4128/4128 4235/4235
f 4127/4127 4235/4235 4234/4234
f 4128/4128 4129/4129 4236/4236
f 4128/4128 4236/4236 4235/4235
f 4129/4129 4130/4130 4237/4237
f 4129/4129 4237/4237 4236/4236
f 4130/4130 4131/4131 4238/4238
f 4130/4130 4238/4238 4237/4237
f 4131/4131 4132/4132 4239/4239
f 4131/4131 4239/4239 4238/4238
f 4132/4132 4133/4133 4240/4240
f 4132/4132 4240/4240 4239/4239
f 4133/4133 4134/4134 4241/4241
f 4133/4133 4241/4241 4240/4240
f 4134/4134 4135/4135 4242/4242
f 4134/4134 4242/4242 4241/4241
f 4136/4136 4137/4137 4246/4246
f 4136/4136 4246/4246 4245/4245
f 4137/4137 4138/4138 4247/4247
f 4137/4137 4247/4247 4246/4246
f 4138/4138 4139/4139 4248/4248
f 4138/4138 4248/4248 4247/4247
f 4139/4139 4140/4140 4249/4249
f 4139/4139 4249/4249 4248/4248
f 4140/4140 4141/4141 4250/4250
f 4140/4140 4250/4250 4249/4249
f 4141/4141 4142/4142 4251/4251
f 4141/4141 4251/4251 4250/4250
f 4142/4142 4143/4143 4252/4252
f 4142/4142 4252/4252 4251/4251
f 4143/4143 4144/4144 4253/4253
f 4143/4143 4253/4253 4252/4252
f 4144/4144 4145/4145 4254/4254
f 4144/4144 4254/4254 4253/4253
f 4145/4145 4146/4146 4255/4255
f 4145/4145 4255/4255 4254/4254
f 4146/4146 4147/4147 4256/4256
f 4146/4146 4256/4256 4255/4255
f 4147/4147 4148/4148 4257/4257
f 4147/4147 4257/4257 4256/4256
f 4148/4148 4149/4149 4258/4258
f 4148/4148 4258/4258 4257/4257
f 4149/4149 4150/4150 4259/4259
f 4149/4149 4259/4259 4258/4258
f 4150/4150 4151/4151 4260/4260
f 4150/4150 4260/4260 4259/4259
f 4151/4151 4152/4152 4261/4261
f 4151/4151 4261/4261 4260/4260
f 4152/4152 4153/4153 4262/4262
f 4152/4152 4262/4262 4261/4261
f 4153/4153 4154/4154 4263/4263
f 4153/4153 4263/4263 4262/4262
f 4154/4154 4155/4155 4264/4264
f 4154/4154 4264/4264 4263/4263
f 4155/4155 4156/4156 4265/4265
f 4155/4155 4265/4265 4264/4264
f 4156/4156 4157/4157 4266/4266
f 4156/4156 4266/4266 4265/4265
f 4157/4157 4158/4158 4267/4267
f 4157/4157 4267/4267 4266/4266
f 4158/4158 4159/4159 4268/4268
f 4158/4158 4268/4268 4267/4267
f 4159/4159 4160/4160 4269/4269
f 4159/4159 4269/4269 4268/4268
f 4160/4160 4161/4161 4270/4270
f 4160/4160 4270/4270 4269/4269
f 4161/4161 4162/4162 4271/4271
f 4161/4161 4271/4271 4270/4270
f 4162/4162 4163/4163 4272/4272
f 4162/4162 4272/4272 4271/4271
f 4163/4163 4164/4164 4273/4273
f 4163/4163 4273/4273 4272/4272
f 4164/4164 4165/4165 4274/4274
f 4164/4164 4274/4274 4273/4273
f 4165/4165 4166/4166 4275/4275
f 4165/4165 4275/4275 4274/4274
f 4166/4166 4167/4167 4276/4276
f 4166/4166 4276/4276 4275/4275
f 4167/4167 4168/4168 4277/4277
f 4167/4167 4277/4277 4276/4276
f 4168/4168 4169/4169 4278/4278
f 4168/4168 4278/4278 4277/4277
f 4169/4169 4170/4170 4279/4279
f 4169/4169 4279/4279 4278/4278
f 4170/4170 4171/4171 4280/4280
f 4170/4170 4280/4280 4279/4279
f 4171/4171 4172/4172 4281/4281
f 4171/4171 4281/4281 4280/4280
f 4172/4172 4173/4173 4282/4282
f 4172/4172 4282/4282 4281/4281
f 4173/4173 4174/4174 4283/4283
f 4173/4173 4283/4283 4282/4282
f 4174/4174 4175/4175 4284/4284
f 4174/4174 4284/4284 4283/4283
f 4175/4175 4176/4176 4285/4285
f 4175/4175 4285/4285 4284/4284
f 4176/4176 4177/4177 4286/4286
f 4176/4176 4286/4286 4285/4285
f 4177/4177 4178/4178 4287/4287
f 4177/4177 4287/4287 4286/4286
f 4178/4178 4179/4179 4288/4288
f 4178/4178 4288/4288 4287/4287
f 4179/4179 4180/4180 4289/4289
f 4179/4179 4289/4289 4288/4288
f 4180/4180 4181/4181 4290/4290
f 4180/4180 4290/4290 4289/4289
f 4181/4181 4182/4182 4291/4291
f 4181/4181 4291/4291 4290/4290
f 4182/4182 4183/4183 4292/4292
f 4182/4182 4292/4292 4291/4291
f 4183/4183 4184/4184 4293/4293
f 4183/4183 4293/4293 4292/4292
f 4184/4184 4185/4185 4294/4294
f 4184/4184 4294/4294 4293/4293
f 4185/4185 4186/4186 4295/4295
f 4185/4185 4295/4295 4294/4294
f 4186/4186 4187/4187 4296/4296
f 4186/4186 4296/4296 4295/4295
f 4187/4187 4188/4188 4297/4297
f 4187/4187 4297/4297 4296/4296
f 4188/4188 4189/4189 4298/4298
f 4188/4188 4298/4298 4297/4297
f 4189/4189 4190/4190 4299/4299
f 4189/4189 4299/4299 4298/4298
f 4190/4190 4191/4191 4300/4300
f 4190/4190 4300/4300 4299/4299
f 4191/4191 4192/4192 4301/4301
f 4191/4191 4301/4301 4300/4300
f 4192/4192 4193/4193 4302/4302
f 4192/4192 4302/4302 4301/4301
f 4193/4193 4194/4194 4303/4303
f 4193/4193 4303/4303 4302/4302
f 4194/4194 4195/4195 4304/4304
f 4194/4194 4304/4304 4303/4303
f 4195/4195 4196/4196 4305/4305
f 4195/4195 4305/4305 4304/4304
f 4196/4196 4197/4197 4306/4306
f 4196/4196 4306/4306 4305/4305
f 4197/4197 4198/4198 4307/4307
f 4197/4197 4307/4307 4306/4306
f 4198/4198 4199/4199 4308/4308
f 4198/4198 4308/4308 4307/4307
f 4199/4199 4200/4200 4309/4309
f 4199/4199 4309/4309 4308/4308
f 4200/4200 4201/4201 4310/4310
f 4200/4200 4310/4310 4309/4309
f 4201/4201 4202/4202 4311/4311
f 4201/4201 4311/4311 4310/4310
f 4202/4202 4203/4203 4312/4312
f 4202/4202 4312/4312 4311/4311
f 4203/4203 4204/4204 4313/4313
f 4203/4203 4313/4313 4312/4312
f 4204/4204 4205/4205 4314/4314
f 4204/4204 4314/4314 4313/4313
f 4205/4205 4206/4206 4315/4315
f 4205/4205 4315/4315 4314/4314
f 4206/4206 4207/4207 4316/4316
f 4206/4206 4316/4316 4315/4315
f 4207/4207 4208/4208 4317/4317
f 4207/4207 4317/4317 4316/4316
f 4208/4208 4209/4209 4318/4318
f 4208/4208 4318/4318 4317/4317
f 4209/4209 4210/4210 4319/4319
f 4209/4209 4319/4319 4318/4318
f 4210/4210 4211/4211 4320/4320
f 4210/4210 4320/4320 4319/4319
f 4211/4211 4212/4212 4321/4321
f 4211/4211 4321/4321 4320/4320
f 4212/4212 4213/4213 4322/4322
f 4212/4212 4322/4322 4321/4321
f 4213/4213 4214/4214 4323/4323
f 4213/4213 4323/4323 4322/4322
f 4214/4214 4215/4215 4324/4324
f 4214/4214 4324/4324 4323/4323
f 4215/4215 4216/4216 4325/4325
f 4215/4215 4325/4325 4324/4324
f 4216/4216 4217/4217 4326/4326
f 4216/4216 4326/4326 4325/4325
f 4217/4217 4218/4218 4327/4327
f 4217/4217 4327/4327 4326/4326
f 4218/4218 4219/4219 4328/4328
f 4218/4218 4328/4328 4327/4327
f 4219/4219 4220/4220 4329/4329
f 4219/4219 4329/4329 4328/4328
f 4220/4220 4221/4221 4330/4330
f 4220/4220 4330/4330 4329/4329
f 4221/4221 4222/4222 4331/4331
f 4221/4221 4331/4331 4330/4330
f 4222/4222 4223/4223 4332/4332
f 4222/4222 4332/4332 4331/4331
f 4223/4223 4224/4224 4333/4333
f 4223/4223 4333/4333 4332/4332
f 4224/4224 4225/4225 4334/4334
f 4224/4224 4334/4334 4333/4333
f 4225/4225 4226/4226 4335/4335
f 4225/4225 4335/4335 4334/4334
f 4226/4226 4227/4227 4336/4336
f 4226/4226 4336/4336 4335/4335
f 4227/4227 4228/4228 4337/4337
f 4227/4227 4337/4337 4336/4336
f 4228/4228 4229/4229 4338/4338
f 4228/4228 4338/4338 4337/4337
f 4229/4229 4230/4230 4339/4339
f 4229/4229 4339/4339 4338/4338
f 4230/4230 4231/4231 4340/4340
f 4230/4230 4340/4340 4339/4339
f 4231/4231 4232/4232 4341/4341
f 4231/4231 4341/4341 4340/4340
f 4232/4232 4233/4233 4342/4342
f 4232/4232 4342/4342 4341/4341
f 4233/4233 4234/4234 4343/4343
f 4233/4233 4343/4343 4342/4342
f 4234/4234 4235/4235 4344/4344
f 4234/4234 4344/4344 4343/4343
f 4235/4235 4236/4236 4345/4345
f 4235/4235 4345/4345 4344/4344
f 4236/4236 4237/4237 4346/4346
f 4236/4236 4346/4346 4345/4345
f 4237/4237 4238/4238 4347/4347
f 4237/4237 4347/4347 4346/4346
f 4238/4238 4239/4239 4348/4348
f 4238/4238 4348/4348 4347/4347
f 4239/4239 4240/4240 4349/4349
f 4239/4239 4349/4349 4348/4348
f 4240/4240 4241/4241 4350/4350
f 4240/4240 4350/4350 4349/4349
f 4241/4241 4242/4242 4351/4351
f 4241/4241 4351/4351 4350/4350
f 4242/4242 4243/4243 4352/4352
f 4242/4242 4352/4352 4351/4351
f 4244/4244 4245/4245 4354/4354
f 4244/4244 4354/4354 4353/4353
f 4245/4245 4246/4246 4355/4355
f 4245/4245 4355/4355 4354/4354
f 4246/4246 4247/4247 4356/4356
f 4246/4246 4356/4356 4355/4355
f 4247/4247 4248/4248 4357/4357
f 4247/4247 4357/4357 4356/4356
f 4248/4248 4249/4249 4358/4358
f 4248/4248 4358/4358 4357/4357
f 4249/4249 4250/4250 4359/4359
f 4249/4249 4359/4359 4358/4358
f 4250/4250 4251/4251 4360/4360
f 4250/4250 4360/4360 4359/4359
f 4251/4251 4252/4252 4361/4361
f 4251/4251 4361/4361 4360/4360
f 4252/4252 4253/4253 4362/4362
f 4252/4252 4362/4362 4361/4361
f 4253/4253 4254/4254 4363/4363
f 4253/4253 4363/4363 4362/4362
f 4254/4254 4255/4255 4364/4364
f 4254/4254 4364/4364 4363/4363
f 4255/4255 4256/4256 4365/4365
f 4255/4255 4365/4365 4364/4364
f 4256/4256 4257/4257 4366/4366
f 4256/4256 4366/4366 4365/4365
f 4257/4257 4258/4258 4367/4367
f 4257/4257 4367/4367 4366/4366
f 4258/4258 4259/4259 4368/4368
f 4258/4258 4368/4368 4367/4367
f 4259/4259 4260/4260 4369/4369
f 4259/4259 4369/4369 4368/4368
f 4260/4260 4261/4261 4370/4370
f 4260/4260 4370/4370 4369/4369
f 4261/4261 4262/4262 4371/4371
f 4261/4261 4371/4371 4370/4370
f 4262/4262 4263/4263 4372/4372
f 4262/4262 4372/4372 4371/4371
f 4263/4263 4264/4264 4373/4373
f 4263/4263 4373/4373 4372/4372
f 4264/4264 4265/4265 4374/4374
f 4264/4264 4374/4374 4373/4373
f 4265/4265 4266/4266 4375/4375
f 4265/4265 4375/4375 4374/4374
f 4266/4266 4267/4267 4376/4376
f 4266/4266 4376/4376 4375/4375
f 4267/4267 4268/4268 4377/4377
f 4267/4267 4377/4377 4376/4376
f 4268/4268 4269/4269 4378/4378
f 4268/4268 4378/4378 4377/4377
f 4269/4269 4270/4270 4379/4379
f 4269/4269 4379/4379 4378/4378
f 4270/4270 4271/4271 4380/4380
f 4270/4270 4380/4380 4379/4379
f 4271/4271 4272/4272 4381/4381
f 4271/4271 4381/4381 4380/4380
f 4272/4272 4273/4273 4382/4382
f 4272/4272 4382/4382 4381/4381
f 4273/4273 4274/4274 4383/4383
f 4273/4273 4383/4383 4382/4382
f 4274/4274 4275/4275 4384/4384
f 4274/4274 4384/4384 4383/4383
f 4275/4275 4276/4276 4385/4385
f 4275/4275 4385/4385 4384/4384
f 4276/4276 4277/4277 4386/4386
f 4276/4276 4386/4386 4385/4385
f 4277/4277 4278/4278 4387/4387
f 4277/4277 4387/4387 4386/4386
f 4278/4278 4279/4279 4388/4388
f 4278/4278 4388/4388 4387/4387
f 4279/4279 4280/4280 4389/4389
f 4279/4279 4389/4389 4388/4388
f 4280/4280 4281/4281 4390/4390
f 4280/4280 4390/4390 4389/4389
f 4281/4281 4282/4282 4391/4391
f 4281/4281 4391/4391 4390/4390
f 4282/4282 4283/4283 4392/4392
f 4282/4282 4392/4392 4391/4391
f 4283/4283 4284/4284 4393/4393
f 4283/4283 4393/4393 4392/4392
f 4284/4284 4285/4285 4394/4394
f 4284/4284 4394/4394 4393/4393
f 4285/4285 4286/4286 4395/4395
f 4285/4285 4395/4395 4394/4394
f 4286/4286 4287/4287 4396/4396
f 4286/4286 4396/4396 4395/4395
f 4287/4287 4288/4288 4397/4397
f 4287/4287 4397/4397 4396/4396
f 4288/4288 4289/4289 4398/4398
f 4288/4288 4398/4398 4397/4397
f 4289/4289 4290/4290 4399/4399
f 4289/4289 4399/4399 4398/4398
f 4290/4290 4291/4291 4400/4400
f 4290/4290 4400/4400 4399/4399
f 4291/4291 4292/4292 4401/4401
f 4291/4291 4401/4401 4400/4400
f 4292/4292 4293/4293 4402/4402
f 4292/4292 4402/4402 4401/4401
f 4293/4293 4294/4294 4403/4403
f 4293/4293 4403/4403 4402/4402
f 4294/4294 4295/4295 4404/4404
f 4294/4294 4404/4404 4403/4403
f 4295/4295 4296/4296 4405/4405
f 4295/4295 4405/4405 4404/4404
f 4296/4296 4297/4297 4406/4406
f 4296/4296 4406/4406 4405/4405
f 4297/4297 4298/4298 4407/4407
f 4297/4297 4407/4407 4406/4406
f 4298/4298 4299/4299 4408/4408
f 4298/4298 4408/4408 4407/4407
f 4299/4299 4300/4300 4409/4409
f 4299/4299 4409/4409 4408/4408
f 4300/4300 4301/4301 4410/4410
f 4300/4300 4410/4410 4409/4409
f 4301/4301 4302/4302 4411/4411
f 4301/4301 4411/4411 4410/4410
f 4302/4302 4303/4303 4412/4412
f 4302/4302 4412/4412 4411/4411
f 4303/4303 4304/4304 4413/4413
f 4303/4303 4413/4413 4412/4412
f 4304/4304 4305/4305 4414/4414
f 4304/4304 4414/4414 4413/4413
f 4305/4305 4306/4306 4415/4415
f 4305/4305 4415/4415 4414/4414
f 4306/4306 4307/4307 4416/4416
f 4306/4306 4416/4416 4415/4415
f 4307/4307 4308/4308 4417/4417
f 4307/4307 4417/4417 4416/4416
f 4308/4308 4309/4309 4418/4418
f 4308/4308 4418/4418 4417/4417
f 4309/4309 4310/4310 4419/4419
f 4309/4309 4419/4419 4418/4418
f 4310/4310 4311/4311 4420/4420
f 4310/4310 4420/4420 4419/4419
f 4311/4311 4312/4312 4421/4421
f 4311/4311 4421/4421 4420/4420
f 4312/4312 4313/4313 4422/4422
f 4312/4312 4422/4422 4421/4421
f 4313/4313 4314/4314 4423/4423
f 4313/4313 4423/4423 4422/4422
f 4314/4314 4315/4315 4424/4424
f 4314/4314 4424/4424 4423/4423
f 4315/4315 4316/4316 4425/4425
f 4315/4315 4425/4425 4424/4424
f 4316/4316 4317/4317 4426/4426
f 4316/4316 4426/4426 4425/4425
f 4317/4317 4318/4318 4427/4427
f 4317/4317 4427/4427 4426/4426
f 4318/4318 4319/4319 4428/4428
f 4318/4318 4428/4428 4427/4427
f 4319/4319 4320/4320 4429/4429
f 4319/4319 4429/4429 4428/4428
f 4320/4320 4321/4321 4430/4430
f 4320/4320 4430/4430 4429/4429
f 4321/4321 4322/4322 4431/4431
f 4321/4321 4431/4431 4430/4430
f 4322/4322 4323/4323 4432/4432
f 4322/4322 4432/4432 4431/4431
f 4323/4323 4324/4324 4433/4433
f 4323/4323 4433/4433 4432/4432
f 4324/4324 4325/4325 4434/4434
f 4324/4324 4434/4434 4433/4433
f 4325/4325 4326/4326 4435/4435
f 4325/4325 4435/4435 4434/4434
f 4326/4326 4327/4327 4436/4436
f 4326/4326 4436/4436 4435/4435
f 4327/4327 4328/4328 4437/4437
f 4327/4327 4437/4437 4436/4436
f 4328/4328 4329/4329 4438/4438
f 4328/4328 4438/4438 4437/4437
f 4329/4329 4330/4330 4439/4439
f 4329/4329 4439/4439 4438/4438
f 4330/4330 4331/4331 4440/4440
f 4330/4330 4440/4440 4439/4439
f 4331/4331 4332/4332 4441/4441
f 4331/4331 4441/4441 4440/4440
f 4332/4332 4333/4333 4442/4442
f 4332/4332 4442/4442 4441/4441
f 4333/4333 4334/4334 4443/4443
f 4333/4333 4443/4443 4442/4442
f 4334/4334 4335/4335 4444/4444
f 4334/4334 4444/4444 4443/4443
f 4335/4335 4336/4336 4445/4445
f 4335/4335 4445/4445 4444/4444
f 4336/4336 4337/4337 4446/4446
f 4336/4336 4446/4446 4445/4445
f 4337/4337 4338/4338 4447/4447
f 4337/4337 4447/4447 4446/4446
f 4338/4338 4339/4339 4448/4448
f 4338/4338 4448/4448 4447/4447
f 4339/4339 4340/4340 4449/4449
f 4339/4339 4449/4449 4448/4448
f 4340/4340 4341/4341 4450/4450
f 4340/4340 4450/4450 4449/4449
f 4341/4341 4342/4342 4451/4451
f 4341/4341 4451/4451 4450/4450
f 4342/4342 4343/4343 4452/4452
f 4342/4342 4452/4452 4451/4451
f 4343/4343 4344/4344 4453/4453
f 4343/4343 4453/4453 4452/4452
f 4344/4344 4345/4345 4454/4454
f 4344/4344 4454/4454 4453/4453
f 4345/4345 4346/4346 4455/4455
f 4345/4345 4455/4455 4454/4454
f 4346/4346 4347/4347 4456/4456
f 4346/4346 4456/4456 4455/4455
f 4347/4347 4348/4348 4457/4457
f 4347/4347 4457/4457 4456/4456
f 4348/4348 4349/4349 4458/4458
f 4348/4348 4458/4458 4457/4457
f 4349/4349 4350/4350 4459/4459
f 4349/4349 4459/4459 4458/4458
f 4350/4350 4351/4351 4460/4460
f 4350/4350 4460/4460 4459/4459
f 4351/4351 4352/4352 4461/4461
f 4351/4351 4461/4461 4460/4460
f 4353/4353 4354/4354 4464/4464
f 4353/4353 4464/4464 4463/4463
f 4354/4354 4355/4355 4465/4465
f 4354/4354 4465/4465 4464/4464
f 4355/4355 4356/4356 4466/4466
f 4355/4355 4466/4466 4465/4465
f 4356/4356 4357/4357 4467/4467
f 4356/4356 4467/4467 4466/4466
f 4357/4357 4358/4358 4468/4468
f 4357/4357 4468/4468 4467/4467
f 4358/4358 4359/4359 4469/4469
f 4358/4358 4469/4469 4468/4468
f 4359/4359 4360/4360 4470/4470
f 4359/4359 4470/4470 4469/4469
f 4360/4360 4361/4361 4471/4471
f 4360/4360 4471/4471 4470/4470
f 4361/4361 4362/4362 4472/4472
f 4361/4361 4472/4472 4471/4471
f 4362/4362 4363/4363 4473/4473
f 4362/4362 4473/4473 4472/4472
f 4363/4363 4364/4364 4474/4474
f 4363/4363 4474/4474 4473/4473
f 4364/4364 4365/4365 4475/4475
f 4364/4364 4475/4475 4474/4474
f 4365/4365 4366/4366 4476/4476
f 4365/4365 4476/4476 4475/4475
f 4366/4366 4367/4367 4477/4477
f 4366/4366 4477/4477 4476/4476
f 4367/4367 4368/4368 4478/4478
f 4367/4367 4478/4478 4477/4477
f 4368/4368 4369/4369 4479/4479
f 4368/4368 4479/4479 4478/4478
f 4369/4369 4370/4370 4480/4480
f 4369/4369 4480/4480 4479/4479
f 4370/4370 4371/4371 4481/4481
f 4370/4370 4481/4481 4480/4480
f 4371/4371 4372/4372 4482/4482
f 4371/4371 4482/4482 4481/4481
f 4372/4372 4373/4373 4483/4483
f 4372/4372 4483/4483 4482/4482
f 4373/4373 4374/4374 4484/4484
f 4373/4373 4484/4484 4483/4483
f 4374/4374 4375/4375 4485/4485
f 4374/4374 4485/4485 4484/4484
f 4375/4375 4376/4376 4486/4486
f 4375/4375 4486/4486 4485/4485
f 4376/4376 4377/4377 4487/4487
f 4376/4376 4487/4487 4486/4486
f 4377/4377 4378/4378 4488/4488
f 4377/4377 4488/4488 4487/4487
f 4378/4378 4379/4379 4489/4489
f 4378/4378 4489/4489 4488/4488
f 4379/4379 4380/4380 4490/4490
f 4379/4379 4490/4490 4489/4489
f 4380/4380 4381/4381 4491/4491
f 4380/4380 4491/4491 4490/4490
f 4381/4381 4382/4382 4492/4492
f 4381/4381 4492/4492 4491/4491
f 4382/4382 4383/4383 4493/4493
f 4382/4382 4493/4493 4492/4492
f 4383/4383 4384/4384 4494/4494
f 4383/4383 4494/4494 4493/4493
f 4384/4384 4385/4385 4495/4495
f 4384/4384 4495/4495 4494/4494
f 4385/4385 4386/4386 4496/4496
f 4385/4385 4496/4496 4495/4495
f 4386/4386 4387/4387 4497/4497
f 4386/4386 4497/4497 4496/4496
f 4387/4387 4388/4388 4498/4498
f 4387/4387 4498/4498 4497/4497
f 4388/4388 4389/4389 4499/4499
f 4388/4388 4499/4499 4498/4498
f 4389/4389 4390/4390 4500/4500
f 4389/4389 4500/4500 4499/4499
f 4390/4390 4391/4391 4501/4501
f 4390/4390 4501/4501 4500/4500
f 4391/4391 4392/4392 4502/4502
f 4391/4391 4502/4502 4501/4501
f 4392/4392 4393/4393 4503/4503
f 4392/4392 4503/4503 4502/4502
f 4393/4393 4394/4394 4504/4504
f 4393/4393 4504/4504 4503/4503
f 4394/4394 4395/4395 4505/4505
f 4394/4394 4505/4505 4504/4504
f 4395/4395 4396/4396 4506/4506
f 4395/4395 4506/4506 4505/4505
f 4396/4396 4397/4397 4507/4507
f 4396/4396 4507/4507 4506/4506
f 4397/4397 4398/4398 4508/4508
f 4397/4397 4508/4508 4507/4507
f 4398/4398 4399/4399 4509/4509
f 4398/4398 4509/4509 4508/4508
f 4399/4399 4400/4400 4510/4510
f 4399/4399 4510/4510 4509/4509
f 4400/4400 4401/4401 4511/4511
f 4400/4400 4511/4511 4510/4510
f 4401/4401 4402/4402 4512/4512
f 4401/4401 4512/4512 4511/4511
f 4402/4402 4403/4403 4513/4513
f 4402/4402 4513/4513 4512/4512
f 4403/4403 4404/4404 4514/4514
f 4403/4403 4514/4514 4513/4513
f 4404/4404 4405/4405 4515/4515
f 4404/4404 4515/4515 4514/4514
f 4405/4405 4406/4406 4516/4516
f 4405/4405 4516/4516 4515/4515
f 4406/4406 4407/4407 4517/4517
f 4406/4406 4517/4517 4516/4516
f 4407/4407 4408/4408 4518/4518
f 4407/4407 4518/4518 4517/4517
f 4408/4408 4409/4409 4519/4519
f 4408/4408 4519/4519 4518/4518
f 4409/4409 4410/4410 4520/4520
f 4409/4409 4520/4520 4519/4519
f 4410/4410 4411/4411 4521/4521
f 4410/4410 4521/4521 4520/4520
f 4411/4411 4412/4412 4522/4522
f 4411/4411 4522/4522 4521/4521
f 4412/4412 4413/4413 4523/4523
f 4412/4412 4523/4523 4522/4522
f 4413/4413 4414/4414 4524/4524
f 4413/4413 4524/4524 4523/4523
f 4414/4414 4415/4415 4525/4525
f 4414/4414 4525/4525 4524/4524
f 4415/4415 4416/4416 4526/4526
f 4415/4415 4526/4526 4525/4525
f 4416/4416 4417/4417 4527/4527
f 4416/4416 4527/4527 4526/4526
f 4417/4417 4418/4418 4528/4528
f 4417/4417 4528/4528 4527/4527
f 4418/4418 4419/4419 4529/4529
f 4418/4418 4529/4529 4528/4528
f 4419/4419 4420/4420 4530/4530
f 4419/4419 4530/4530 4529/4529
f 4420/4420 4421/4421 4531/4531
f 4420/4420 4531/4531 4530/4530
f 4421/4421 4422/4422 4532/4532
f 4421/4421 4532/4532 4531/4531
f 4422/4422 4423/4423 4533/4533
f 4422/4422 4533/4533 4532/4532
f 4423/4423 4424/4424 4534/4534
f 4423/4423 4534/4534 4533/4533
f 4424/4424 4425/4425 4535/4535
f 4424/4424 4535/4535 4534/4534
f 4425/4425 4426/4426 4536/4536
f 4425/4425 4536/4536 4535/4535
f 4426/4426 4427/4427 4537/4537
f 4426/4426 4537/4537 4536/4536
f 4427/4427 4428/4428 4538/4538
f 4427/4427 4538/4538 4537/4537
f 4428/4428 4429/4429 4539/4539
f 4428/4428 4539/4539 4538/4538
f 4429/4429 4430/4430 4540/4540
f 4429/4429 4540/4540 4539/4539
f 4430/4430 4431/4431 4541/4541
f 4430/4430 4541/4541 4540/4540
f 4431/4431 4432/4432 4542/4542
f 4431/4431 4542/4542 4541/4541
f 4432/4432 4433/4433 4543/4543
f 4432/4432 4543/4543 4542/4542
f 4433/4433 4434/4434 4544/4544
f 4433/4433 4544/4544 4543/4543
f 4434/4434 4435/4435 4545/4545
f 4434/4434 4545/4545 4544/4544
f 4435/4435 4436/4436 4546/4546
f 4435/4435 4546/4546 4545/4545
f 4436/4436 4437/4437 4547/4547
f 4436/4436 4547/4547 4546/4546
f 4437/4437 4438/4438 4548/4548
f 4437/4437 4548/4548 4547/4547
f 4438/4438 4439/4439 4549/4549
f 4438/4438 4549/4549 4548/4548
f 4439/4439 4440/4440 4550/4550
f 4439/4439 4550/4550 4549/4549
f 4440/4440 4441/4441 4551/4551
f 4440/4440 4551/4551 4550/4550
f 4441/4441 4442/4442 4552/4552
f 4441/4441 4552/4552 4551/4551
f 4442/4442 4443/4443 4553/4553
f 4442/4442 4553/4553 4552/4552
f 4443/4443 4444/4444 4554/4554
f 4443/4443 4554/4554 4553/4553
f 4444/4444 4445/4445 4555/4555
f 4444/4444 4555/4555 4554/4554
f 4445/4445 4446/4446 4556/4556
f 4445/4445 4556/4556 4555/4555
f 4446/4446 4447/4447 4557/4557
f 4446/4446 4557/4557 4556/4556
f 4447/4447 4448/4448 4558/4558
f 4447/4447 4558/4558 4557/4557
f 4448/4448 4449/4449 4559/4559
f 4448/4448 4559/4559 4558/4558
f 4449/4449 4450/4450 4560/4560
f 4449/4449 4560/4560 4559/4559
f 4450/4450 4451/4451 4561/4561
f 4450/4450 4561/4561 4560/4560
f 4451/4451 4452/4452 4562/4562
f 4451/4451 4562/4562 4561/4561
f 4452/4452 4453/4453 4563/4563
f 4452/4452 4563/4563 4562/4562
f 4453/4453 4454/4454 4564/4564
f 4453/4453 4564/4564 4563/4563
f 4454/4454 4455/4455 4565/4565
f 4454/4454 4565/4565 4564/4564
f 4455/4455 4456/4456 4566/4566
f 4455/4455 4566/4566 4565/4565
f 4456/4456 4457/4457 4567/4567
f 4456/4456 4567/4567 4566/4566
f 4457/4457 4458/4458 4568/4568
f 4457/4457 4568/4568 4567/4567
f 4458/4458 4459/4459 4569/4569
f 4458/4458 4569/4569 4568/4568
f 4459/4459 4460/4460 4570/4570
f 4459/4459 4570/4570 4569/4569
f 4460/4460 4461/4461 4571/4571
f 4460/4460 4571/4571 4570/4570
f 4461/4461 4462/4462 4572/4572
f 4461/4461 4572/4572 4571/4571
f 4463/4463 4464/4464 4575/4575
f 4463/4463 4575/4575 4574/4574
f 4464/4464 4465/4465 4576/4576
f 4464/4464 4576/4576 4575/4575
f 4465/4465 4466/4466 4577/4577
f 4465/4465 4577/4577 4576/4576
f 4466/4466 4467/4467 4578/4578
f 4466/4466 4578/4578 4577/4577
f 4467/4467 4468/4468 4579/4579
f 4467/4467 4579/4579 4578/4578
f 4468/4468 4469/4469 4580/4580
f 4468/4468 4580/4580 4579/4579
f 4469/4469 4470/4470 4581/4581
f 4469/4469 4581/4581 4580/4580
f 4470/4470 4471/4471 4582/4582
f 4470/4470 4582/4582 4581/4581
f 4471/4471 4472/4472 4583/4583
f 4471/4471 4583/4583 4582/4582
f 4472/4472 4473/4473 4584/4584
f 4472/4472 4584/4584 4583/4583
f 4473/4473 4474/4474 4585/4585
f 4473/4473 4585/4585 4584/4584
f 4474/4474 4475/4475 4586/4586
f 4474/4474 4586/4586 4585/4585
f 4475/4475 4476/4476 4587/4587
f 4475/4475 4587/4587 4586/4586
f 4476/4476 4477/4477 4588/4588
f 4476/4476 4588/4588 4587/4587
f 4477/4477 4478/4478 4589/4589
f 4477/4477 4589/4589 4588/4588
f 4478/4478 4479/4479 4590/4590
f 4478/4478 4590/4590 4589/4589
f 4479/4479 4480/4480 4591/4591
f 4479/4479 4591/4591 4590/4590
f 4480/4480 4481/4481 4592/4592
f 4480/4480 4592/4592 4591/4591
f 4481/4481 4482/4482 4593/4593
f 4481/4481 4593/4593 4592/4592
f 4482/4482 4483/4483 4594/4594
f 4482/4482 4594/4594 4593/4593
f 4483/4483 4484/4484 4595/4595
f 4483/4483 4595/4595 4594/4594
f 4484/4484 4485/4485 4596/4596
f 4484/4484 4596/4596 4595/4595
f 4485/4485 4486/4486 4597/4597
f 4485/4485 4597/4597 4596/4596
f 4486/4486 4487/4487 4598/4598
f 4486/4486 4598/4598 4597/4597
f 4487/4487 4488/4488 4599/4599
f 4487/4487 4599/4599 4598/4598
f 4488/4488 4489/4489 4600/4600
f 4488/4488 4600/4600 4599/4599
f 4489/4489 4490/4490 4601/4601
f 4489/4489 4601/4601 4600/4600
f 4490/4490 4491/4491 4602/4602
f 4490/4490 4602/4602 4601/4601
f 4491/4491 4492/4492 4603/4603
f 4491/4491 4603/4603 4602/4602
f 4492/4492 4493/4493 4604/4604
f 4492/4492 4604/4604 4603/4603
f 4493/4493 4494/4494 4605/4605
f 4493/4493 4605/4605 4604/4604
f 4494/4494 4495/4495 4606/4606
f 4494/4494 4606/4606 4605/4605
f 4495/4495 4496/4496 4607/4607
f 4495/4495 4607/4607 4606/4606
f 4496/4496 4497/4497 4608/4608
f 4496/4496 4608/4608 4607/4607
f 4497/4497 4498/4498 4609/4609
f 4497/4497 4609/4609 4608/4608
f 4498/4498 4499/4499 4610/4610
f 4498/4498 4610/4610 4609/4609
f 4499/4499 4500/4500 4611/4611
f 4499/4499 4611/4611 4610/4610
f 4500/4500 4501/4501 4612/4612
f 4500/4500 4612/4612 4611/4611
f 4501/4501 4502/4502 4613/4613
f 4501/4501 4613/4613 4612/4612
f 4502/4502 4503/4503 4614/4614
f 4502/4502 4614/4614 4613/4613
f 4503/4503 4504/4504 4615/4615
f 4503/4503 4615/4615 4614/4614
f 4504/4504 4505/4505 4616/4616
f 4504/4504 4616/4616 4615/4615
f 4505/4505 4506/4506 4617/4617
f 4505/4505 4617/4617 4616/4616
f 4506/4506 4507/4507 4618/4618
f 4506/4506 4618/4618 4617/4617
f 4507/4507 4508/4508 4619/4619
f 4507/4507 4619/4619 4618/4618
f 4508/4508 4509/4509 4620/4620
f 4508/4508 4620/4620 4619/4619
f 4509/4509 4510/4510 4621/4621
f 4509/4509 4621/4621 4620/4620
f 4510/4510 4511/4511 4622/4622
f 4510/4510 4622/4622 4621/4621
f 4511/4511 4512/4512 4623/4623
f 4511/4511 4623/4623 4622/4622
f 4512/4512 4513/4513 4624/4624
f 4512/4512 4624/4624 4623/4623
f 4513/4513 4514/4514 4625/4625
f 4513/4513 4625/4625 4624/4624
f 4514/4514 4515/4515 4626/4626
f 4514/4514 4626/4626 4625/4625
f 4515/4515 4516/4516 4627/4627
f 4515/4515 4627/4627 4626/4626
f 4516/4516 4517/4517 4628/4628
f 4516/4516 4628/4628 4627/4627
f 4517/4517 4518/4518 4629/4629
f 4517/4517 4629/4629 4628/4628
f 4518/4518 4519/4519 4630/4630
f 4518/4518 4630/4630 4629/4629
f 4519/4519 4520/4520 4631/4631
f 4519/4519 4631/4631 4630/4630
f 4520/4520 4521/4521 4632/4632
f 4520/4520 4632/4632 4631/4631
f 4521/4521 4522/4522 4633/4633
f 4521/4521 4633/4633 4632/4632
f 4522/4522 4523/4523 4634/4634
f 4522/4522 4634/4634 4633/4633
f 4523/4523 4524/4524 4635/4635
f 4523/4523 4635/4635 4634/4634
f 4524/4524 4525/4525 4636/4636
f 4524/4524 4636/4636 4635/4635
f 4525/4525 4526/4526 4637/4637
f 4525/4525 4637/4637 4636/4636
f 4526/4526 4527/4527 4638/4638
f 4526/4526 4638/4638 4637/4637
f 4527/4527 4528/4528 4639/4639
f 4527/4527 4639/4639 4638/4638
f 4528/4528 4529/4529 4640/4640
f 4528/4528 4640/4640 4639/4639
f 4529/4529 4530/4530 4641/4641
f 4529/4529 4641/4641 4640/4640
f 4530/4530 4531/4531 4642/4642
f 4530/4530 4642/4642 4641/4641
f 4531/4531 4532/4532 4643/4643
f 4531/4531 4643/4643 4642/4642
f 4532/4532 4533/4533 4644/4644
f 4532/4532 4644/4644 4643/4643
f 4533/4533 4534/4534 4645/4645
f 4533/4533 4645/4645 4644/4644
f 4534/4534 4535/4535 4646/4646
f 4534/4534 4646/4646 4645/4645
f 4535/4535 4536/4536 4647/4647
f 4535/4535 4647/4647 4646/4646
f 4536/4536 4537/4537 4648/4648
f 4536/4536 4648/4648 4647/4647
f 4537/4537 4538/4538 4649/4649
f 4537/4537 4649/4649 4648/4648
f 4538/4538 4539/4539 4650/4650
f 4538/4538 4650/4650 4649/4649
f 4539/4539 4540/4540 4651/4651
f 4539/4539 4651/4651 4650/4650
f 4540/4540 4541/4541 4652/4652
f 4540/4540 4652/4652 4651/4651
f 4541/4541 4542/4542 4653/4653
f 4541/4541 4653/4653 4652/4652
f 4542/4542 4543/4543 4654/4654
f 4542/4542 4654/4654 4653/4653
f 4543/4543 4544/4544 4655/4655
f 4543/4543 4655/4655 4654/4654
f 4544/4544 4545/4545 4656/4656
f 4544/4544 4656/4656 4655/4655
f 4545/4545 4546/4546 4657/4657
f 4545/4545 4657/4657 4656/4656
f 4546/4546 4547/4547 4658/4658
f 4546/4546 4658/4658 4657/4657
f 4547/4547 4548/4548 4659/4659
f 4547/4547 4659/4659 4658/4658
f 4548/4548 4549/4549 4660/4660
f 4548/4548 4660/4660 4659/4659
f 4549/4549 4550/4550 4661/4661
f 4549/4549 4661/4661 4660/4660
f 4550/4550 4551/4551 4662/4662
f 4550/4550 4662/4662 4661/4661
f 4551/4551 4552/4552 4663/4663
f 4551/4551 4663/4663 4662/4662
f 4552/4552 4553/4553 4664/4664
f 4552/4552 4664/4664 4663/4663
f 4553/4553 4554/4554 4665/4665
f 4553/4553 4665/4665 4664/4664
f 4554/4554 4555/4555 4666/4666
f 4554/4554 4666/4666 4665/4665
f 4555/4555 4556/4556 4667/4667
f 4555/4555 4667/4667 4666/4666
f 4556/4556 4557/4557 4668/4668
f 4556/4556 4668/4668 4667/4667
f 4557/4557 4558/4558 4669/4669
f 4557/4557 4669/4669 4668/4668
f 4558/4558 4559/4559 4670/4670
f 4558/4558 4670/4670 4669/4669
f 4559/4559 4560/4560 4671/4671
f 4559/4559 4671/4671 4670/4670
f 4560/4560 4561/4561 4672/4672
f 4560/4560 4672/4672 4671/4671
f 4561/4561 4562/4562 4673/4673
f 4561/4561 4673/4673 4672/4672
f 4562/4562 4563/4563 4674/4674
f 4562/4562 4674/4674 4673/4673
f 4563/4563 4564/4564 4675/4675
f 4563/4563 4675/4675 4674/4674
f 4564/4564 4565/4565 4676/4676
f 4564/4564 4676/4676 4675/4675
f 4565/4565 4566/4566 4677/4677
f 4565/4565 4677/4677 4676/4676
f 4566/4566 4567/4567 4678/4678
f 4566/4566 4678/4678 4677/4677
f 4567/4567 4568/4568 4679/4679
f 4567/4567 4679/4679 4678/4678
f 4568/4568 4569/4569 4680/4680
f 4568/4568 4680/4680 4679/4679
f 4569/4569 4570/4570 4681/4681
f 4569/4569 4681/4681 4680/4680
f 4570/4570 4571/4571 4682/4682
f 4570/4570 4682/4682 4681/4681
f 4571/4571 4572/4572 4683/4683
f 4571/4571 4683/4683 4682/4682
f 4574/4574 4575/4575 4685/4685
f 4574/4574 4685/4685 4684/4684
f 4575/4575 4576/4576 4686/4686
f 4575/4575 4686/4686 4685/4685
f 4576/4576 4577/4577 4687/4687
f 4576/4576 4687/4687 4686/4686
f 4577/4577 4578/4578 4688/4688
f 4577/4577 4688/4688 4687/4687
f 4578/4578 4579/4579 4689/4689
f 4578/4578 4689/4689 4688/4688
f 4579/4579 4580/4580 4690/4690
f 4579/4579 4690/4690 4689/4689
f 4580/4580 4581/4581 4691/4691
f 4580/4580 4691/4691 4690/4690
f 4581/4581 4582/4582 4692/4692
f 4581/4581 4692/4692 4691/4691
f 4582/4582 4583/4583 4693/4693
f 4582/4582 4693/4693 4692/4692
f 4583/4583 4584/4584 4694/4694
f 4583/4583 4694/4694 4693/4693
f 4584/4584 4585/4585 4695/4695
f 4584/4584 4695/4695 4694/4694
f 4585/4585 4586/4586 4696/4696
f 4585/4585 4696/4696 4695/4695
f 4586/4586 4587/4587 4697/4697
f 4586/4586 4697/4697 4696/4696
f 4587/4587 4588/4588 4698/4698
f 4587/4587 4698/4698 4697/4697
f 4588/4588 4589/4589 4699/4699
f 4588/4588 4699/4699 4698/4698
f 4589/4589 4590/4590 4700/4700
f 4589/4589 4700/4700 4699/4699
f 4590/4590 4591/4591 4701/4701
f 4590/4590 4701/4701 4700/4700
f 4591/4591 4592/4592 4702/4702
f 4591/4591 4702/4702 4701/4701
f 4592/4592 4593/4593 4703/4703
f 4592/4592 4703/4703 4702/4702
f 4593/4593 4594/4594 4704/4704
f 4593/4593 4704/4704 4703/4703
f 4594/4594 4595/4595 4705/4705
f 4594/4594 4705/4705 4704/4704
f 4595/4595 4596/4596 4706/4706
f 4595/4595 4706/4706 4705/4705
f 4596/4596 4597/4597 4707/4707
f 4596/4596 4707/4707 4706/4706
f 4597/4597 4598/4598 4708/4708
f 4597/4597 4708/4708 4707/4707
f 4598/4598 4599/4599 4709/4709
f 4598/4598 4709/4709 4708/4708
f 4599/4599 4600/4600 4710/4710
f 4599/4599 4710/4710 4709/4709
f 4600/4600 4601/4601 4711/4711
f 4600/4600 4711/4711 4710/4710
f 4603/4603 4604/4604 4713/4713
f 4603/4603 4713/4713 4712/4712
f 4604/4604 4605/4605 4714/4714
f 4604/4604 4714/4714 4713/4713
f 4605/4605 4606/4606 4715/4715
f 4605/4605 4715/4715 4714/4714
f 4606/4606 4607/4607 4716/4716
f 4606/4606 4716/4716 4715/4715
f 4607/4607 4608/4608 4717/4717
f 4607/4607 4717/4717 4716/4716
f 4608/4608 4609/4609 4718/4718
f 4608/4608 4718/4718 4717/4717
f 4609/4609 4610/4610 4719/4719
f 4609/4609 4719/4719 4718/4718
f 4610/4610 4611/4611 4720/4720
f 4610/4610 4720/4720 4719/4719
f 4611/4611 4612/4612 4721/4721
f 4611/4611 4721/4721 4720/4720
f 4612/4612 4613/4613 4722/4722
f 4612/4612 4722/4722 4721/4721
f 4613/4613 4614/4614 4723/4723
f 4613/4613 4723/4723 4722/4722
f 4614/4614 4615/4615 4724/4724
f 4614/4614 4724/4724 4723/4723
f 4615/4615 4616/4616 4725/4725
f 4615/4615 4725/4725 4724/4724
f 4616/4616 4617/4617 4726/4726
f 4616/4616 4726/4726 4725/4725
f 4617/4617 4618/4618 4727/4727
f 4617/4617 4727/4727 4726/4726
f 4618/4618 4619/4619 4728/4728
f 4618/4618 4728/4728 4727/4727
f 4619/4619 4620/4620 4729/4729
f 4619/4619 4729/4729 4728/4728
f 4620/4620 4621/4621 4730/4730
f 4620/4620 4730/4730 4729/4729
f 4621/4621 4622/4622 4731/4731
f 4621/4621 4731/4731 4730/4730
f 4622/4622 4623/4623 4732/4732
f 4622/4622 4732/4732 4731/4731
f 4623/4623 4624/4624 4733/4733
f 4623/4623 4733/4733 4732/4732
f 4624/4624 4625/4625 4734/4734
f 4624/4624 4734/4734 4733/4733
f 4625/4625 4626/4626 4735/4735
f 4625/4625 4735/4735 4734/4734
f 4626/4626 4627/4627 4736/4736
f 4626/4626 4736/4736 4735/4735
f 4627/4627 4628/4628 4737/4737
f 4627/4627 4737/4737 4736/4736
f 4628/4628 4629/4629 4738/4738
f 4628/4628 4738/4738 4737/4737
f 4629/4629 4630/4630 4739/4739
f 4629/4629 4739/4739 4738/4738
f 4630/4630 4631/4631 4740/4740
f 4630/4630 4740/4740 4739/4739
f 4631/4631 4632/4632 4741/4741
f 4631/4631 4741/4741 4740/4740
f 4632/4632 4633/4633 4742/4742
f 4632/4632 4742/4742 4741/4741
f 4633/4633 4634/4634 4743/4743
f 4633/4633 4743/4743 4742/4742
f 4634/4634 4635/4635 4744/4744
f 4634/4634 4744/4744 4743/4743
f 4635/4635 4636/4636 4745/4745
f 4635/4635 4745/4745 4744/4744
f 4636/4636 4637/4637 4746/4746
f 4636/4636 4746/4746 4745/4745
f 4637/4637 4638/4638 4747/4747
f 4637/4637 4747/4747 4746/4746
f 4638/4638 4639/4639 4748/4748
f 4638/4638 4748/4748 4747/4747
f 4639/4639 4640/4640 4749/4749
f 4639/4639 4749/4749 4748/4748
f 4640/4640 4641/4641 4750/4750
f 4640/4640 4750/4750 4749/4749
f 4641/4641 4642/4642 4751/4751
f 4641/4641 4751/4751 4750/4750
f 4642/4642 4643/4643 4752/4752
f 4642/4642 4752/4752 4751/4751
f 4643/4643 4644/4644 4753/4753
f 4643/4643 4753/4753 4752/4752
f 4644/4644 4645/4645 4754/4754
f 4644/4644 4754/4754 4753/4753
f 4645/4645 4646/4646 4755/4755
f 4645/4645 4755/4755 4754/4754
f 4646/4646 4647/4647 4756/4756
f 4646/4646 4756/4756 4755/4755
f 4647/4647 4648/4648 4757/4757
f 4647/4647 4757/4757 4756/4756
f 4648/4648 4649/4649 4758/4758
f 4648/4648 4758/4758 4757/4757
f 4649/4649 4650/4650 4759/4759
f 4649/4649 4759/4759 4758/4758
f 4650/4650 4651/4651 4760/4760
f 4650/4650 4760/4760 4759/4759
f 4651/4651 4652/4652 4761/4761
f 4651/4651 4761/4761 4760/4760
f 4652/4652 4653/4653 4762/4762
f 4652/4652 4762/4762 4761/4761
f 4653/4653 4654/4654 4763/4763
f 4653/4653 4763/4763 4762/4762
f 4654/4654 4655/4655 4764/4764
f 4654/4654 4764/4764 4763/4763
f 4655/4655 4656/4656 4765/4765
f 4655/4655 4765/4765 4764/4764
f 4656/4656 4657/4657 4766/4766
f 4656/4656 4766/4766 4765/4765
f 4657/4657 4658/4658 4767/4767
f 4657/4657 4767/4767 4766/4766
f 4658/4658 4659/4659 4768/4768
f 4658/4658 4768/4768 4767/4767
f 4659/4659 4660/4660 4769/4769
f 4659/4659 4769/4769 4768/4768
f 4660/4660 4661/4661 4770/4770
f 4660/4660 4770/4770 4769/4769
f 4661/4661 4662/4662 4771/4771
f 4661/4661 4771/4771 4770/4770
f 4662/4662 4663/4663 4772/4772
f 4662/4662 4772/4772 4771/4771
f 4663/4663 4664/4664 4773/4773
f 4663/4663 4773/4773 4772/4772
f 4664/4664 4665/4665 4774/4774
f 4664/4664 4774/4774 4773/4773
f 4665/4665 4666/4666 4775/4775
f 4665/4665 4775/4775 4774/4774
f 4666/4666 4667/4667 4776/4776
f 4666/4666 4776/4776 4775/4775
f 4667/4667 4668/4668 4777/4777
f 4667/4667 4777/4777 4776/4776
f 4668/4668 4669/4669 4778/4778
f 4668/4668 4778/4778 4777/4777
f 4669/4669 4670/4670 4779/4779
f 4669/4669 4779/4779 4778/4778
f 4670/4670 4671/4671 4780/4780
f 4670/4670 4780/4780 4779/4779
f 4671/4671 4672/4672 4781/4781
f 4671/4671 4781/4781 4780/4780
f 4672/4672 4673/4673 4782/4782
f 4672/4672 4782/4782 4781/4781
f 4673/4673 4674/4674 4783/4783
f 4673/4673 4783/4783 4782/4782
f 4674/4674 4675/4675 4784/4784
f 4674/4674 4784/4784 4783/4783
f 4675/4675 4676/4676 4785/4785
f 4675/4675 4785/4785 4784/4784
f 4676/4676 4677/4677 4786/4786
f 4676/4676 4786/4786 4785/4785
f 4677/4677 4678/4678 4787/4787
f 4677/4677 4787/4787 4786/4786
f 4678/4678 4679/4679 4788/4788
f 4678/4678 4788/4788 4787/4787
f 4679/4679 4680/4680 4789/4789
f 4679/4679 4789/4789 4788/4788
f 4680/4680 4681/4681 4790/4790
f 4680/4680 4790/4790 4789/4789
f 4681/4681 4682/4682 4791/4791
f 4681/4681 4791/4791 4790/4790
f 4682/4682 4683/4683 4792/4792
f 4682/4682 4792/4792 4791/4791
f 4686/4686 4687/4687 4794/4794
f 4686/4686 4794/4794 4793/4793
f 4687/4687 4688/4688 4795/4795
f 4687/4687 4795/4795 4794/4794
f 4688/4688 4689/4689 4796/4796
f 4688/4688 4796/4796 4795/4795
f 4689/4689 4690/4690 4797/4797
f 4689/4689 4797/4797 4796/4796
f 4690/4690 4691/4691 4798/4798
f 4690/4690 4798/4798 4797/4797
f 4691/4691 4692/4692 4799/4799
f 4691/4691 4799/4799 4798/4798
f 4692/4692 4693/4693 4800/4800
f 4692/4692 4800/4800 4799/4799
f 4693/4693 4694/4694 4801/4801
f 4693/4693 4801/4801 4800/4800
f 4694/4694 4695/4695 4802/4802
f 4694/4694 4802/4802 4801/4801
f 4695/4695 4696/4696 4803/4803
f 4695/4695 4803/4803 4802/4802
f 4696/4696 4697/4697 4804/4804
f 4696/4696 4804/4804 4803/4803
f 4697/4697 4698/4698 4805/4805
f 4697/4697 4805/4805 4804/4804
f 4698/4698 4699/4699 4806/4806
f 4698/4698 4806/4806 4805/4805
f 4699/4699 4700/4700 4807/4807
f 4699/4699 4807/4807 4806/4806
f 4700/4700 4701/4701 4808/4808
f 4700/4700 4808/4808 4807/4807
f 4701/4701 4702/4702 4809/4809
f 4701/4701 4809/4809 4808/4808
f 4702/4702 4703/4703 4810/4810
f 4702/4702 4810/4810 4809/4809
f 4703/4703 4704/4704 4811/4811
f 4703/4703 4811/4811 4810/4810
f 4704/4704 4705/4705 4812/4812
f 4704/4704 4812/4812 4811/4811
f 4705/4705 4706/4706 4813/4813
f 4705/4705 4813/4813 4812/4812
f 4706/4706 4707/4707 4814/4814
f 4706/4706 4814/4814 4813/4813
f 4707/4707 4708/4708 4815/4815
f 4707/4707 4815/4815 4814/4814
f 4708/4708 4709/4709 4816/4816
f 4708/4708 4816/4816 4815/4815
f 4709/4709 4710/4710 4817/4817
f 4709/4709 4817/4817 4816/4816
f 4710/4710 4711/4711 4818/4818
f 4710/4710 4818/4818 4817/4817
f 4712/4712 4713/4713 4821/4821
f 4712/4712 4821/4821 4820/4820
f 4713/4713 4714/4714 4822/4822
f 4713/4713 4822/4822 4821/4821
f 4714/4714 4715/4715 4823/4823
f 4714/4714 4823/4823 4822/4822
f 4715/4715 4716/4716 4824/4824
f 4715/4715 4824/4824 4823/4823
f 4716/4716 4717/4717 4825/4825
f 4716/4716 4825/4825 4824/4824
f 4717/4717 4718/4718 4826/4826
f 4717/4717 4826/4826 4825/4825
f 4718/4718 4719/4719 4827/4827
f 4718/4718 4827/4827 4826/4826
f 4719/4719 4720/4720 4828/4828
f 4719/4719 4828/4828 4827/4827
f 4720/4720 4721/4721 4829/4829
f 4720/4720 4829/4829 4828/4828
f 4721/4721 4722/4722 4830/4830
f 4721/4721 4830/4830 4829/4829
f 4722/4722 4723/4723 4831/4831
f 4722/4722 4831/4831 4830/4830
f 4723/4723 4724/4724 4832/4832
f 4723/4723 4832/4832 4831/4831
f 4724/4724 4725/4725 4833/4833
f 4724/4724 4833/4833 4832/4832
f 4725/4725 4726/4726 4834/4834
f 4725/4725 4834/4834 4833/4833
f 4726/4726 4727/4727 4835/4835
f 4726/4726 4835/4835 4834/4834
f 4727/4727 4728/4728 4836/4836
f 4727/4727 4836/4836 4835/4835
f 4728/4728 4729/4729 4837/4837
f 4728/4728 4837/4837 4836/4836
f 4729/4729 4730/4730 4838/4838
f 4729/4729 4838/4838 4837/4837
f 4730/4730 4731/4731 4839/4839
f 4730/4730 4839/4839 4838/4838
f 4731/4731 4732/4732 4840/4840
f 4731/4731 4840/4840 4839/4839
f 4732/4732 4733/4733 4841/4841
f 4732/4732 4841/4841 4840/4840
f 4733/4733 4734/4734 4842/4842
f 4733/4733 4842/4842 4841/4841
f 4734/4734 4735/4735 4843/4843
f 4734/4734 4843/4843 4842/4842
f 4735/4735 4736/4736 4844/4844
f 4735/4735 4844/4844 4843/4843
f 4736/4736 4737/4737 4845/4845
f 4736/4736 4845/4845 4844/4844
f 4737/4737 4738/4738 4846/4846
f 4737/4737 4846/4846 4845/4845
f 4738/4738 4739/4739 4847/4847
f 4738/4738 4847/4847 4846/4846
f 4739/4739 4740/4740 4848/4848
f 4739/4739 4848/4848 4847/4847
f 4740/4740 4741/4741 4849/4849
f 4740/4740 4849/4849 4848/4848
f 4741/4741 4742/4742 4850/4850
f 4741/4741 4850/4850 4849/4849
f 4742/4742 4743/4743 4851/4851
f 4742/4742 4851/4851 4850/4850
f 4743/4743 4744/4744 4852/4852
f 4743/4743 4852/4852 4851/4851
f 4744/4744 4745/4745 4853/4853
f 4744/4744 4853/4853 4852/4852
f 4745/4745 4746/4746 4854/4854
f 4745/4745 4854/4854 4853/4853
f 4746/4746 4747/4747 4855/4855
f 4746/4746 4855/4855 4854/4854
f 4747/4747 4748/4748 4856/4856
f 4747/4747 4856/4856 4855/4855
f 4748/4748 4749/4749 4857/4857
f 4748/4748 4857/4857 4856/4856
f 4749/4749 4750/4750 4858/4858
f 4749/4749 4858/4858 4857/4857
f 4750/4750 4751/4751 4859/4859
f 4750/4750 4859/4859 4858/4858
f 4751/4751 4752/4752 4860/4860
f 4751/4751 4860/4860 4859/4859
f 4752/4752 4753/4753 4861/4861
f 4752/4752 4861/4861 4860/4860
f 4753/4753 4754/4754 4862/4862
f 4753/4753 4862/4862 4861/4861
f 4754/4754 4755/4755 4863/4863
f 4754/4754 4863/4863 4862/4862
f 4755/4755 4756/4756 4864/4864
f 4755/4755 4864/4864 4863/4863
f 4756/4756 4757/4757 4865/4865
f 4756/4756 4865/4865 4864/4864
f 4757/4757 4758/4758 4866/4866
f 4757/4757 4866/4866 4865/4865
f 4758/4758 4759/4759 4867/4867
f 4758/4758 4867/4867 4866/4866
f 4759/4759 4760/4760 4868/4868
f 4759/4759 4868/4868 4867/4867
f 4760/4760 4761/4761 4869/4869
f 4760/4760 4869/4869 4868/4868
f 4761/4761 4762/4762 4870/4870
f 4761/4761 4870/4870 4869/4869
f 4762/4762 4763/4763 4871/4871
f 4762/4762 4871/4871 4870/4870
f 4763/4763 4764/4764 4872/4872
f 4763/4763 4872/4872 4871/4871
f 4764/4764 4765/4765 4873/4873
f 4764/4764 4873/4873 4872/4872
f 4765/4765 4766/4766 4874/4874
f 4765/4765 4874/4874 4873/4873
f 4766/4766 4767/4767 4875/4875
f 4766/4766 4875/4875 4874/4874
f 4767/4767 4768/4768 4876/4876
f 4767/4767 4876/4876 4875/4875
f 4768/4768 4769/4769 4877/4877
f 4768/4768 4877/4877 4876/4876
f 4769/4769 4770/4770 4878/4878
f 4769/4769 4878/4878 4877/4877
f 4770/4770 4771/4771 4879/4879
f 4770/4770 4879/4879 4878/4878
f 4771/4771 4772/4772 4880/4880
f 4771/4771 4880/4880 4879/4879
f 4772/4772 4773/4773 4881/4881
f 4772/4772 4881/4881 4880/4880
f 4773/4773 4774/4774 4882/4882
f 4773/4773 4882/4882 4881/4881
f 4774/4774 4775/4775 4883/4883
f 4774/4774 4883/4883 4882/4882
f 4775/4775 4776/4776 4884/4884
f 4775/4775 4884/4884 4883/4883
f 4776/4776 4777/4777 4885/4885
f 4776/4776 4885/4885 4884/4884
f 4777/4777 4778/4778 4886/4886
f 4777/4777 4886/4886 4885/4885
f 4778/4778 4779/4779 4887/4887
f 4778/4778 4887/4887 4886/4886
f 4779/4779 4780/4780 4888/4888
f 4779/4779 4888/4888 4887/4887
f 4780/4780 4781/4781 4889/4889
f 4780/4780 4889/4889 4888/4888
f 4781/4781 4782/4782 4890/4890
f 4781/4781 4890/4890 4889/4889
f 4782/4782 4783/4783 4891/4891
f 4782/4782 4891/4891 4890/4890
f 4783/4783 4784/4784 4892/4892
f 4783/4783 4892/4892 4891/4891
f 4784/4784 4785/4785 4893/4893
f 4784/4784 4893/4893 4892/4892
f 4785/4785 4786/4786 4894/4894
f 4785/4785 4894/4894 4893/4893
f 4786/4786 4787/4787 4895/4895
f 4786/4786 4895/4895 4894/4894
f 4787/4787 4788/4788 4896/4896
f 4787/4787 4896/4896 4895/4895
f 4788/4788 4789/4789 4897/4897
f 4788/4788 4897/4897 4896/4896
f 4789/4789 4790/4790 4898/4898
f 4789/4789 4898/4898 4897/4897
f 4790/4790 4791/4791 4899/4899
f 4790/4790 4899/4899 4898/4898
f 4791/4791 4792/4792 4900/4900
f 4791/4791 4900/4900 4899/4899
f 4797/4797 4798/4798 4902/4902
f 4797/4797 4902/4902 4901/4901
f 4798/4798 4799/4799 4903/4903
f 4798/4798 4903/4903 4902/4902
f 4799/4799 4800/4800 4904/4904
f 4799/4799 4904/4904 4903/4903
f 4800/4800 4801/4801 4905/4905
f 4800/4800 4905/4905 4904/4904
f 4801/4801 4802/4802 4906/4906
f 4801/4801 4906/4906 4905/4905
f 4802/4802 4803/4803 4907/4907
f 4802/4802 4907/4907 4906/4906
f 4803/4803 4804/4804 4908/4908
f 4803/4803 4908/4908 4907/4907
f 4804/4804 4805/4805 4909/4909
f 4804/4804 4909/4909 4908/4908
f 4805/4805 4806/4806 4910/4910
f 4805/4805 4910/4910 4909/4909
f 4806/4806 4807/4807 4911/4911
f 4806/4806 4911/4911 4910/4910
f 4807/4807 4808/4808 4912/4912
f 4807/4807 4912/4912 4911/4911
f 4808/4808 4809/4809 4913/4913
f 4808/4808 4913/4913 4912/4912
f 4809/4809 4810/4810 4914/4914
f 4809/4809 4914/4914 4913/4913
f 4810/4810 4811/4811 4915/4915
f 4810/4810 4915/4915 4914/4914
f 4811/4811 4812/4812 4916/4916
f 4811/4811 4916/4916 4915/4915
f 4812/4812 4813/4813 4917/4917
f 4812/4812 4917/4917 4916/4916
f 4813/4813 4814/4814 4918/4918
f 4813/4813 4918/4918 4917/4917
f 4814/4814 4815/4815 4919/4919
f 4814/4814 4919/4919 4918/4918
f 4815/4815 4816/4816 4920/4920
f 4815/4815 4920/4920 4919/4919
f 4816/4816 4817/4817 4921/4921
f 4816/4816 4921/4921 4920/4920
f 4817/4817 4818/4818 4922/4922
f 4817/4817 4922/4922 4921/4921
f 4818/4818 4819/4819 4923/4923
f 4818/4818 4923/4923 4922/4922
f 4819/4819 4820/4820 4924/4924
f 4819/4819 4924/4924 4923/4923
f 4820/4820 4821/4821 4925/4925
f 4820/4820 4925/4925 4924/4924
f 4821/4821 4822/4822 4926/4926
f 4821/4821 4926/4926 4925/4925
f 4822/4822 4823/4823 4927/4927
f 4822/4822 4927/4927 4926/4926
f 4823/4823 4824/4824 4928/4928
f 4823/4823 4928/4928 4927/4927
f 4824/4824 4825/4825 4929/4929
f 4824/4824 4929/4929 4928/4928
f 4825/4825 4826/4826 4930/4930
f 4825/4825 4930/4930 4929/4929
f 4826/4826 4827/4827 4931/4931
f 4826/4826 4931/4931 4930/4930
f 4827/4827 4828/4828 4932/4932
f 4827/4827 4932/4932 4931/4931
f 4828/4828 4829/4829 4933/4933
f 4828/4828 4933/4933 4932/4932
f 4829/4829 4830/4830 4934/4934
f 4829/4829 4934/4934 4933/4933
f 4830/4830 4831/4831 4935/4935
f 4830/4830 4935/4935 4934/4934
f 4831/4831 4832/4832 4936/4936
f 4831/4831 4936/4936 4935/4935
f 4832/4832 4833/4833 4937/4937
f 4832/4832 4937/4937 4936/4936
f 4833/4833 4834/4834 4938/4938
f 4833/4833 4938/4938 4937/4937
f 4834/4834 4835/4835 4939/4939
f 4834/4834 4939/4939 4938/4938
f 4835/4835 4836/4836 4940/4940
f 4835/4835 4940/4940 4939/4939
f 4836/4836 4837/4837 4941/4941
f 4836/4836 4941/4941 4940/4940
f 4837/4837 4838/4838 4942/4942
f 4837/4837 4942/4942 4941/4941
f 4838/4838 4839/4839 4943/4943
f 4838/4838 4943/4943 4942/4942
f 4839/4839 4840/4840 4944/4944
f 4839/4839 4944/4944 4943/4943
f 4840/4840 4841/4841 4945/4945
f 4840/4840 4945/4945 4944/4944
f 4841/4841 4842/4842 4946/4946
f 4841/4841 4946/4946 4945/4945
f 4842/4842 4843/4843 4947/4947
f 4842/4842 4947/4947 4946/4946
f 4843/4843 4844/4844 4948/4948
f 4843/4843 4948/4948 4947/4947
f 4844/4844 4845/4845 4949/4949
f 4844/4844 4949/4949 4948/4948
f 4845/4845 4846/4846 4950/4950
f 4845/4845 4950/4950 4949/4949
f 4846/4846 4847/4847 4951/4951
f 4846/4846 4951/4951 4950/4950
f 4847/4847 4848/4848 4952/4952
f 4847/4847 4952/4952 4951/4951
f 4848/4848 4849/4849 4953/4953
f 4848/4848 4953/4953 4952/4952
f 4849/4849 4850/4850 4954/4954
f 4849/4849 4954/4954 4953/4953
f 4850/4850 4851/4851 4955/4955
f 4850/4850 4955/4955 4954/4954
f 4851/4851 4852/4852 4956/4956
f 4851/4851 4956/4956 4955/4955
f 4852/4852 4853/4853 4957/4957
f 4852/4852 4957/4957 4956/4956
f 4853/4853 4854/4854 4958/4958
f 4853/4853 4958/4958 4957/4957
f 4854/4854 4855/4855 4959/4959
f 4854/4854 4959/4959 4958/4958
f 4855/4855 4856/4856 4960/4960
f 4855/4855 4960/4960 4959/4959
f 4856/4856 4857/4857 4961/4961
f 4856/4856 4961/4961 4960/4960
f 4857/4857 4858/4858 4962/4962
f 4857/4857 4962/4962 4961/4961
f 4858/4858 4859/4859 4963/4963
f 4858/4858 4963/4963 4962/4962
f 4859/4859 4860/4860 4964/4964
f 4859/4859 4964/4964 4963/4963
f 4860/4860 4861/4861 4965/4965
f 4860/4860 4965/4965 4964/4964
f 4861/4861 4862/4862 4966/4966
f 4861/4861 4966/4966 4965/4965
f 4862/4862 4863/4863 4967/4967
f 4862/4862 4967/4967 4966/4966
f 4863/4863 4864/4864 4968/4968
f 4863/4863 4968/4968 4967/4967
f 4864/4864 4865/4865 4969/4969
f 4864/4864 4969/4969 4968/4968
f 4865/4865 4866/4866 4970/4970
f 4865/4865 4970/4970 4969/4969
f 4866/4866 4867/4867 4971/4971
f 4866/4866 4971/4971 4970/4970
f 4867/4867 4868/4868 4972/4972
f 4867/4867 4972/4972 4971/4971
f 4868/4868 4869/4869 4973/4973
f 4868/4868 4973/4973 4972/4972
f 4869/4869 4870/4870 4974/4974
f 4869/4869 4974/4974 4973/4973
f 4870/4870 4871/4871 4975/4975
f 4870/4870 4975/4975 4974/4974
f 4871/4871 4872/4872 4976/4976
f 4871/4871 4976/4976 4975/4975
f 4872/4872 4873/4873 4977/4977
f 4872/4872 4977/4977 4976/4976
f 4873/4873 4874/4874 4978/4978
f 4873/4873 4978/4978 4977/4977
f 4874/4874 4875/4875 4979/4979
f 4874/4874 4979/4979 4978/4978
f 4875/4875 4876/4876 4980/4980
f 4875/4875 4980/4980 4979/4979
f 4876/4876 4877/4877 4981/4981
f 4876/4876 4981/4981 4980/4980
f 4877/4877 4878/4878 4982/4982
f 4877/4877 4982/4982 4981/4981
f 4878/4878 4879/4879 4983/4983
f 4878/4878 4983/4983 4982/4982
f 4879/4879 4880/4880 4984/4984
f 4879/4879 4984/4984 4983/4983
f 4880/4880 4881/4881 4985/4985
f 4880/4880 4985/4985 4984/4984
f 4881/4881 4882/4882 4986/4986
f 4881/4881 4986/4986 4985/4985
f 4882/4882 4883/4883 4987/4987
f 4882/4882 4987/4987 4986/4986
f 4883/4883 4884/4884 4988/4988
f 4883/4883 4988/4988 4987/4987
f 4884/4884 4885/4885 4989/4989
f 4884/4884 4989/4989 4988/4988
f 4885/4885 4886/4886 4990/4990
f 4885/4885 4990/4990 4989/4989
f 4886/4886 4887/4887 4991/4991
f 4886/4886 4991/4991 4990/4990
f 4887/4887 4888/4888 4992/4992
f 4887/4887 4992/4992 4991/4991
f 4888/4888 4889/4889 4993/4993
f 4888/4888 4993/4993 4992/4992
f 4889/4889 4890/4890 4994/4994
f 4889/4889 4994/4994 4993/4993
f 4890/4890 4891/4891 4995/4995
f 4890/4890 4995/4995 4994/4994
f 4891/4891 4892/4892 4996/4996
f 4891/4891 4996/4996 4995/4995
f 4892/4892 4893/4893 4997/4997
f 4892/4892 4997/4997 4996/4996
f 4893/4893 4894/4894 4998/4998
f 4893/4893 4998/4998 4997/4997
f 4894/4894 4895/4895 4999/4999
f 4894/4894 4999/4999 4998/4998
f 4895/4895 4896/4896 5000/5000
f 4895/4895 5000/5000 4999/4999
f 4896/4896 4897/4897 5001/5001
f 4896/4896 5001/5001 5000/5000
f 4897/4897 4898/4898 5002/5002
f 4897/4897 5002/5002 5001/5001
f 4898/4898 4899/4899 5003/5003
f 4898/4898 5003/5003 5002/5002
f 4899/4899 4900/4900 5004/5004
f 4899/4899 5004/5004 5003/5003
f 4902/4902 4903/4903 5007/5007
f 4902/4902 5007/5007 5006/5006
f 4903/4903 4904/4904 5008/5008
f 4903/4903 5008/5008 5007/5007
f 4904/4904 4905/4905 5009/5009
f 4904/4904 5009/5009 5008/5008
f 4905/4905 4906/4906 5010/5010
f 4905/4905 5010/5010 5009/5009
f 4906/4906 4907/4907 5011/5011
f 4906/4906 5011/5011 5010/5010
f 4907/4907 4908/4908 5012/5012
f 4907/4907 5012/5012 5011/5011
f 4908/4908 4909/4909 5013/5013
f 4908/4908 5013/5013 5012/5012
f 4909/4909 4910/4910 5014/5014
f 4909/4909 5014/5014 5013/5013
f 4910/4910 4911/4911 5015/5015
f 4910/4910 5015/5015 5014/5014
f 4911/4911 4912/4912 5016/5016
f 4911/4911 5016/5016 5015/5015
f 4912/4912 4913/4913 5017/5017
f 4912/4912 5017/5017 5016/5016
f 4913/4913 4914/4914 5018/5018
f 4913/4913 5018/5018 5017/5017
f 4914/4914 4915/4915 5019/5019
f 4914/4914 5019/5019 5018/5018
f 4915/4915 4916/4916 5020/5020
f 4915/4915 5020/5020 5019/5019
f 4916/4916 4917/4917 5021/5021
f 4916/4916 5021/5021 5020/5020
f 4917/4917 4918/4918 5022/5022
f 4917/4917 5022/5022 5021/5021
f 4918/4918 4919/4919 5023/5023
f 4918/4918 5023/5023 5022/5022
f 4919/4919 4920/4920 5024/5024
f 4919/4919 5024/5024 5023/5023
f 4920/4920 4921/4921 5025/5025
f 4920/4920 5025/5025 5024/5024
f 4921/4921 4922/4922 5026/5026
f 4921/4921 5026/5026 5025/5025
f 4922/4922 4923/4923 5027/5027
f 4922/4922 5027/5027 5026/5026
f 4923/4923 4924/4924 5028/5028
f 4923/4923 5028/5028 5027/5027
f 4924/4924 4925/4925 5029/5029
f 4924/4924 5029/5029 5028/5028
f 4925/4925 4926/4926 5030/5030
f 4925/4925 5030/5030 5029/5029
f 4926/4926 4927/4927 5031/5031
f 4926/4926 5031/5031 5030/5030
f 4927/4927 4928/4928 5032/5032
f 4927/4927 5032/5032 5031/5031
f 4928/4928 4929/4929 5033/5033
f 4928/4928 5033/5033 5032/5032
f 4929/4929 4930/4930 5034/5034
f 4929/4929 5034/5034 5033/5033
f 4930/4930 4931/4931 5035/5035
f 4930/4930 5035/5035 5034/5034
f 4931/4931 4932/4932 5036/5036
f 4931/4931 5036/5036 5035/5035
f 4932/4932 4933/4933 5037/5037
f 4932/4932 5037/5037 5036/5036
f 4933/4933 4934/4934 5038/5038
f 4933/4933 5038/5038 5037/5037
f 4934/4934 4935/4935 5039/5039
f 4934/4934 5039/5039 5038/5038
f 4935/4935 4936/4936 5040/5040
f 4935/4935 5040/5040 5039/5039
f 4936/4936 4937/4937 5041/5041
f 4936/4936 5041/5041 5040/5040
f 4937/4937 4938/4938 5042/5042
f 4937/4937 5042/5042 5041/5041
f 4938/4938 4939/4939 5043/5043
f 4938/4938 5043/5043 5042/5042
f 4939/4939 4940/4940 5044/5044
f 4939/4939 5044/5044 5043/5043
f 4940/4940 4941/4941 5045/5045
f 4940/4940 5045/5045 5044/5044
f 4941/4941 4942/4942 5046/5046
f 4941/4941 5046/5046 5045/5045
f 4942/4942 4943/4943 5047/5047
f 4942/4942 5047/5047 5046/5046
f 4943/4943 4944/4944 5048/5048
f 4943/4943 5048/5048 5047/5047
f 4944/4944 4945/4945 5049/5049
f 4944/4944 5049/5049 5048/5048
f 4945/4945 4946/4946 5050/5050
f 4945/4945 5050/5050 5049/5049
f 4946/4946 4947/4947 5051/5051
f 4946/4946 5051/5051 5050/5050
f 4947/4947 4948/4948 5052/5052
f 4947/4947 5052/5052 5051/5051
f 4948/4948 4949/4949 5053/5053
f 4948/4948 5053/5053 5052/5052
f 4949/4949 4950/4950 5054/5054
f 4949/4949 5054/5054 5053/5053
f 4950/4950 4951/4951 5055/5055
f 4950/4950 5055/5055 5054/5054
f 4951/4951 4952/4952 5056/5056
f 4951/4951 5056/5056 5055/5055
f 4952/4952 4953/4953 5057/5057
f 4952/4952 5057/5057 5056/5056
f 4953/4953 4954/4954 5058/5058
f 4953/4953 5058/5058 5057/5057
f 4954/4954 4955/4955 5059/5059
f 4954/4954 5059/5059 5058/5058
f 4955/4955 4956/4956 5060/5060
f 4955/4955 5060/5060 5059/5059
f 4956/4956 4957/4957 5061/5061
f 4956/4956 5061/5061 5060/5060
f 4957/4957 4958/4958 5062/5062
f 4957/4957 5062/5062 5061/5061
f 4958/4958 4959/4959 5063/5063
f 4958/4958 5063/5063 5062/5062
f 4959/4959 4960/4960 5064/5064
f 4959/4959 5064/5064 5063/5063
f 4960/4960 4961/4961 5065/5065
f 4960/4960 5065/5065 5064/5064
f 4961/4961 4962/4962 5066/5066
f 4961/4961 5066/5066 5065/5065
f 4962/4962 4963/4963 5067/5067
f 4962/4962 5067/5067 5066/5066
f 4963/4963 4964/4964 5068/5068
f 4963/4963 5068/5068 5067/5067
f 4964/4964 4965/4965 5069/5069
f 4964/4964 5069/5069 5068/5068
f 4965/4965 4966/4966 5070/5070
f 4965/4965 5070/5070 5069/5069
f 4966/4966 4967/4967 5071/5071
f 4966/4966 5071/5071 5070/5070
f 4967/4967 4968/4968 5072/5072
f 4967/4967 5072/5072 5071/5071
f 4968/4968 4969/4969 5073/5073
f 4968/4968 5073/5073 5072/5072
f 4969/4969 4970/4970 5074/5074
f 4969/4969 5074/5074 5073/5073
f 4970/4970 4971/4971 5075/5075
f 4970/4970 5075/5075 5074/5074
f 4971/4971 4972/4972 5076/5076
f 4971/4971 5076/5076 5075/5075
f 4972/4972 4973/4973 5077/5077
f 4972/4972 5077/5077 5076/5076
f 4973/4973 4974/4974 5078/5078
f 4973/4973 5078/5078 5077/5077
f 4974/4974 4975/4975 5079/5079
f 4974/4974 5079/5079 5078/5078
f 4975/4975 4976/4976 5080/5080
f 4975/4975 5080/5080 5079/5079
f 4976/4976 4977/4977 5081/5081
f 4976/4976 5081/5081 5080/5080
f 4977/4977 4978/4978 5082/5082
f 4977/4977 5082/5082 5081/5081
f 4978/4978 4979/4979 5083/5083
f 4978/4978 5083/5083 5082/5082
f 4979/4979 4980/4980 5084/5084
f 4979/4979 5084/5084 5083/5083
f 4980/4980 4981/4981 5085/5085
f 4980/4980 5085/5085 5084/5084
f 4981/4981 4982/4982 5086/5086
f 4981/4981 5086/5086 5085/5085
f 4982/4982 4983/4983 5087/5087
f 4982/4982 5087/5087 5086/5086
f 4983/4983 4984/4984 5088/5088
f 4983/4983 5088/5088 5087/5087
f 4984/4984 4985/4985 5089/5089
f 4984/4984 5089/5089 5088/5088
f 4985/4985 4986/4986 5090/5090
f 4985/4985 5090/5090 5089/5089
f 4986/4986 4987/4987 5091/5091
f 4986/4986 5091/5091 5090/5090
f 4987/4987 4988/4988 5092/5092
f 4987/4987 5092/5092 5091/5091
f 4988/4988 4989/4989 5093/5093
f 4988/4988 5093/5093 5092/5092
f 4989/4989 4990/4990 5094/5094
f 4989/4989 5094/5094 5093/5093
f 4990/4990 4991/4991 5095/5095
f 4990/4990 5095/5095 5094/5094
f 4991/4991 4992/4992 5096/5096
f 4991/4991 5096/5096 5095/5095
f 4992/4992 4993/4993 5097/5097
f 4992/4992 5097/5097 5096/5096
f 4993/4993 4994/4994 5098/5098
f 4993/4993 5098/5098 5097/5097
f 4994/4994 4995/4995 5099/5099
f 4994/4994 5099/5099 5098/5098
f 4995/4995 4996/4996 5100/5100
f 4995/4995 5100/5100 5099/5099
f 4996/4996 4997/4997 5101/5101
f 4996/4996 5101/5101 5100/5100
f 4997/4997 4998/4998 5102/5102
f 4997/4997 5102/5102 5101/5101
f 4998/4998 4999/4999 5103/5103
f 4998/4998 5103/5103 5102/5102
f 4999/4999 5000/5000 5104/5104
f 4999/4999 5104/5104 5103/5103
f 5000/5000 5001/5001 5105/5105
f 5000/5000 5105/5105 5104/5104
f 5001/5001 5002/5002 5106/5106
f 5001/5001 5106/5106 5105/5105
f 5002/5002 5003/5003 5107/5107
f 5002/5002 5107/5107 5106/5106
f 5003/5003 5004/5004 5108/5108
f 5003/5003 5108/5108 5107/5107
f 5004/5004 5005/5005 5109/5109
f 5004/5004 5109/5109 5108/5108
f 5011/5011 5012/5012 5111/5111
f 5011/5011 5111/5111 5110/5110
f 5012/5012 5013/5013 5112/5112
f 5012/5012 5112/5112 5111/5111
f 5013/5013 5014/5014 5113/5113
f 5013/5013 5113/5113 5112/5112
f 5014/5014 5015/5015 5114/5114
f 5014/5014 5114/5114 5113/5113
f 5015/5015 5016/5016 5115/5115
f 5015/5015 5115/5115 5114/5114
f 5016/5016 5017/5017 5116/5116
f 5016/5016 5116/5116 5115/5115
f 5017/5017 5018/5018 5117/5117
f 5017/5017 5117/5117 5116/5116
f 5018/5018 5019/5019 5118/5118
f 5018/5018 5118/5118 5117/5117
f 5019/5019 5020/5020 5119/5119
f 5019/5019 5119/5119 5118/5118
f 5020/5020 5021/5021 5120/5120
f 5020/5020 5120/5120 5119/5119
f 5021/5021 5022/5022 5121/5121
f 5021/5021 5121/5121 5120/5120
f 5022/5022 5023/5023 5122/5122
f 5022/5022 5122/5122 5121/5121
f 5023/5023 5024/5024 5123/5123
f 5023/5023 5123/5123 5122/5122
f 5024/5024 5025/5025 5124/5124
f 5024/5024 5124/5124 5123/5123
f 5025/5025 5026/5026 5125/5125
f 5025/5025 5125/5125 5124/5124
f 5026/5026 5027/5027 5126/5126
f 5026/5026 5126/5126 5125/5125
f 5027/5027 5028/5028 5127/5127
f 5027/5027 5127/5127 5126/5126
f 5028/5028 5029/5029 5128/5128
f 5028/5028 5128/5128 5127/5127
f 5029/5029 5030/5030 5129/5129
f 5029/5029 5129/5129 5128/5128
f 5030/5030 5031/5031 5130/5130
f 5030/5030 5130/5130 5129/5129
f 5031/5031 5032/5032 5131/5131
f 5031/5031 5131/5131 5130/5130
f 5032/5032 5033/5033 5132/5132
f 5032/5032 5132/5132 5131/5131
f 5033/5033 5034/5034 5133/5133
f 5033/5033 5133/5133 5132/5132
f 5034/5034 5035/5035 5134/5134
f 5034/5034 5134/5134 5133/5133
f 5035/5035 5036/5036 5135/5135
f 5035/5035 5135/5135 5134/5134
f 5036/5036 5037/5037 5136/5136
f 5036/5036 5136/5136 5135/5135
f 5037/5037 5038/5038 5137/5137
f 5037/5037 5137/5137 5136/5136
f 5038/5038 5039/5039 5138/5138
f 5038/5038 5138/5138 5137/5137
f 5039/5039 5040/5040 5139/5139
f 5039/5039 5139/5139 5138/5138
f 5040/5040 5041/5041 5140/5140
f 5040/5040 5140/5140 5139/5139
f 5041/5041 5042/5042 5141/5141
f 5041/5041 5141/5141 5140/5140
f 5042/5042 5043/5043 5142/5142
f 5042/5042 5142/5142 5141/5141
f 5043/5043 5044/5044 5143/5143
f 5043/5043 5143/5143 5142/5142
f 5044/5044 5045/5045 5144/5144
f 5044/5044 5144/5144 5143/5143
f 5045/5045 5046/5046 5145/5145
f 5045/5045 5145/5145 5144/5144
f 5046/5046 5047/5047 5146/5146
f 5046/5046 5146/5146 5145/5145
f 5047/5047 5048/5048 5147/5147
f 5047/5047 5147/5147 5146/5146
f 5048/5048 5049/5049 5148/5148
f 5048/5048 5148/5148 5147/5147
f 5049/5049 5050/5050 5149/5149
f 5049/5049 5149/5149 5148/5148
f 5050/5050 5051/5051 5150/5150
f 5050/5050 5150/5150 5149/5149
f 5051/5051 5052/5052 5151/5151
f 5051/5051 5151/5151 5150/5150
f 5052/5052 5053/5053 5152/5152
f 5052/5052 5152/5152 5151/5151
f 5053/5053 5054/5054 5153/5153
f 5053/5053 5153/5153 5152/5152
f 5054/5054 5055/5055 5154/5154
f 5054/5054 5154/5154 5153/5153
f 5055/5055 5056/5056 5155/5155
f 5055/5055 5155/5155 5154/5154
f 5056/5056 5057/5057 5156/5156
f 5056/5056 5156/5156 5155/5155
f 5057/5057 5058/5058 5157/5157
f 5057/5057 5157/5157 5156/5156
f 5058/5058 5059/5059 5158/5158
f 5058/5058 5158/5158 5157/5157
f 5059/5059 5060/5060 5159/5159
f 5059/5059 5159/5159 5158/5158
f 5060/5060 5061/5061 5160/5160
f 5060/5060 5160/5160 5159/5159
f 5061/5061 5062/5062 5161/5161
f 5061/5061 5161/5161 5160/5160
f 5062/5062 5063/5063 5162/5162
f 5062/5062 5162/5162 5161/5161
f 5063/5063 5064/5064 5163/5163
f 5063/5063 5163/5163 5162/5162
f 5064/5064 5065/5065 5164/5164
f 5064/5064 5164/5164 5163/5163
f 5065/5065 5066/5066 5165/5165
f 5065/5065 5165/5165 5164/5164
f 5066/5066 5067/5067 5166/5166
f 5066/5066 5166/5166 5165/5165
f 5067/5067 5068/5068 5167/5167
f 5067/5067 5167/5167 5166/5166
f 5068/5068 5069/5069 5168/5168
f 5068/5068 5168/5168 5167/5167
f 5069/5069 5070/5070 5169/5169
f 5069/5069 5169/5169 5168/5168
f 5070/5070 5071/5071 5170/5170
f 5070/5070 5170/5170 5169/5169
f 5071/5071 5072/5072 5171/5171
f 5071/5071 5171/5171 5170/5170
f 5072/5072 5073/5073 5172/5172
f 5072/5072 5172/5172 5171/5171
f 5073/5073 5074/5074 5173/5173
f 5073/5073 5173/5173 5172/5172
f 5074/5074 5075/5075 5174/5174
f 5074/5074 5174/5174 5173/5173
f 5075/5075 5076/5076 5175/5175
f 5075/5075 5175/5175 5174/5174
f 5076/5076 5077/5077 5176/5176
f 5076/5076 5176/5176 5175/5175
f 5077/5077 5078/5078 5177/5177
f 5077/5077 5177/5177 5176/5176
f 5078/5078 5079/5079 5178/5178
f 5078/5078 5178/5178 5177/5177
f 5079/5079 5080/5080 5179/5179
f 5079/5079 5179/5179 5178/5178
f 5080/5080 5081/5081 5180/5180
f 5080/5080 5180/5180 5179/5179
f 5081/5081 5082/5082 5181/5181
f 5081/5081 5181/5181 5180/5180
f 5082/5082 5083/5083 5182/5182
f 5082/5082 5182/5182 5181/5181
f 5083/5083 5084/5084 5183/5183
f 5083/5083 5183/5183 5182/5182
f 5084/5084 5085/5085 5184/5184
f 5084/5084 5184/5184 5183/5183
f 5085/5085 5086/5086 5185/5185
f 5085/5085 5185/5185 5184/5184
f 5086/5086 5087/5087 5186/5186
f 5086/5086 5186/5186 5185/5185
f 5087/5087 5088/5088 5187/5187
f 5087/5087 5187/5187 5186/5186
f 5088/5088 5089/5089 5188/5188
f 5088/5088 5188/5188 5187/5187
f 5089/5089 5090/5090 5189/5189
f 5089/5089 5189/5189 5188/5188
f 5090/5090 5091/5091 5190/5190
f 5090/5090 5190/5190 5189/5189
f 5091/5091 5092/5092 5191/5191
f 5091/5091 5191/5191 5190/5190
f 5092/5092 5093/5093 5192/5192
f 5092/5092 5192/5192 5191/5191
f 5093/5093 5094/5094 5193/5193
f 5093/5093 5193/5193 5192/5192
f 5094/5094 5095/5095 5194/5194
f 5094/5094 5194/5194 5193/5193
f 5095/5095 5096/5096 5195/5195
f 5095/5095 5195/5195 5194/5194
f 5096/5096 5097/5097 5196/5196
f 5096/5096 5196/5196 5195/5195
f 5097/5097 5098/5098 5197/5197
f 5097/5097 5197/5197 5196/5196
f 5098/5098 5099/5099 5198/5198
f 5098/5098 5198/5198 5197/5197
f 5099/5099 5100/5100 5199/5199
f 5099/5099 5199/5199 5198/5198
f 5100/5100 5101/5101 5200/5200
f 5100/5100 5200/5200 5199/5199
f 5101/5101 5102/5102 5201/5201
f 5101/5101 5201/5201 5200/5200
f 5102/5102 5103/5103 5202/5202
f 5102/5102 5202/5202 5201/5201
f 5103/5103 5104/5104 5203/5203
f 5103/5103 5203/5203 5202/5202
f 5104/5104 5105/5105 5204/5204
f 5104/5104 5204/5204 5203/5203
f 5105/5105 5106/5106 5205/5205
f 5105/5105 5205/5205 5204/5204
f 5106/5106 5107/5107 5206/5206
f 5106/5106 5206/5206 5205/5205
f 5107/5107 5108/5108 5207/5207
f 5107/5107 5207/5207 5206/5206
f 5108/5108 5109/5109 5208/5208
f 5108/5108 5208/5208 5207/5207
f 5112/5112 5113/5113 5211/5211
f 5112/5112 5211/5211 5210/5210
f 5113/5113 5114/5114 5212/5212
f 5113/5113 5212/5212 5211/5211
f 5114/5114 5115/5115 5213/5213
f 5114/5114 5213/5213 5212/5212
f 5115/5115 5116/5116 5214/5214
f 5115/5115 5214/5214 5213/5213
f 5116/5116 5117/5117 5215/5215
f 5116/5116 5215/5215 5214/5214
f 5117/5117 5118/5118 5216/5216
f 5117/5117 5216/5216 5215/5215
f 5118/5118 5119/5119 5217/5217
f 5118/5118 5217/5217 5216/5216
f 5119/5119 5120/5120 5218/5218
f 5119/5119 5218/5218 5217/5217
f 5120/5120 5121/5121 5219/5219
f 5120/5120 5219/5219 5218/5218
f 5121/5121 5122/5122 5220/5220
f 5121/5121 5220/5220 5219/5219
f 5122/5122 5123/5123 5221/5221
f 5122/5122 5221/5221 5220/5220
f 5123/5123 5124/5124 5222/5222
f 5123/5123 5222/5222 5221/5221
f 5124/5124 5125/5125 5223/5223
f 5124/5124 5223/5223 5222/5222
f 5125/5125 5126/5126 5224/5224
f 5125/5125 5224/5224 5223/5223
f 5126/5126 5127/5127 5225/5225
f 5126/5126 5225/5225 5224/5224
f 5127/5127 5128/5128 5226/5226
f 5127/5127 5226/5226 5225/5225
f 5128/5128 5129/5129 5227/5227
f 5128/5128 5227/5227 5226/5226
f 5129/5129 5130/5130 5228/5228
f 5129/5129 5228/5228 5227/5227
f 5130/5130 5131/5131 5229/5229
f 5130/5130 5229/5229 5228/5228
f 5131/5131 5132/5132 5230/5230
f 5131/5131 5230/5230 5229/5229
f 5132/5132 5133/5133 5231/5231
f 5132/5132 5231/5231 5230/5230
f 5133/5133 5134/5134 5232/5232
f 5133/5133 5232/5232 5231/5231
f 5134/5134 5135/5135 5233/5233
f 5134/5134 5233/5233 5232/5232
f 5135/5135 5136/5136 5234/5234
f 5135/5135 5234/5234 5233/5233
f 5136/5136 5137/5137 5235/5235
f 5136/5136 5235/5235 5234/5234
f 5137/5137 5138/5138 5236/5236
f 5137/5137 5236/5236 5235/5235
f 5138/5138 5139/5139 5237/5237
f 5138/5138 5237/5237 5236/5236
f 5139/5139 5140/5140 5238/5238
f 5139/5139 5238/5238 5237/5237
f 5140/5140 5141/5141 5239/5239
f 5140/5140 5239/5239 5238/5238
f 5141/5141 5142/5142 5240/5240
f 5141/5141 5240/5240 5239/5239
f 5142/5142 5143/5143 5241/5241
f 5142/5142 5241/5241 5240/5240
f 5143/5143 5144/5144 5242/5242
f 5143/5143 5242/5242 5241/5241
f 5144/5144 5145/5145 5243/5243
f 5144/5144 5243/5243 5242/5242
f 5145/5145 5146/5146 5244/5244
f 5145/5145 5244/5244 5243/5243
f 5146/5146 5147/5147 5245/5245
f 5146/5146 5245/5245 5244/5244
f 5147/5147 5148/5148 5246/5246
f 5147/5147 5246/5246 5245/5245
f 5148/5148 5149/5149 5247/5247
f 5148/5148 5247/5247 5246/5246
f 5149/5149 5150/5150 5248/5248
f 5149/5149 5248/5248 5247/5247
f 5150/5150 5151/5151 5249/5249
f 5150/5150 5249/5249 5248/5248
f 5151/5151 5152/5152 5250/5250
f 5151/5151 5250/5250 5249/5249
f 5152/5152 5153/5153 5251/5251
f 5152/5152 5251/5251 5250/5250
f 5153/5153 5154/5154 5252/5252
f 5153/5153 5252/5252 5251/5251
f 5154/5154 5155/5155 5253/5253
f 5154/5154 5253/5253 5252/5252
f 5155/5155 5156/5156 5254/5254
f 5155/5155 5254/5254 5253/5253
f 5156/5156 5157/5157 5255/5255
f 5156/5156 5255/5255 5254/5254
f 5157/5157 5158/5158 5256/5256
f 5157/5157 5256/5256 5255/5255
f 5158/5158 5159/5159 5257/5257
f 5158/5158 5257/5257 5256/5256
f 5159/5159 5160/5160 5258/5258
f 5159/5159 5258/5258 5257/5257
f 5160/5160 5161/5161 5259/5259
f 5160/5160 5259/5259 5258/5258
f 5161/5161 5162/5162 5260/5260
f 5161/5161 5260/5260 5259/5259
f 5162/5162 5163/5163 5261/5261
f 5162/5162 5261/5261 5260/5260
f 5163/5163 5164/5164 5262/5262
f 5163/5163 5262/5262 5261/5261
f 5164/5164 5165/5165 5263/5263
f 5164/5164 5263/5263 5262/5262
f 5165/5165 5166/5166 5264/5264
f 5165/5165 5264/5264 5263/5263
f 5166/5166 5167/5167 5265/5265
f 5166/5166 5265/5265 5264/5264
f 5167/5167 5168/5168 5266/5266
f 5167/5167 5266/5266 5265/5265
f 5168/5168 5169/5169 5267/5267
f 5168/5168 5267/5267 5266/5266
f 5169/5169 5170/5170 5268/5268
f 5169/5169 5268/5268 5267/5267
f 5170/5170 5171/5171 5269/5269
f 5170/5170 5269/5269 5268/5268
f 5171/5171 5172/5172 5270/5270
f 5171/5171 5270/5270 5269/5269
f 5172/5172 5173/5173 5271/5271
f 5172/5172 5271/5271 5270/5270
f 5173/5173 5174/5174 5272/5272
f 5173/5173 5272/5272 5271/5271
f 5174/5174 5175/5175 5273/5273
f 5174/5174 5273/5273 5272/5272
f 5175/5175 5176/5176 5274/5274
f 5175/5175 5274/5274 5273/5273
f 5176/5176 5177/5177 5275/5275
f 5176/5176 5275/5275 5274/5274
f 5177/5177 5178/5178 5276/5276
f 5177/5177 5276/5276 5275/5275
f 5178/5178 5179/5179 5277/5277
f 5178/5178 5277/5277 5276/5276
f 5179/5179 5180/5180 5278/5278
f 5179/5179 5278/5278 5277/5277
f 5180/5180 5181/5181 5279/5279
f 5180/5180 5279/5279 5278/5278
f 5181/5181 5182/5182 5280/5280
f 5181/5181 5280/5280 5279/5279
f 5182/5182 5183/5183 5281/5281
f 5182/5182 5281/5281 5280/5280
f 5183/5183 5184/5184 5282/5282
f 5183/5183 5282/5282 5281/5281
f 5184/5184 5185/5185 5283/5283
f 5184/5184 5283/5283 5282/5282
f 5185/5185 5186/5186 5284/5284
f 5185/5185 5284/5284 5283/5283
f 5186/5186 5187/5187 5285/5285
f 5186/5186 5285/5285 5284/5284
f 5187/5187 5188/5188 5286/5286
f 5187/5187 5286/5286 5285/5285
f 5188/5188 5189/5189 5287/5287
f 5188/5188 5287/5287 5286/5286
f 5189/5189 5190/5190 5288/5288
f 5189/5189 5288/5288 5287/5287
f 5190/5190 5191/5191 5289/5289
f 5190/5190 5289/5289 5288/5288
f 5191/5191 5192/5192 5290/5290
f 5191/5191 5290/5290 5289/5289
f 5192/5192 5193/5193 5291/5291
f 5192/5192 5291/5291 5290/5290
f 5193/5193 5194/5194 5292/5292
f 5193/5193 5292/5292 5291/5291
f 5194/5194 5195/5195 5293/5293
f 5194/5194 5293/5293 5292/5292
f 5195/5195 5196/5196 5294/5294
f 5195/5195 5294/5294 5293/5293
f 5196/5196 5197/5197 5295/5295
f 5196/5196 5295/5295 5294/5294
f 5197/5197 5198/5198 5296/5296
f 5197/5197 5296/5296 5295/5295
f 5198/5198 5199/5199 5297/5297
f 5198/5198 5297/5297 5296/5296
f 5199/5199 5200/5200 5298/5298
f 5199/5199 5298/5298 5297/5297
f 5200/5200 5201/5201 5299/5299
f 5200/5200 5299/5299 5298/5298
f 5201/5201 5202/5202 5300/5300
f 5201/5201 5300/5300 5299/5299
f 5202/5202 5203/5203 5301/5301
f 5202/5202 5301/5301 5300/5300
f 5203/5203 5204/5204 5302/5302
f 5203/5203 5302/5302 5301/5301
f 5204/5204 5205/5205 5303/5303
f 5204/5204 5303/5303 5302/5302
f 5205/5205 5206/5206 5304/5304
f 5205/5205 5304/5304 5303/5303
f 5206/5206 5207/5207 5305/5305
f 5206/5206 5305/5305 5304/5304
f 5207/5207 5208/5208 5306/5306
f 5207/5207 5306/5306 5305/5305
f 5208/5208 5209/5209 5307/5307
f 5208/5208 5307/5307 5306/5306
f 5214/5214 5215/5215 5309/5309
f 5214/5214 5309/5309 5308/5308
f 5215/5215 5216/5216 5310/5310
f 5215/5215 5310/5310 5309/5309
f 5216/5216 5217/5217 5311/5311
f 5216/5216 5311/5311 5310/5310
f 5217/5217 5218/5218 5312/5312
f 5217/5217 5312/5312 5311/5311
f 5218/5218 5219/5219 5313/5313
f 5218/5218 5313/5313 5312/5312
f 5219/5219 5220/5220 5314/5314
f 5219/5219 5314/5314 5313/5313
f 5220/5220 5221/5221 5315/5315
f 5220/5220 5315/5315 5314/5314
f 5221/5221 5222/5222 5316/5316
f 5221/5221 5316/5316 5315/5315
f 5222/5222 5223/5223 5317/5317
f 5222/5222 5317/5317 5316/5316
f 5223/5223 5224/5224 5318/5318
f 5223/5223 5318/5318 5317/5317
f 5224/5224 5225/5225 5319/5319
f 5224/5224 5319/5319 5318/5318
f 5225/5225 5226/5226 5320/5320
f 5225/5225 5320/5320 5319/5319
f 5226/5226 5227/5227 5321/5321
f 5226/5226 5321/5321 5320/5320
f 5227/5227 5228/5228 5322/5322
f 5227/5227 5322/5322 5321/5321
f 5228/5228 5229/5229 5323/5323
f 5228/5228 5323/5323 5322/5322
f 5229/5229 5230/5230 5324/5324
f 5229/5229 5324/5324 5323/5323
f 5230/5230 5231/5231 5325/5325
f 5230/5230 5325/5325 5324/5324
f 5231/5231 5232/5232 5326/5326
f 5231/5231 5326/5326 5325/5325
f 5232/5232 5233/5233 5327/5327
f 5232/5232 5327/5327 5326/5326
f 5233/5233 5234/5234 5328/5328
f 5233/5233 5328/5328 5327/5327
f 5234/5234 5235/5235 5329/5329
f 5234/5234 5329/5329 5328/5328
f 5235/5235 5236/5236 5330/5330
f 5235/5235 5330/5330 5329/5329
f 5236/5236 5237/5237 5331/5331
f 5236/5236 5331/5331 5330/5330
f 5237/5237 5238/5238 5332/5332
f 5237/5237 5332/5332 5331/5331
f 5238/5238 5239/5239 5333/5333
f 5238/5238 5333/5333 5332/5332
f 5239/5239 5240/5240 5334/5334
f 5239/5239 5334/5334 5333/5333
f 5240/5240 5241/5241 5335/5335
f 5240/5240 5335/5335 5334/5334
f 5241/5241 5242/5242 5336/5336
f 5241/5241 5336/5336 5335/5335
f 5242/5242 5243/5243 5337/5337
f 5242/5242 5337/5337 5336/5336
f 5243/5243 5244/5244 5338/5338
f 5243/5243 5338/5338 5337/5337
f 5244/5244 5245/5245 5339/5339
f 5244/5244 5339/5339 5338/5338
f 5245/5245 5246/5246 5340/5340
f 5245/5245 5340/5340 5339/5339
f 5246/5246 5247/5247 5341/5341
f 5246/5246 5341/5341 5340/5340
f 5247/5247 5248/5248 5342/5342
f 5247/5247 5342/5342 5341/5341
f 5248/5248 5249/5249 5343/5343
f 5248/5248 5343/5343 5342/5342
f 5249/5249 5250/5250 5344/5344
f 5249/5249 5344/5344 5343/5343
f 5250/5250 5251/5251 5345/5345
f 5250/5250 5345/5345 5344/5344
f 5251/5251 5252/5252 5346/5346
f 5251/5251 5346/5346 5345/5345
f 5252/5252 5253/5253 5347/5347
f 5252/5252 5347/5347 5346/5346
f 5253/5253 5254/5254 5348/5348
f 5253/5253 5348/5348 5347/5347
f 5254/5254 5255/5255 5349/5349
f 5254/5254 5349/5349 5348/5348
f 5255/5255 5256/5256 5350/5350
f 5255/5255 5350/5350 5349/5349
f 5256/5256 5257/5257 5351/5351
f 5256/5256 5351/5351 5350/5350
f 5257/5257 5258/5258 5352/5352
f 5257/5257 5352/5352 5351/5351
f 5258/5258 5259/5259 5353/5353
f 5258/5258 5353/5353 5352/5352
f 5259/5259 5260/5260 5354/5354
f 5259/5259 5354/5354 5353/5353
f 5260/5260 5261/5261 5355/5355
f 5260/5260 5355/5355 5354/5354
f 5261/5261 5262/5262 5356/5356
f 5261/5261 5356/5356 5355/5355
f 5262/5262 5263/5263 5357/5357
f 5262/5262 5357/5357 5356/5356
f 5263/5263 5264/5264 5358/5358
f 5263/5263 5358/5358 5357/5357
f 5264/5264 5265/5265 5359/5359
f 5264/5264 5359/5359 5358/5358
f 5265/5265 5266/5266 5360/5360
f 5265/5265 5360/5360 5359/5359
f 5266/5266 5267/5267 5361/5361
f 5266/5266 5361/5361 5360/5360
f 5267/5267 5268/5268 5362/5362
f 5267/5267 5362/5362 5361/5361
f 5268/5268 5269/5269 5363/5363
f 5268/5268 5363/5363 5362/5362
f 5269/5269 5270/5270 5364/5364
f 5269/5269 5364/5364 5363/5363
f 5270/5270 5271/5271 5365/5365
f 5270/5270 5365/5365 5364/5364
f 5271/5271 5272/5272 5366/5366
f 5271/5271 5366/5366 5365/5365
f 5272/5272 5273/5273 5367/5367
f 5272/5272 5367/5367 5366/5366
f 5273/5273 5274/5274 5368/5368
f 5273/5273 5368/5368 5367/5367
f 5274/5274 5275/5275 5369/5369
f 5274/5274 5369/5369 5368/5368
f 5275/5275 5276/5276 5370/5370
f 5275/5275 5370/5370 5369/5369
f 5276/5276 5277/5277 5371/5371
f 5276/5276 5371/5371 5370/5370
f 5277/5277 5278/5278 5372/5372
f 5277/5277 5372/5372 5371/5371
f 5278/5278 5279/5279 5373/5373
f 5278/5278 5373/5373 5372/5372
f 5279/5279 5280/5280 5374/5374
f 5279/5279 5374/5374 5373/5373
f 5280/5280 5281/5281 5375/5375
f 5280/5280 5375/5375 5374/5374
f 5281/5281 5282/5282 5376/5376
f 5281/5281 5376/5376 5375/5375
f 5282/5282 5283/5283 5377/5377
f 5282/5282 5377/5377 5376/5376
f 5283/5283 5284/5284 5378/5378
f 5283/5283 5378/5378 5377/5377
f 5284/5284 5285/5285 5379/5379
f 5284/5284 5379/5379 5378/5378
f 5285/5285 5286/5286 5380/5380
f 5285/5285 5380/5380 5379/5379
f 5286/5286 5287/5287 5381/5381
f 5286/5286 5381/5381 5380/5380
f 5287/5287 5288/5288 5382/5382
f 5287/5287 5382/5382 5381/5381
f 5288/5288 5289/5289 5383/5383
f 5288/5288 5383/5383 5382/5382
f 5289/5289 5290/5290 5384/5384
f 5289/5289 5384/5384 5383/5383
f 5290/5290 5291/5291 5385/5385
f 5290/5290 5385/5385 5384/5384
f 5291/5291 5292/5292 5386/5386
f 5291/5291 5386/5386 5385/5385
f 5292/5292 5293/5293 5387/5387
f 5292/5292 5387/5387 5386/5386
f 5293/5293 5294/5294 5388/5388
f 5293/5293 5388/5388 5387/5387
f 5294/5294 5295/5295 5389/5389
f 5294/5294 5389/5389 5388/5388
f 5295/5295 5296/5296 5390/5390
f 5295/5295 5390/5390 5389/5389
f 5296/5296 5297/5297 5391/5391
f 5296/5296 5391/5391 5390/5390
f 5297/5297 5298/5298 5392/5392
f 5297/5297 5392/5392 5391/5391
f 5298/5298 5299/5299 5393/5393
f 5298/5298 5393/5393 5392/5392
f 5299/5299 5300/5300 5394/5394
f 5299/5299 5394/5394 5393/5393
f 5300/5300 5301/5301 5395/5395
f 5300/5300 5395/5395 5394/5394
f 5301/5301 5302/5302 5396/5396
f 5301/5301 5396/5396 5395/5395
f 5302/5302 5303/5303 5397/5397
f 5302/5302 5397/5397 5396/5396
f 5303/5303 5304/5304 5398/5398
f 5303/5303 5398/5398 5397/5397
f 5304/5304 5305/5305 5399/5399
f 5304/5304 5399/5399 5398/5398
f 5305/5305 5306/5306 5400/5400
f 5305/5305 5400/5400 5399/5399
f 5310/5310 5311/5311 5402/5402
f 5310/5310 5402/5402 5401/5401
f 5311/5311 5312/5312 5403/5403
f 5311/5311 5403/5403 5402/5402
f 5312/5312 5313/5313 5404/5404
f 5312/5312 5404/5404 5403/5403
f 5313/5313 5314/5314 5405/5405
f 5313/5313 5405/5405 5404/5404
f 5314/5314 5315/5315 5406/5406
f 5314/5314 5406/5406 5405/5405
f 5315/5315 5316/5316 5407/5407
f 5315/5315 5407/5407 5406/5406
f 5316/5316 5317/5317 5408/5408
f 5316/5316 5408/5408 5407/5407
f 5317/5317 5318/5318 5409/5409
f 5317/5317 5409/5409 5408/5408
f 5318/5318 5319/5319 5410/5410
f 5318/5318 5410/5410 5409/5409
f 5319/5319 5320/5320 5411/5411
f 5319/5319 5411/5411 5410/5410
f 5320/5320 5321/5321 5412/5412
f 5320/5320 5412/5412 5411/5411
f 5321/5321 5322/5322 5413/5413
f 5321/5321 5413/5413 5412/5412
f 5322/5322 5323/5323 5414/5414
f 5322/5322 5414/5414 5413/5413
f 5323/5323 5324/5324 5415/5415
f 5323/5323 5415/5415 5414/5414
f 5324/5324 5325/5325 5416/5416
f 5324/5324 5416/5416 5415/5415
f 5325/5325 5326/5326 5417/5417
f 5325/5325 5417/5417 5416/5416
f 5326/5326 5327/5327 5418/5418
f 5326/5326 5418/5418 5417/5417
f 5327/5327 5328/5328 5419/5419
f 5327/5327 5419/5419 5418/5418
f 5328/5328 5329/5329 5420/5420
f 5328/5328 5420/5420 5419/5419
f 5329/5329 5330/5330 5421/5421
f 5329/5329 5421/5421 5420/5420
f 5330/5330 5331/5331 5422/5422
f 5330/5330 5422/5422 5421/5421
f 5331/5331 5332/5332 5423/5423
f 5331/5331 5423/5423 5422/5422
f 5332/5332 5333/5333 5424/5424
f 5332/5332 5424/5424 5423/5423
f 5333/5333 5334/5334 5425/5425
f 5333/5333 5425/5425 5424/5424
f 5334/5334 5335/5335 5426/5426
f 5334/5334 5426/5426 5425/5425
f 5335/5335 5336/5336 5427/5427
f 5335/5335 5427/5427 5426/5426
f 5336/5336 5337/5337 5428/5428
f 5336/5336 5428/5428 5427/5427
f 5337/5337 5338/5338 5429/5429
f 5337/5337 5429/5429 5428/5428
f 5338/5338 5339/5339 5430/5430
f 5338/5338 5430/5430 5429/5429
f 5339/5339 5340/5340 5431/5431
f 5339/5339 5431/5431 5430/5430
f 5340/5340 5341/5341 5432/5432
f 5340/5340 5432/5432 5431/5431
f 5341/5341 5342/5342 5433/5433
f 5341/5341 5433/5433 5432/5432
f 5342/5342 5343/5343 5434/5434
f 5342/5342 5434/5434 5433/5433
f 5343/5343 5344/5344 5435/5435
f 5343/5343 5435/5435 5434/5434
f 5344/5344 5345/5345 5436/5436
f 5344/5344 5436/5436 5435/5435
f 5345/5345 5346/5346 5437/5437
f 5345/5345 5437/5437 5436/5436
f 5346/5346 5347/5347 5438/5438
f 5346/5346 5438/5438 5437/5437
f 5347/5347 5348/5348 5439/5439
f 5347/5347 5439/5439 5438/5438
f 5348/5348 5349/5349 5440/5440
f 5348/5348 5440/5440 5439/5439
f 5349/5349 5350/5350 5441/5441
f 5349/5349 5441/5441 5440/5440
f 5350/5350 5351/5351 5442/5442
f 5350/5350 5442/5442 5441/5441
f 5351/5351 5352/5352 5443/5443
f 5351/5351 5443/5443 5442/5442
f 5352/5352 5353/5353 5444/5444
f 5352/5352 5444/5444 5443/5443
f 5353/5353 5354/5354 5445/5445
f 5353/5353 5445/5445 5444/5444
f 5354/5354 5355/5355 5446/5446
f 5354/5354 5446/5446 5445/5445
f 5355/5355 5356/5356 5447/5447
f 5355/5355 5447/5447 5446/5446
f 5356/5356 5357/5357 5448/5448
f 5356/5356 5448/5448 5447/5447
f 5357/5357 5358/5358 5449/5449
f 5357/5357 5449/5449 5448/5448
f 5358/5358 5359/5359 5450/5450
f 5358/5358 5450/5450 5449/5449
f 5359/5359 5360/5360 5451/5451
f 5359/5359 5451/5451 5450/5450
f 5360/5360 5361/5361 5452/5452
f 5360/5360 5452/5452 5451/5451
f 5361/5361 5362/5362 5453/5453
f 5361/5361 5453/5453 5452/5452
f 5362/5362 5363/5363 5454/5454
f 5362/5362 5454/5454 5453/5453
f 5363/5363 5364/5364 5455/5455
f 5363/5363 5455/5455 5454/5454
f 5364/5364 5365/5365 5456/5456
f 5364/5364 5456/5456 5455/5455
f 5365/5365 5366/5366 5457/5457
f 5365/5365 5457/5457 5456/5456
f 5366/5366 5367/5367 5458/5458
f 5366/5366 5458/5458 5457/5457
f 5367/5367 5368/5368 5459/5459
f 5367/5367 5459/5459 5458/5458
f 5368/5368 5369/5369 5460/5460
f 5368/5368 5460/5460 5459/5459
f 5369/5369 5370/5370 5461/5461
f 5369/5369 5461/5461 5460/5460
f 5370/5370 5371/5371 5462/5462
f 5370/5370 5462/5462 5461/5461
f 5371/5371 5372/5372 5463/5463
f 5371/5371 5463/5463 5462/5462
f 5372/5372 5373/5373 5464/5464
f 5372/5372 5464/5464 5463/5463
f 5373/5373 5374/5374 5465/5465
f 5373/5373 5465/5465 5464/5464
f 5374/5374 5375/5375 5466/5466
f 5374/5374 5466/5466 5465/5465
f 5375/5375 5376/5376 5467/5467
f 5375/5375 5467/5467 5466/5466
f 5376/5376 5377/5377 5468/5468
f 5376/5376 5468/5468 5467/5467
f 5377/5377 5378/5378 5469/5469
f 5377/5377 5469/5469 5468/5468
f 5378/5378 5379/5379 5470/5470
f 5378/5378 5470/5470 5469/5469
f 5379/5379 5380/5380 5471/5471
f 5379/5379 5471/5471 5470/5470
f 5380/5380 5381/5381 5472/5472
f 5380/5380 5472/5472 5471/5471
f 5381/5381 5382/5382 5473/5473
f 5381/5381 5473/5473 5472/5472
f 5382/5382 5383/5383 5474/5474
f 5382/5382 5474/5474 5473/5473
f 5383/5383 5384/5384 5475/5475
f 5383/5383 5475/5475 5474/5474
f 5384/5384 5385/5385 5476/5476
f 5384/5384 5476/5476 5475/5475
f 5385/5385 5386/5386 5477/5477
f 5385/5385 5477/5477 5476/5476
f 5386/5386 5387/5387 5478/5478
f 5386/5386 5478/5478 5477/5477
f 5387/5387 5388/5388 5479/5479
f 5387/5387 5479/5479 5478/5478
f 5388/5388 5389/5389 5480/5480
f 5388/5388 5480/5480 5479/5479
f 5389/5389 5390/5390 5481/5481
f 5389/5389 5481/5481 5480/5480
f 5390/5390 5391/5391 5482/5482
f 5390/5390 5482/5482 5481/5481
f 5391/5391 5392/5392 5483/5483
f 5391/5391 5483/5483 5482/5482
f 5392/5392 5393/5393 5484/5484
f 5392/5392 5484/5484 5483/5483
f 5393/5393 5394/5394 5485/5485
f 5393/5393 5485/5485 5484/5484
f 5394/5394 5395/5395 5486/5486
f 5394/5394 5486/5486 5485/5485
f 5395/5395 5396/5396 5487/5487
f 5395/5395 5487/5487 5486/5486
f 5396/5396 5397/5397 5488/5488
f 5396/5396 5488/5488 5487/5487
f 5403/5403 5404/5404 5490/5490
f 5403/5403 5490/5490 5489/5489
f 5404/5404 5405/5405 5491/5491
f 5404/5404 5491/5491 5490/5490
f 5405/5405 5406/5406 5492/5492
f 5405/5405 5492/5492 5491/5491
f 5406/5406 5407/5407 5493/5493
f 5406/5406 5493/5493 5492/5492
f 5407/5407 5408/5408 5494/5494
f 5407/5407 5494/5494 5493/5493
f 5408/5408 5409/5409 5495/5495
f 5408/5408 5495/5495 5494/5494
f 5409/5409 5410/5410 5496/5496
f 5409/5409 5496/5496 5495/5495
f 5410/5410 5411/5411 5497/5497
f 5410/5410 5497/5497 5496/5496
f 5411/5411 5412/5412 5498/5498
f 5411/5411 5498/5498 5497/5497
f 5412/5412 5413/5413 5499/5499
f 5412/5412 5499/5499 5498/5498
f 5413/5413 5414/5414 5500/5500
f 5413/5413 5500/5500 5499/5499
f 5414/5414 5415/5415 5501/5501
f 5414/5414 5501/5501 5500/5500
f 5415/5415 5416/5416 5502/5502
f 5415/5415 5502/5502 5501/5501
f 5416/5416 5417/5417 5503/5503
f 5416/5416 5503/5503 5502/5502
f 5417/5417 5418/5418 5504/5504
f 5417/5417 5504/5504 5503/5503
f 5418/5418 5419/5419 5505/5505
f 5418/5418 5505/5505 5504/5504
f 5419/5419 5420/5420 5506/5506
f 5419/5419 5506/5506 5505/5505
f 5420/5420 5421/5421 5507/5507
f 5420/5420 5507/5507 5506/5506
f 5421/5421 5422/5422 5508/5508
f 5421/5421 5508/5508 5507/5507
f 5422/5422 5423/5423 5509/5509
f 5422/5422 5509/5509 5508/5508
f 5423/5423 5424/5424 5510/5510
f 5423/5423 5510/5510 5509/5509
f 5424/5424 5425/5425 5511/5511
f 5424/5424 5511/5511 5510/5510
f 5425/5425 5426/5426 5512/5512
f 5425/5425 5512/5512 5511/5511
f 5426/5426 5427/5427 5513/5513
f 5426/5426 5513/5513 5512/5512
f 5427/5427 5428/5428 5514/5514
f 5427/5427 5514/5514 5513/5513
f 5428/5428 5429/5429 5515/5515
f 5428/5428 5515/5515 5514/5514
f 5429/5429 5430/5430 5516/5516
f 5429/5429 5516/5516 5515/5515
f 5430/5430 5431/5431 5517/5517
f 5430/5430 5517/5517 5516/5516
f 5431/5431 5432/5432 5518/5518
f 5431/5431 5518/5518 5517/5517
f 5432/5432 5433/5433 5519/5519
f 5432/5432 5519/5519 5518/5518
f 5433/5433 5434/5434 5520/5520
f 5433/5433 5520/5520 5519/5519
f 5434/5434 5435/5435 5521/5521
f 5434/5434 5521/5521 5520/5520
f 5435/5435 5436/5436 5522/5522
f 5435/5435 5522/5522 5521/5521
f 5436/5436 5437/5437 5523/5523
f 5436/5436 5523/5523 5522/5522
f 5437/5437 5438/5438 5524/5524
f 5437/5437 5524/5524 5523/5523
f 5438/5438 5439/5439 5525/5525
f 5438/5438 5525/5525 5524/5524
f 5439/5439 5440/5440 5526/5526
f 5439/5439 5526/5526 5525/5525
f 5440/5440 5441/5441 5527/5527
f 5440/5440 5527/5527 5526/5526
f 5441/5441 5442/5442 5528/5528
f 5441/5441 5528/5528 5527/5527
f 5442/5442 5443/5443 5529/5529
f 5442/5442 5529/5529 5528/5528
f 5443/5443 5444/5444 5530/5530
f 5443/5443 5530/5530 5529/5529
f 5444/5444 5445/5445 5531/5531
f 5444/5444 5531/5531 5530/5530
f 5445/5445 5446/5446 5532/5532
f 5445/5445 5532/5532 5531/5531
f 5446/5446 5447/5447 5533/5533
f 5446/5446 5533/5533 5532/5532
f 5447/5447 5448/5448 5534/5534
f 5447/5447 5534/5534 5533/5533
f 5448/5448 5449/5449 5535/5535
f 5448/5448 5535/5535 5534/5534
f 5449/5449 5450/5450 5536/5536
f 5449/5449 5536/5536 5535/5535
f 5450/5450 5451/5451 5537/5537
f 5450/5450 5537/5537 5536/5536
f 5451/5451 5452/5452 5538/5538
f 5451/5451 5538/5538 5537/5537
f 5452/5452 5453/5453 5539/5539
f 5452/5452 5539/5539 5538/5538
f 5453/5453 5454/5454 5540/5540
f 5453/5453 5540/5540 5539/5539
f 5454/5454 5455/5455 5541/5541
f 5454/5454 5541/5541 5540/5540
f 5455/5455 5456/5456 5542/5542
f 5455/5455 5542/5542 5541/5541
f 5456/5456 5457/5457 5543/5543
f 5456/5456 5543/5543 5542/5542
f 5457/5457 5458/5458 5544/5544
f 5457/5457 5544/5544 5543/5543
f 5458/5458 5459/5459 5545/5545
f 5458/5458 5545/5545 5544/5544
f 5459/5459 5460/5460 5546/5546
f 5459/5459 5546/5546 5545/5545
f 5460/5460 5461/5461 5547/5547
f 5460/5460 5547/5547 5546/5546
f 5461/5461 5462/5462 5548/5548
f 5461/5461 5548/5548 5547/5547
f 5462/5462 5463/5463 5549/5549
f 5462/5462 5549/5549 5548/5548
f 5463/5463 5464/5464 5550/5550
f 5463/5463 5550/5550 5549/5549
f 5464/5464 5465/5465 5551/5551
f 5464/5464 5551/5551 5550/5550
f 5465/5465 5466/5466 5552/5552
f 5465/5465 5552/5552 5551/5551
f 5466/5466 5467/5467 5553/5553
f 5466/5466 5553/5553 5552/5552
f 5467/5467 5468/5468 5554/5554
f 5467/5467 5554/5554 5553/5553
f 5468/5468 5469/5469 5555/5555
f 5468/5468 5555/5555 5554/5554
f 5469/5469 5470/5470 5556/5556
f 5469/5469 5556/5556 5555/5555
f 5470/5470 5471/5471 5557/5557
f 5470/5470 5557/5557 5556/5556
f 5471/5471 5472/5472 5558/5558
f 5471/5471 5558/5558 5557/5557
f 5472/5472 5473/5473 5559/5559
f 5472/5472 5559/5559 5558/5558
f 5473/5473 5474/5474 5560/5560
f 5473/5473 5560/5560 5559/5559
f 5474/5474 5475/5475 5561/5561
f 5474/5474 5561/5561 5560/5560
f 5475/5475 5476/5476 5562/5562
f 5475/5475 5562/5562 5561/5561
f 5476/5476 5477/5477 5563/5563
f 5476/5476 5563/5563 5562/5562
f 5477/5477 5478/5478 5564/5564
f 5477/5477 5564/5564 5563/5563
f 5478/5478 5479/5479 5565/5565
f 5478/5478 5565/5565 5564/5564
f 5479/5479 5480/5480 5566/5566
f 5479/5479 5566/5566 5565/5565
f 5480/5480 5481/5481 5567/5567
f 5480/5480 5567/5567 5566/5566
f 5481/5481 5482/5482 5568/5568
f 5481/5481 5568/5568 5567/5567
f 5482/5482 5483/5483 5569/5569
f 5482/5482 5569/5569 5568/5568
f 5483/5483 5484/5484 5570/5570
f 5483/5483 5570/5570 5569/5569
f 5492/5492 5493/5493 5572/5572
f 5492/5492 5572/5572 5571/5571
f 5493/5493 5494/5494 5573/5573
f 5493/5493 5573/5573 5572/5572
f 5494/5494 5495/5495 5574/5574
f 5494/5494 5574/5574 5573/5573
f 5495/5495 5496/5496 5575/5575
f 5495/5495 5575/5575 5574/5574
f 5496/5496 5497/5497 5576/5576
f 5496/5496 5576/5576 5575/5575
f 5497/5497 5498/5498 5577/5577
f 5497/5497 5577/5577 5576/5576
f 5498/5498 5499/5499 5578/5578
f 5498/5498 5578/5578 5577/5577
f 5499/5499 5500/5500 5579/5579
f 5499/5499 5579/5579 5578/5578
f 5500/5500 5501/5501 5580/5580
f 5500/5500 5580/5580 5579/5579
f 5501/5501 5502/5502 5581/5581
f 5501/5501 5581/5581 5580/5580
f 5502/5502 5503/5503 5582/5582
f 5502/5502 5582/5582 5581/5581
f 5503/5503 5504/5504 5583/5583
f 5503/5503 5583/5583 5582/5582
f 5504/5504 5505/5505 5584/5584
f 5504/5504 5584/5584 5583/5583
f 5505/5505 5506/5506 5585/5585
f 5505/5505 5585/5585 5584/5584
f 5506/5506 5507/5507 5586/5586
f 5506/5506 5586/5586 5585/5585
f 5507/5507 5508/5508 5587/5587
f 5507/5507 5587/5587 5586/5586
f 5508/5508 5509/5509 5588/5588
f 5508/5508 5588/5588 5587/5587
f 5509/5509 5510/5510 5589/5589
f 5509/5509 5589/5589 5588/5588
f 5510/5510 5511/5511 5590/5590
f 5510/5510 5590/5590 5589/5589
f 5511/5511 5512/5512 5591/5591
f 5511/5511 5591/5591 5590/5590
f 5512/5512 5513/5513 5592/5592
f 5512/5512 5592/5592 5591/5591
f 5513/5513 5514/5514 5593/5593
f 5513/5513 5593/5593 5592/5592
f 5514/5514 5515/5515 5594/5594
f 5514/5514 5594/5594 5593/5593
f 5515/5515 5516/5516 5595/5595
f 5515/5515 5595/5595 5594/5594
f 5516/5516 5517/5517 5596/5596
f 5516/5516 5596/5596 5595/5595
f 5517/5517 5518/5518 5597/5597
f 5517/5517 5597/5597 5596/5596
f 5518/5518 5519/5519 5598/5598
f 5518/5518 5598/5598 5597/5597
f 5519/5519 5520/5520 5599/5599
f 5519/5519 5599/5599 5598/5598
f 5520/5520 5521/5521 5600/5600
f 5520/5520 5600/5600 5599/5599
f 5521/5521 5522/5522 5601/5601
f 5521/5521 5601/5601 5600/5600
f 5522/5522 5523/5523 5602/5602
f 5522/5522 5602/5602 5601/5601
f 5523/5523 5524/5524 5603/5603
f 5523/5523 5603/5603 5602/5602
f 5524/5524 5525/5525 5604/5604
f 5524/5524 5604/5604 5603/5603
f 5525/5525 5526/5526 5605/5605
f 5525/5525 5605/5605 5604/5604
f 5526/5526 5527/5527 5606/5606
f 5526/5526 5606/5606 5605/5605
f 5527/5527 5528/5528 5607/5607
f 5527/5527 5607/5607 5606/5606
f 5528/5528 5529/5529 5608/5608
f 5528/5528 5608/5608 5607/5607
f 5529/5529 5530/5530 5609/5609
f 5529/5529 5609/5609 5608/5608
f 5530/5530 5531/5531 5610/5610
f 5530/5530 5610/5610 5609/5609
f 5531/5531 5532/5532 5611/5611
f 5531/5531 5611/5611 5610/5610
f 5532/5532 5533/5533 5612/5612
f 5532/5532 5612/5612 5611/5611
f 5533/5533 5534/5534 5613/5613
f 5533/5533 5613/5613 5612/5612
f 5534/5534 5535/5535 5614/5614
f 5534/5534 5614/5614 5613/5613
f 5535/5535 5536/5536 5615/5615
f 5535/5535 5615/5615 5614/5614
f 5536/5536 5537/5537 5616/5616
f 5536/5536 5616/5616 5615/5615
f 5537/5537 5538/5538 5617/5617
f 5537/5537 5617/5617 5616/5616
f 5538/5538 5539/5539 5618/5618
f 5538/5538 5618/5618 5617/5617
f 5539/5539 5540/5540 5619/5619
f 5539/5539 5619/5619 5618/5618
f 5540/5540 5541/5541 5620/5620
f 5540/5540 5620/5620 5619/5619
f 5541/5541 5542/5542 5621/5621
f 5541/5541 5621/5621 5620/5620
f 5542/5542 5543/5543 5622/5622
f 5542/5542 5622/5622 5621/5621
f 5543/5543 5544/5544 5623/5623
f 5543/5543 5623/5623 5622/5622
f 5544/5544 5545/5545 5624/5624
f 5544/5544 5624/5624 5623/5623
f 5545/5545 5546/5546 5625/5625
f 5545/5545 5625/5625 5624/5624
f 5546/5546 5547/5547 5626/5626
f 5546/5546 5626/5626 5625/5625
f 5547/5547 5548/5548 5627/5627
f 5547/5547 5627/5627 5626/5626
f 5548/5548 5549/5549 5628/5628
f 5548/5548 5628/5628 5627/5627
f 5549/5549 5550/5550 5629/5629
f 5549/5549 5629/5629 5628/5628
f 5550/5550 5551/5551 5630/5630
f 5550/5550 5630/5630 5629/5629
f 5551/5551 5552/5552 5631/5631
f 5551/5551 5631/5631 5630/5630
f 5552/5552 5553/5553 5632/5632
f 5552/5552 5632/5632 5631/5631
f 5553/5553 5554/5554 5633/5633
f 5553/5553 5633/5633 5632/5632
f 5554/5554 5555/5555 5634/5634
f 5554/5554 5634/5634 5633/5633
f 5555/5555 5556/5556 5635/5635
f 5555/5555 5635/5635 5634/5634
f 5556/5556 5557/5557 5636/5636
f 5556/5556 5636/5636 5635/5635
f 5557/5557 5558/5558 5637/5637
f 5557/5557 5637/5637 5636/5636
f 5558/5558 5559/5559 5638/5638
f 5558/5558 5638/5638 5637/5637
f 5559/5559 5560/5560 5639/5639
f 5559/5559 5639/5639 5638/5638
f 5560/5560 5561/5561 5640/5640
f 5560/5560 5640/5640 5639/5639
f 5561/5561 5562/5562 5641/5641
f 5561/5561 5641/5641 5640/5640
f 5562/5562 5563/5563 5642/5642
f 5562/5562 5642/5642 5641/5641
f 5563/5563 5564/5564 5643/5643
f 5563/5563 5643/5643 5642/5642
f 5564/5564 5565/5565 5644/5644
f 5564/5564 5644/5644 5643/5643
f 5565/5565 5566/5566 5645/5645
f 5565/5565 5645/5645 5644/5644
f 5566/5566 5567/5567 5646/5646
f 5566/5566 5646/5646 5645/5645
f 5575/5575 5576/5576 5648/5648
f 5575/5575 5648/5648 5647/5647
f 5576/5576 5577/5577 5649/5649
f 5576/5576 5649/5649 5648/5648
f 5577/5577 5578/5578 5650/5650
f 5577/5577 5650/5650 5649/5649
f 5578/5578 5579/5579 5651/5651
f 5578/5578 5651/5651 5650/5650
f 5579/5579 5580/5580 5652/5652
f 5579/5579 5652/5652 5651/5651
f 5580/5580 5581/5581 5653/5653
f 5580/5580 5653/5653 5652/5652
f 5581/5581 5582/5582 5654/5654
f 5581/5581 5654/5654 5653/5653
f 5582/5582 5583/5583 5655/5655
f 5582/5582 5655/5655 5654/5654
f 5583/5583 5584/5584 5656/5656
f 5583/5583 5656/5656 5655/5655
f 5584/5584 5585/5585 5657/5657
f 5584/5584 5657/5657 5656/5656
f 5585/5585 5586/5586 5658/5658
f 5585/5585 5658/5658 5657/5657
f 5586/5586 5587/5587 5659/5659
f 5586/5586 5659/5659 5658/5658
f 5587/5587 5588/5588 5660/5660
f 5587/5587 5660/5660 5659/5659
f 5588/5588 5589/5589 5661/5661
f 5588/5588 5661/5661 5660/5660
f 5589/5589 5590/5590 5662/5662
f 5589/5589 5662/5662 5661/5661
f 5590/5590 5591/5591 5663/5663
f 5590/5590 5663/5663 5662/5662
f 5591/5591 5592/5592 5664/5664
f 5591/5591 5664/5664 5663/5663
f 5592/5592 5593/5593 5665/5665
f 5592/5592 5665/5665 5664/5664
f 5593/5593 5594/5594 5666/5666
f 5593/5593 5666/5666 5665/5665
f 5594/5594 5595/5595 5667/5667
f 5594/5594 5667/5667 5666/5666
f 5595/5595 5596/5596 5668/5668
f 5595/5595 5668/5668 5667/5667
f 5596/5596 5597/5597 5669/5669
f 5596/5596 5669/5669 5668/5668
f 5597/5597 5598/5598 5670/5670
f 5597/5597 5670/5670 5669/5669
f 5598/5598 5599/5599 5671/5671
f 5598/5598 5671/5671 5670/5670
f 5599/5599 5600/5600 5672/5672
f 5599/5599 5672/5672 5671/5671
f 5600/5600 5601/5601 5673/5673
f 5600/5600 5673/5673 5672/5672
f 5601/5601 5602/5602 5674/5674
f 5601/5601 5674/5674 5673/5673
f 5602/5602 5603/5603 5675/5675
f 5602/5602 5675/5675 5674/5674
f 5603/5603 5604/5604 5676/5676
f 5603/5603 5676/5676 5675/5675
f 5604/5604 5605/5605 5677/5677
f 5604/5604 5677/5677 5676/5676
f 5605/5605 5606/5606 5678/5678
f 5605/5605 5678/5678 5677/5677
f 5606/5606 5607/5607 5679/5679
f 5606/5606 5679/5679 5678/5678
f 5607/5607 5608/5608 5680/5680
f 5607/5607 5680/5680 5679/5679
f 5608/5608 5609/5609 5681/5681
f 5608/5608 5681/5681 5680/5680
f 5609/5609 5610/5610 5682/5682
f 5609/5609 5682/5682 5681/5681
f 5610/5610 5611/5611 5683/5683
f 5610/5610 5683/5683 5682/5682
f 5611/5611 5612/5612 5684/5684
f 5611/5611 5684/5684 5683/5683
f 5612/5612 5613/5613 5685/5685
f 5612/5612 5685/5685 5684/5684
f 5613/5613 5614/5614 5686/5686
f 5613/5613 5686/5686 5685/5685
f 5614/5614 5615/5615 5687/5687
f 5614/5614 5687/5687 5686/5686
f 5615/5615 5616/5616 5688/5688
f 5615/5615 5688/5688 5687/5687
f 5616/5616 5617/5617 5689/5689
f 5616/5616 5689/5689 5688/5688
f 5617/5617 5618/5618 5690/5690
f 5617/5617 5690/5690 5689/5689
f 5618/5618 5619/5619 5691/5691
f 5618/5618 5691/5691 5690/5690
f 5619/5619 5620/5620 5692/5692
f 5619/5619 5692/5692 5691/5691
f 5620/5620 5621/5621 5693/5693
f 5620/5620 5693/5693 5692/5692
f 5621/5621 5622/5622 5694/5694
f 5621/5621 5694/5694 5693/5693
f 5622/5622 5623/5623 5695/5695
f 5622/5622 5695/5695 5694/5694
f 5623/5623 5624/5624 5696/5696
f 5623/5623 5696/5696 5695/5695
f 5624/5624 5625/5625 5697/5697
f 5624/5624 5697/5697 5696/5696
f 5625/5625 5626/5626 5698/5698
f 5625/5625 5698/5698 5697/5697
f 5626/5626 5627/5627 5699/5699
f 5626/5626 5699/5699 5698/5698
f 5627/5627 5628/5628 5700/5700
f 5627/5627 5700/5700 5699/5699
f 5628/5628 5629/5629 5701/5701
f 5628/5628 5701/5701 5700/5700
f 5629/5629 5630/5630 5702/5702
f 5629/5629 5702/5702 5701/5701
f 5630/5630 5631/5631 5703/5703
f 5630/5630 5703/5703 5702/5702
f 5631/5631 5632/5632 5704/5704
f 5631/5631 5704/5704 5703/5703
f 5632/5632 5633/5633 5705/5705
f 5632/5632 5705/5705 5704/5704
f 5633/5633 5634/5634 5706/5706
f 5633/5633 5706/5706 5705/5705
f 5634/5634 5635/5635 5707/5707
f 5634/5634 5707/5707 5706/5706
f 5635/5635 5636/5636 5708/5708
f 5635/5635 5708/5708 5707/5707
f 5636/5636 5637/5637 5709/5709
f 5636/5636 5709/5709 5708/5708
f 5673/5673 5674/5674 5711/5711
f 5673/5673 5711/5711 5710/5710
f 5674/5674 5675/5675 5712/5712
f 5674/5674 5712/5712 5711/5711
f 5675/5675 5676/5676 5713/5713
f 5675/5675 5713/5713 5712/5712
f 5676/5676 5677/5677 5714/5714
f 5676/5676 5714/5714 5713/5713
f 5677/5677 5678/5678 5715/5715
f 5677/5677 5715/5715 5714/5714
f 5678/5678 5679/5679 5716/5716
f 5678/5678 5716/5716 5715/5715
f 5679/5679 5680/5680 5717/5717
f 5679/5679 5717/5717 5716/5716
f 5680/5680 5681/5681 5718/5718
f 5680/5680 5718/5718 5717/5717
f 5681/5681 5682/5682 5719/5719
f 5681/5681 5719/5719 5718/5718
f 5682/5682 5683/5683 5720/5720
f 5682/5682 5720/5720 5719/5719
f 5683/5683 5684/5684 5721/5721
f 5683/5683 5721/5721 5720/5720
f 5684/5684 5685/5685 5722/5722
f 5684/5684 5722/5722 5721/5721
f 5690/5690 5691/5691 5724/5724
f 5690/5690 5724/5724 5723/5723
f 5691/5691 5692/5692 5725/5725
f 5691/5691 5725/5725 5724/5724
f 5692/5692 5693/5693 5726/5726
f 5692/5692 5726/5726 5725/5725
f 5693/5693 5694/5694 5727/5727
f 5693/5693 5727/5727 5726/5726
f 5694/5694 5695/5695 5728/5728
f 5694/5694 5728/5728 5727/5727
f 5695/5695 5696/5696 5729/5729
f 5695/5695 5729/5729 5728/5728
f 5696/5696 5697/5697 5730/5730
f 5696/5696 5730/5730 5729/5729
f 5697/5697 5698/5698 5731/5731
f 5697/5697 5731/5731 5730/5730
f 5698/5698 5699/5699 5732/5732
f 5698/5698 5732/5732 5731/5731
f 5699/5699 5700/5700 5733/5733
f 5699/5699 5733/5733 5732/5732
f 5700/5700 5701/5701 5734/5734
f 5700/5700 5734/5734 5733/5733
f 5701/5701 5702/5702 5735/5735
f 5701/5701 5735/5735 5734/5734
f 5702/5702 5703/5703 5736/5736
f 5702/5702 5736/5736 5735/5735
f 5703/5703 5704/5704 5737/5737
f 5703/5703 5737/5737 5736/5736
f 5704/5704 5705/5705 5738/5738
f 5704/5704 5738/5738 5737/5737
